boundary,boundary_left,boundary_right,left_index,right_index,left_filename,right_filename,sequence_gap,raw_matches,verified_inliers,inlier_ratio,qualified,selected,frontend
73-74,73,74,34,75,IMG20260826123308.jpg,IMG20260826124018.jpg,41,59,32,0.5423728813559322,1,0,aliked_lightglue
73-74,73,74,34,76,IMG20260826123308.jpg,IMG20260826124024.jpg,42,71,26,0.36619718309859156,1,0,aliked_lightglue
73-74,73,74,34,77,IMG20260826123308.jpg,IMG20260826124029.jpg,43,51,25,0.49019607843137253,1,0,aliked_lightglue
73-74,73,74,34,78,IMG20260826123308.jpg,IMG20260826124032.jpg,44,63,26,0.4126984126984127,1,0,aliked_lightglue
73-74,73,74,34,79,IMG20260826123308.jpg,IMG20260826124035.jpg,45,113,44,0.3893805309734513,1,0,aliked_lightglue
73-74,73,74,34,80,IMG20260826123308.jpg,IMG20260826124041.jpg,46,79,43,0.5443037974683544,1,0,aliked_lightglue
73-74,73,74,34,81,IMG20260826123308.jpg,IMG20260826124044.jpg,47,152,86,0.5657894736842105,1,0,aliked_lightglue
73-74,73,74,34,82,IMG20260826123308.jpg,IMG20260826124048.jpg,48,86,48,0.5581395348837209,1,0,aliked_lightglue
73-74,73,74,34,83,IMG20260826123308.jpg,IMG20260826124051.jpg,49,98,43,0.4387755102040816,1,0,aliked_lightglue
73-74,73,74,34,84,IMG20260826123308.jpg,IMG20260826124054.jpg,50,94,51,0.5425531914893617,1,0,aliked_lightglue
73-74,73,74,34,85,IMG20260826123308.jpg,IMG20260826124101.jpg,51,160,62,0.3875,1,0,aliked_lightglue
73-74,73,74,34,86,IMG20260826123308.jpg,IMG20260826124104.jpg,52,212,96,0.4528301886792453,1,0,aliked_lightglue
73-74,73,74,34,87,IMG20260826123308.jpg,IMG20260826124110.jpg,53,142,86,0.6056338028169014,1,0,aliked_lightglue
73-74,73,74,34,88,IMG20260826123308.jpg,IMG20260826124113.jpg,54,179,68,0.37988826815642457,1,0,aliked_lightglue
73-74,73,74,34,89,IMG20260826123308.jpg,IMG20260826124116.jpg,55,80,33,0.4125,1,0,aliked_lightglue
73-74,73,74,34,90,IMG20260826123308.jpg,IMG20260826124123.jpg,56,67,35,0.5223880597014925,1,0,aliked_lightglue
73-74,73,74,34,91,IMG20260826123308.jpg,IMG20260826124128.jpg,57,47,21,0.44680851063829785,1,0,aliked_lightglue
73-74,73,74,34,92,IMG20260826123308.jpg,IMG20260826124132.jpg,58,112,38,0.3392857142857143,1,0,aliked_lightglue
73-74,73,74,34,93,IMG20260826123308.jpg,IMG20260826124140.jpg,59,69,18,0.2608695652173913,1,0,aliked_lightglue
73-74,73,74,34,94,IMG20260826123308.jpg,IMG20260826124143.jpg,60,121,56,0.4628099173553719,1,0,aliked_lightglue
73-74,73,74,34,95,IMG20260826123308.jpg,IMG20260826124146.jpg,61,140,73,0.5214285714285715,1,0,aliked_lightglue
73-74,73,74,34,96,IMG20260826123308.jpg,IMG20260826124148.jpg,62,117,65,0.5555555555555556,1,0,aliked_lightglue
73-74,73,74,34,97,IMG20260826123308.jpg,IMG20260826124151.jpg,63,129,67,0.5193798449612403,1,0,aliked_lightglue
73-74,73,74,34,98,IMG20260826123308.jpg,IMG20260826124156.jpg,64,132,53,0.4015151515151515,1,0,aliked_lightglue
73-74,73,74,34,99,IMG20260826123308.jpg,IMG20260826124159.jpg,65,243,108,0.4444444444444444,1,0,aliked_lightglue
73-74,73,74,34,100,IMG20260826123308.jpg,IMG20260826124201.jpg,66,150,72,0.48,1,0,aliked_lightglue
73-74,73,74,34,101,IMG20260826123308.jpg,IMG20260826124204.jpg,67,246,89,0.3617886178861789,1,0,aliked_lightglue
73-74,73,74,34,102,IMG20260826123308.jpg,IMG20260826124210.jpg,68,140,64,0.45714285714285713,1,0,aliked_lightglue
73-74,73,74,34,103,IMG20260826123308.jpg,IMG20260826124214.jpg,69,172,66,0.38372093023255816,1,0,aliked_lightglue
73-74,73,74,34,104,IMG20260826123308.jpg,IMG20260826124218.jpg,70,101,45,0.44554455445544555,1,0,aliked_lightglue
73-74,73,74,34,105,IMG20260826123308.jpg,IMG20260826124234.jpg,71,35,17,0.4857142857142857,1,0,aliked_lightglue
73-74,73,74,34,106,IMG20260826123308.jpg,IMG20260826124237.jpg,72,59,23,0.3898305084745763,1,0,aliked_lightglue
73-74,73,74,34,107,IMG20260826123308.jpg,IMG20260826124240.jpg,73,84,26,0.30952380952380953,1,0,aliked_lightglue
73-74,73,74,34,108,IMG20260826123308.jpg,IMG20260826124243.jpg,74,75,32,0.4266666666666667,1,0,aliked_lightglue
73-74,73,74,34,109,IMG20260826123308.jpg,IMG20260826124248.jpg,75,100,40,0.4,1,0,aliked_lightglue
73-74,73,74,34,110,IMG20260826123308.jpg,IMG20260826124305.jpg,76,41,22,0.5365853658536586,1,0,aliked_lightglue
73-74,73,74,34,111,IMG20260826123308.jpg,IMG20260826124308.jpg,77,108,59,0.5462962962962963,1,0,aliked_lightglue
73-74,73,74,34,112,IMG20260826123308.jpg,IMG20260826124313.jpg,78,54,24,0.4444444444444444,1,0,aliked_lightglue
73-74,73,74,34,113,IMG20260826123308.jpg,IMG20260826124317.jpg,79,47,22,0.46808510638297873,1,0,aliked_lightglue
73-74,73,74,35,76,IMG20260826123316.jpg,IMG20260826124024.jpg,41,72,24,0.3333333333333333,1,0,aliked_lightglue
73-74,73,74,35,77,IMG20260826123316.jpg,IMG20260826124029.jpg,42,104,27,0.25961538461538464,1,0,aliked_lightglue
73-74,73,74,35,78,IMG20260826123316.jpg,IMG20260826124032.jpg,43,98,43,0.4387755102040816,1,0,aliked_lightglue
73-74,73,74,35,79,IMG20260826123316.jpg,IMG20260826124035.jpg,44,73,33,0.4520547945205479,1,0,aliked_lightglue
73-74,73,74,35,80,IMG20260826123316.jpg,IMG20260826124041.jpg,45,103,35,0.33980582524271846,1,0,aliked_lightglue
73-74,73,74,35,81,IMG20260826123316.jpg,IMG20260826124044.jpg,46,120,56,0.4666666666666667,1,0,aliked_lightglue
73-74,73,74,35,82,IMG20260826123316.jpg,IMG20260826124048.jpg,47,110,47,0.42727272727272725,1,0,aliked_lightglue
73-74,73,74,35,83,IMG20260826123316.jpg,IMG20260826124051.jpg,48,149,57,0.3825503355704698,1,0,aliked_lightglue
73-74,73,74,35,84,IMG20260826123316.jpg,IMG20260826124054.jpg,49,197,63,0.3197969543147208,1,0,aliked_lightglue
73-74,73,74,35,85,IMG20260826123316.jpg,IMG20260826124101.jpg,50,206,84,0.4077669902912621,1,0,aliked_lightglue
73-74,73,74,35,86,IMG20260826123316.jpg,IMG20260826124104.jpg,51,182,78,0.42857142857142855,1,0,aliked_lightglue
73-74,73,74,35,87,IMG20260826123316.jpg,IMG20260826124110.jpg,52,215,81,0.3767441860465116,1,0,aliked_lightglue
73-74,73,74,35,88,IMG20260826123316.jpg,IMG20260826124113.jpg,53,193,57,0.29533678756476683,1,0,aliked_lightglue
73-74,73,74,35,89,IMG20260826123316.jpg,IMG20260826124116.jpg,54,125,54,0.432,1,0,aliked_lightglue
73-74,73,74,35,90,IMG20260826123316.jpg,IMG20260826124123.jpg,55,38,17,0.4473684210526316,1,0,aliked_lightglue
73-74,73,74,35,91,IMG20260826123316.jpg,IMG20260826124128.jpg,56,37,20,0.5405405405405406,1,0,aliked_lightglue
73-74,73,74,35,92,IMG20260826123316.jpg,IMG20260826124132.jpg,57,88,31,0.3522727272727273,1,0,aliked_lightglue
73-74,73,74,35,93,IMG20260826123316.jpg,IMG20260826124140.jpg,58,79,23,0.2911392405063291,1,0,aliked_lightglue
73-74,73,74,35,94,IMG20260826123316.jpg,IMG20260826124143.jpg,59,29,15,0.5172413793103449,1,0,aliked_lightglue
73-74,73,74,35,95,IMG20260826123316.jpg,IMG20260826124146.jpg,60,48,20,0.4166666666666667,1,0,aliked_lightglue
73-74,73,74,35,96,IMG20260826123316.jpg,IMG20260826124148.jpg,61,61,32,0.5245901639344263,1,0,aliked_lightglue
73-74,73,74,35,97,IMG20260826123316.jpg,IMG20260826124151.jpg,62,139,51,0.3669064748201439,1,0,aliked_lightglue
73-74,73,74,35,98,IMG20260826123316.jpg,IMG20260826124156.jpg,63,116,50,0.43103448275862066,1,0,aliked_lightglue
73-74,73,74,35,99,IMG20260826123316.jpg,IMG20260826124159.jpg,64,223,76,0.34080717488789236,1,0,aliked_lightglue
73-74,73,74,35,100,IMG20260826123316.jpg,IMG20260826124201.jpg,65,150,50,0.3333333333333333,1,0,aliked_lightglue
73-74,73,74,35,101,IMG20260826123316.jpg,IMG20260826124204.jpg,66,125,46,0.368,1,0,aliked_lightglue
73-74,73,74,35,102,IMG20260826123316.jpg,IMG20260826124210.jpg,67,128,60,0.46875,1,0,aliked_lightglue
73-74,73,74,35,103,IMG20260826123316.jpg,IMG20260826124214.jpg,68,169,60,0.35502958579881655,1,0,aliked_lightglue
73-74,73,74,35,104,IMG20260826123316.jpg,IMG20260826124218.jpg,69,198,67,0.3383838383838384,1,0,aliked_lightglue
73-74,73,74,35,105,IMG20260826123316.jpg,IMG20260826124234.jpg,70,60,25,0.4166666666666667,1,0,aliked_lightglue
73-74,73,74,35,106,IMG20260826123316.jpg,IMG20260826124237.jpg,71,16,0,0.0,0,0,aliked_lightglue
73-74,73,74,35,107,IMG20260826123316.jpg,IMG20260826124240.jpg,72,69,25,0.36231884057971014,1,0,aliked_lightglue
73-74,73,74,35,108,IMG20260826123316.jpg,IMG20260826124243.jpg,73,27,15,0.5555555555555556,1,0,aliked_lightglue
73-74,73,74,35,109,IMG20260826123316.jpg,IMG20260826124248.jpg,74,88,40,0.45454545454545453,1,0,aliked_lightglue
73-74,73,74,35,110,IMG20260826123316.jpg,IMG20260826124305.jpg,75,59,30,0.5084745762711864,1,0,aliked_lightglue
73-74,73,74,35,111,IMG20260826123316.jpg,IMG20260826124308.jpg,76,70,34,0.4857142857142857,1,0,aliked_lightglue
73-74,73,74,35,112,IMG20260826123316.jpg,IMG20260826124313.jpg,77,72,35,0.4861111111111111,1,0,aliked_lightglue
73-74,73,74,35,113,IMG20260826123316.jpg,IMG20260826124317.jpg,78,92,41,0.44565217391304346,1,0,aliked_lightglue
73-74,73,74,36,77,IMG20260826123320.jpg,IMG20260826124029.jpg,41,79,28,0.35443037974683544,1,0,aliked_lightglue
73-74,73,74,36,78,IMG20260826123320.jpg,IMG20260826124032.jpg,42,81,37,0.4567901234567901,1,0,aliked_lightglue
73-74,73,74,36,79,IMG20260826123320.jpg,IMG20260826124035.jpg,43,77,37,0.4805194805194805,1,0,aliked_lightglue
73-74,73,74,36,80,IMG20260826123320.jpg,IMG20260826124041.jpg,44,169,62,0.3668639053254438,1,0,aliked_lightglue
73-74,73,74,36,81,IMG20260826123320.jpg,IMG20260826124044.jpg,45,129,53,0.4108527131782946,1,0,aliked_lightglue
73-74,73,74,36,82,IMG20260826123320.jpg,IMG20260826124048.jpg,46,183,86,0.46994535519125685,1,0,aliked_lightglue
73-74,73,74,36,83,IMG20260826123320.jpg,IMG20260826124051.jpg,47,200,87,0.435,1,0,aliked_lightglue
73-74,73,74,36,84,IMG20260826123320.jpg,IMG20260826124054.jpg,48,224,66,0.29464285714285715,1,0,aliked_lightglue
73-74,73,74,36,85,IMG20260826123320.jpg,IMG20260826124101.jpg,49,211,53,0.25118483412322273,1,0,aliked_lightglue
73-74,73,74,36,86,IMG20260826123320.jpg,IMG20260826124104.jpg,50,219,77,0.3515981735159817,1,0,aliked_lightglue
73-74,73,74,36,87,IMG20260826123320.jpg,IMG20260826124110.jpg,51,276,130,0.47101449275362317,1,0,aliked_lightglue
73-74,73,74,36,88,IMG20260826123320.jpg,IMG20260826124113.jpg,52,226,116,0.5132743362831859,1,0,aliked_lightglue
73-74,73,74,36,89,IMG20260826123320.jpg,IMG20260826124116.jpg,53,193,76,0.39378238341968913,1,0,aliked_lightglue
73-74,73,74,36,90,IMG20260826123320.jpg,IMG20260826124123.jpg,54,68,30,0.4411764705882353,1,0,aliked_lightglue
73-74,73,74,36,91,IMG20260826123320.jpg,IMG20260826124128.jpg,55,45,19,0.4222222222222222,1,0,aliked_lightglue
73-74,73,74,36,92,IMG20260826123320.jpg,IMG20260826124132.jpg,56,86,27,0.313953488372093,1,0,aliked_lightglue
73-74,73,74,36,93,IMG20260826123320.jpg,IMG20260826124140.jpg,57,103,31,0.30097087378640774,1,0,aliked_lightglue
73-74,73,74,36,94,IMG20260826123320.jpg,IMG20260826124143.jpg,58,61,19,0.3114754098360656,1,0,aliked_lightglue
73-74,73,74,36,95,IMG20260826123320.jpg,IMG20260826124146.jpg,59,42,20,0.47619047619047616,1,0,aliked_lightglue
73-74,73,74,36,96,IMG20260826123320.jpg,IMG20260826124148.jpg,60,96,38,0.3958333333333333,1,0,aliked_lightglue
73-74,73,74,36,97,IMG20260826123320.jpg,IMG20260826124151.jpg,61,62,34,0.5483870967741935,1,0,aliked_lightglue
73-74,73,74,36,98,IMG20260826123320.jpg,IMG20260826124156.jpg,62,69,29,0.42028985507246375,1,0,aliked_lightglue
73-74,73,74,36,99,IMG20260826123320.jpg,IMG20260826124159.jpg,63,221,78,0.35294117647058826,1,0,aliked_lightglue
73-74,73,74,36,100,IMG20260826123320.jpg,IMG20260826124201.jpg,64,153,55,0.35947712418300654,1,0,aliked_lightglue
73-74,73,74,36,101,IMG20260826123320.jpg,IMG20260826124204.jpg,65,200,69,0.345,1,0,aliked_lightglue
73-74,73,74,36,102,IMG20260826123320.jpg,IMG20260826124210.jpg,66,211,91,0.4312796208530806,1,0,aliked_lightglue
73-74,73,74,36,103,IMG20260826123320.jpg,IMG20260826124214.jpg,67,338,106,0.3136094674556213,1,0,aliked_lightglue
73-74,73,74,36,104,IMG20260826123320.jpg,IMG20260826124218.jpg,68,363,134,0.3691460055096419,1,0,aliked_lightglue
73-74,73,74,36,105,IMG20260826123320.jpg,IMG20260826124234.jpg,69,96,40,0.4166666666666667,1,0,aliked_lightglue
73-74,73,74,36,106,IMG20260826123320.jpg,IMG20260826124237.jpg,70,97,38,0.3917525773195876,1,0,aliked_lightglue
73-74,73,74,36,107,IMG20260826123320.jpg,IMG20260826124240.jpg,71,83,24,0.2891566265060241,1,0,aliked_lightglue
73-74,73,74,36,108,IMG20260826123320.jpg,IMG20260826124243.jpg,72,38,17,0.4473684210526316,1,0,aliked_lightglue
73-74,73,74,36,109,IMG20260826123320.jpg,IMG20260826124248.jpg,73,96,43,0.4479166666666667,1,0,aliked_lightglue
73-74,73,74,36,110,IMG20260826123320.jpg,IMG20260826124305.jpg,74,85,46,0.5411764705882353,1,0,aliked_lightglue
73-74,73,74,36,111,IMG20260826123320.jpg,IMG20260826124308.jpg,75,80,45,0.5625,1,0,aliked_lightglue
73-74,73,74,36,112,IMG20260826123320.jpg,IMG20260826124313.jpg,76,78,30,0.38461538461538464,1,0,aliked_lightglue
73-74,73,74,36,113,IMG20260826123320.jpg,IMG20260826124317.jpg,77,135,63,0.4666666666666667,1,0,aliked_lightglue
73-74,73,74,37,78,IMG20260826123324.jpg,IMG20260826124032.jpg,41,41,17,0.4146341463414634,1,0,aliked_lightglue
73-74,73,74,37,79,IMG20260826123324.jpg,IMG20260826124035.jpg,42,72,31,0.4305555555555556,1,0,aliked_lightglue
73-74,73,74,37,80,IMG20260826123324.jpg,IMG20260826124041.jpg,43,98,35,0.35714285714285715,1,0,aliked_lightglue
73-74,73,74,37,81,IMG20260826123324.jpg,IMG20260826124044.jpg,44,90,42,0.4666666666666667,1,0,aliked_lightglue
73-74,73,74,37,82,IMG20260826123324.jpg,IMG20260826124048.jpg,45,99,45,0.45454545454545453,1,0,aliked_lightglue
73-74,73,74,37,83,IMG20260826123324.jpg,IMG20260826124051.jpg,46,89,41,0.4606741573033708,1,0,aliked_lightglue
73-74,73,74,37,84,IMG20260826123324.jpg,IMG20260826124054.jpg,47,187,73,0.39037433155080214,1,0,aliked_lightglue
73-74,73,74,37,85,IMG20260826123324.jpg,IMG20260826124101.jpg,48,129,37,0.2868217054263566,1,0,aliked_lightglue
73-74,73,74,37,86,IMG20260826123324.jpg,IMG20260826124104.jpg,49,210,84,0.4,1,0,aliked_lightglue
73-74,73,74,37,87,IMG20260826123324.jpg,IMG20260826124110.jpg,50,226,101,0.4469026548672566,1,0,aliked_lightglue
73-74,73,74,37,88,IMG20260826123324.jpg,IMG20260826124113.jpg,51,260,135,0.5192307692307693,1,0,aliked_lightglue
73-74,73,74,37,89,IMG20260826123324.jpg,IMG20260826124116.jpg,52,279,118,0.4229390681003584,1,0,aliked_lightglue
73-74,73,74,37,90,IMG20260826123324.jpg,IMG20260826124123.jpg,53,106,51,0.4811320754716981,1,0,aliked_lightglue
73-74,73,74,37,91,IMG20260826123324.jpg,IMG20260826124128.jpg,54,173,90,0.5202312138728323,1,0,aliked_lightglue
73-74,73,74,37,92,IMG20260826123324.jpg,IMG20260826124132.jpg,55,91,42,0.46153846153846156,1,0,aliked_lightglue
73-74,73,74,37,93,IMG20260826123324.jpg,IMG20260826124140.jpg,56,88,27,0.3068181818181818,1,0,aliked_lightglue
73-74,73,74,37,94,IMG20260826123324.jpg,IMG20260826124143.jpg,57,47,21,0.44680851063829785,1,0,aliked_lightglue
73-74,73,74,37,95,IMG20260826123324.jpg,IMG20260826124146.jpg,58,64,27,0.421875,1,0,aliked_lightglue
73-74,73,74,37,96,IMG20260826123324.jpg,IMG20260826124148.jpg,59,91,36,0.3956043956043956,1,0,aliked_lightglue
73-74,73,74,37,97,IMG20260826123324.jpg,IMG20260826124151.jpg,60,94,44,0.46808510638297873,1,0,aliked_lightglue
73-74,73,74,37,98,IMG20260826123324.jpg,IMG20260826124156.jpg,61,173,73,0.42196531791907516,1,0,aliked_lightglue
73-74,73,74,37,99,IMG20260826123324.jpg,IMG20260826124159.jpg,62,241,85,0.35269709543568467,1,0,aliked_lightglue
73-74,73,74,37,100,IMG20260826123324.jpg,IMG20260826124201.jpg,63,190,51,0.26842105263157895,1,0,aliked_lightglue
73-74,73,74,37,101,IMG20260826123324.jpg,IMG20260826124204.jpg,64,278,112,0.4028776978417266,1,0,aliked_lightglue
73-74,73,74,37,102,IMG20260826123324.jpg,IMG20260826124210.jpg,65,366,154,0.4207650273224044,1,0,aliked_lightglue
73-74,73,74,37,103,IMG20260826123324.jpg,IMG20260826124214.jpg,66,347,128,0.3688760806916426,1,0,aliked_lightglue
73-74,73,74,37,104,IMG20260826123324.jpg,IMG20260826124218.jpg,67,258,108,0.4186046511627907,1,0,aliked_lightglue
73-74,73,74,37,105,IMG20260826123324.jpg,IMG20260826124234.jpg,68,227,89,0.3920704845814978,1,0,aliked_lightglue
73-74,73,74,37,106,IMG20260826123324.jpg,IMG20260826124237.jpg,69,149,59,0.3959731543624161,1,0,aliked_lightglue
73-74,73,74,37,107,IMG20260826123324.jpg,IMG20260826124240.jpg,70,63,26,0.4126984126984127,1,0,aliked_lightglue
73-74,73,74,37,108,IMG20260826123324.jpg,IMG20260826124243.jpg,71,62,33,0.532258064516129,1,0,aliked_lightglue
73-74,73,74,37,109,IMG20260826123324.jpg,IMG20260826124248.jpg,72,126,66,0.5238095238095238,1,0,aliked_lightglue
73-74,73,74,37,110,IMG20260826123324.jpg,IMG20260826124305.jpg,73,88,47,0.5340909090909091,1,0,aliked_lightglue
73-74,73,74,37,111,IMG20260826123324.jpg,IMG20260826124308.jpg,74,88,47,0.5340909090909091,1,0,aliked_lightglue
73-74,73,74,37,112,IMG20260826123324.jpg,IMG20260826124313.jpg,75,72,43,0.5972222222222222,1,0,aliked_lightglue
73-74,73,74,37,113,IMG20260826123324.jpg,IMG20260826124317.jpg,76,74,42,0.5675675675675675,1,0,aliked_lightglue
73-74,73,74,38,79,IMG20260826123329.jpg,IMG20260826124035.jpg,41,128,50,0.390625,1,0,aliked_lightglue
73-74,73,74,38,80,IMG20260826123329.jpg,IMG20260826124041.jpg,42,71,32,0.4507042253521127,1,0,aliked_lightglue
73-74,73,74,38,81,IMG20260826123329.jpg,IMG20260826124044.jpg,43,64,25,0.390625,1,0,aliked_lightglue
73-74,73,74,38,82,IMG20260826123329.jpg,IMG20260826124048.jpg,44,67,27,0.40298507462686567,1,0,aliked_lightglue
73-74,73,74,38,83,IMG20260826123329.jpg,IMG20260826124051.jpg,45,104,51,0.49038461538461536,1,0,aliked_lightglue
73-74,73,74,38,84,IMG20260826123329.jpg,IMG20260826124054.jpg,46,119,53,0.44537815126050423,1,0,aliked_lightglue
73-74,73,74,38,85,IMG20260826123329.jpg,IMG20260826124101.jpg,47,95,39,0.4105263157894737,1,0,aliked_lightglue
73-74,73,74,38,86,IMG20260826123329.jpg,IMG20260826124104.jpg,48,135,65,0.48148148148148145,1,0,aliked_lightglue
73-74,73,74,38,87,IMG20260826123329.jpg,IMG20260826124110.jpg,49,237,98,0.41350210970464135,1,0,aliked_lightglue
73-74,73,74,38,88,IMG20260826123329.jpg,IMG20260826124113.jpg,50,277,112,0.4043321299638989,1,0,aliked_lightglue
73-74,73,74,38,89,IMG20260826123329.jpg,IMG20260826124116.jpg,51,294,100,0.3401360544217687,1,0,aliked_lightglue
73-74,73,74,38,90,IMG20260826123329.jpg,IMG20260826124123.jpg,52,232,101,0.4353448275862069,1,0,aliked_lightglue
73-74,73,74,38,91,IMG20260826123329.jpg,IMG20260826124128.jpg,53,208,121,0.5817307692307693,1,0,aliked_lightglue
73-74,73,74,38,92,IMG20260826123329.jpg,IMG20260826124132.jpg,54,233,102,0.43776824034334766,1,0,aliked_lightglue
73-74,73,74,38,93,IMG20260826123329.jpg,IMG20260826124140.jpg,55,120,31,0.25833333333333336,1,0,aliked_lightglue
73-74,73,74,38,94,IMG20260826123329.jpg,IMG20260826124143.jpg,56,84,41,0.4880952380952381,1,0,aliked_lightglue
73-74,73,74,38,95,IMG20260826123329.jpg,IMG20260826124146.jpg,57,92,31,0.33695652173913043,1,0,aliked_lightglue
73-74,73,74,38,96,IMG20260826123329.jpg,IMG20260826124148.jpg,58,118,44,0.3728813559322034,1,0,aliked_lightglue
73-74,73,74,38,97,IMG20260826123329.jpg,IMG20260826124151.jpg,59,92,36,0.391304347826087,1,0,aliked_lightglue
73-74,73,74,38,98,IMG20260826123329.jpg,IMG20260826124156.jpg,60,137,52,0.3795620437956204,1,0,aliked_lightglue
73-74,73,74,38,99,IMG20260826123329.jpg,IMG20260826124159.jpg,61,224,82,0.36607142857142855,1,0,aliked_lightglue
73-74,73,74,38,100,IMG20260826123329.jpg,IMG20260826124201.jpg,62,195,67,0.3435897435897436,1,0,aliked_lightglue
73-74,73,74,38,101,IMG20260826123329.jpg,IMG20260826124204.jpg,63,239,78,0.3263598326359833,1,0,aliked_lightglue
73-74,73,74,38,102,IMG20260826123329.jpg,IMG20260826124210.jpg,64,226,102,0.45132743362831856,1,0,aliked_lightglue
73-74,73,74,38,103,IMG20260826123329.jpg,IMG20260826124214.jpg,65,344,135,0.39244186046511625,1,0,aliked_lightglue
73-74,73,74,38,104,IMG20260826123329.jpg,IMG20260826124218.jpg,66,332,155,0.46686746987951805,1,0,aliked_lightglue
73-74,73,74,38,105,IMG20260826123329.jpg,IMG20260826124234.jpg,67,208,94,0.4519230769230769,1,0,aliked_lightglue
73-74,73,74,38,106,IMG20260826123329.jpg,IMG20260826124237.jpg,68,162,76,0.4691358024691358,1,0,aliked_lightglue
73-74,73,74,38,107,IMG20260826123329.jpg,IMG20260826124240.jpg,69,223,80,0.35874439461883406,1,0,aliked_lightglue
73-74,73,74,38,108,IMG20260826123329.jpg,IMG20260826124243.jpg,70,89,44,0.4943820224719101,1,0,aliked_lightglue
73-74,73,74,38,109,IMG20260826123329.jpg,IMG20260826124248.jpg,71,105,51,0.4857142857142857,1,0,aliked_lightglue
73-74,73,74,38,110,IMG20260826123329.jpg,IMG20260826124305.jpg,72,92,56,0.6086956521739131,1,0,aliked_lightglue
73-74,73,74,38,111,IMG20260826123329.jpg,IMG20260826124308.jpg,73,85,48,0.5647058823529412,1,0,aliked_lightglue
73-74,73,74,38,112,IMG20260826123329.jpg,IMG20260826124313.jpg,74,190,75,0.39473684210526316,1,0,aliked_lightglue
73-74,73,74,38,113,IMG20260826123329.jpg,IMG20260826124317.jpg,75,136,58,0.4264705882352941,1,0,aliked_lightglue
73-74,73,74,39,80,IMG20260826123333.jpg,IMG20260826124041.jpg,41,204,56,0.27450980392156865,1,0,aliked_lightglue
73-74,73,74,39,81,IMG20260826123333.jpg,IMG20260826124044.jpg,42,61,24,0.39344262295081966,1,0,aliked_lightglue
73-74,73,74,39,82,IMG20260826123333.jpg,IMG20260826124048.jpg,43,138,49,0.35507246376811596,1,0,aliked_lightglue
73-74,73,74,39,83,IMG20260826123333.jpg,IMG20260826124051.jpg,44,129,45,0.3488372093023256,1,0,aliked_lightglue
73-74,73,74,39,84,IMG20260826123333.jpg,IMG20260826124054.jpg,45,111,45,0.40540540540540543,1,0,aliked_lightglue
73-74,73,74,39,85,IMG20260826123333.jpg,IMG20260826124101.jpg,46,133,50,0.37593984962406013,1,0,aliked_lightglue
73-74,73,74,39,86,IMG20260826123333.jpg,IMG20260826124104.jpg,47,87,37,0.42528735632183906,1,0,aliked_lightglue
73-74,73,74,39,87,IMG20260826123333.jpg,IMG20260826124110.jpg,48,184,66,0.358695652173913,1,0,aliked_lightglue
73-74,73,74,39,88,IMG20260826123333.jpg,IMG20260826124113.jpg,49,305,110,0.36065573770491804,1,0,aliked_lightglue
73-74,73,74,39,89,IMG20260826123333.jpg,IMG20260826124116.jpg,50,147,68,0.46258503401360546,1,0,aliked_lightglue
73-74,73,74,39,90,IMG20260826123333.jpg,IMG20260826124123.jpg,51,247,125,0.5060728744939271,1,0,aliked_lightglue
73-74,73,74,39,91,IMG20260826123333.jpg,IMG20260826124128.jpg,52,206,113,0.5485436893203883,1,0,aliked_lightglue
73-74,73,74,39,92,IMG20260826123333.jpg,IMG20260826124132.jpg,53,237,123,0.5189873417721519,1,0,aliked_lightglue
73-74,73,74,39,93,IMG20260826123333.jpg,IMG20260826124140.jpg,54,89,31,0.34831460674157305,1,0,aliked_lightglue
73-74,73,74,39,94,IMG20260826123333.jpg,IMG20260826124143.jpg,55,110,46,0.41818181818181815,1,0,aliked_lightglue
73-74,73,74,39,95,IMG20260826123333.jpg,IMG20260826124146.jpg,56,53,24,0.4528301886792453,1,0,aliked_lightglue
73-74,73,74,39,96,IMG20260826123333.jpg,IMG20260826124148.jpg,57,148,47,0.31756756756756754,1,0,aliked_lightglue
73-74,73,74,39,97,IMG20260826123333.jpg,IMG20260826124151.jpg,58,88,37,0.42045454545454547,1,0,aliked_lightglue
73-74,73,74,39,98,IMG20260826123333.jpg,IMG20260826124156.jpg,59,121,47,0.3884297520661157,1,0,aliked_lightglue
73-74,73,74,39,99,IMG20260826123333.jpg,IMG20260826124159.jpg,60,123,46,0.37398373983739835,1,0,aliked_lightglue
73-74,73,74,39,100,IMG20260826123333.jpg,IMG20260826124201.jpg,61,110,45,0.4090909090909091,1,0,aliked_lightglue
73-74,73,74,39,101,IMG20260826123333.jpg,IMG20260826124204.jpg,62,103,43,0.4174757281553398,1,0,aliked_lightglue
73-74,73,74,39,102,IMG20260826123333.jpg,IMG20260826124210.jpg,63,208,97,0.46634615384615385,1,0,aliked_lightglue
73-74,73,74,39,103,IMG20260826123333.jpg,IMG20260826124214.jpg,64,203,93,0.458128078817734,1,0,aliked_lightglue
73-74,73,74,39,104,IMG20260826123333.jpg,IMG20260826124218.jpg,65,237,99,0.4177215189873418,1,0,aliked_lightglue
73-74,73,74,39,105,IMG20260826123333.jpg,IMG20260826124234.jpg,66,202,116,0.5742574257425742,1,0,aliked_lightglue
73-74,73,74,39,106,IMG20260826123333.jpg,IMG20260826124237.jpg,67,180,107,0.5944444444444444,1,0,aliked_lightglue
73-74,73,74,39,107,IMG20260826123333.jpg,IMG20260826124240.jpg,68,148,78,0.527027027027027,1,0,aliked_lightglue
73-74,73,74,39,108,IMG20260826123333.jpg,IMG20260826124243.jpg,69,119,67,0.5630252100840336,1,0,aliked_lightglue
73-74,73,74,39,109,IMG20260826123333.jpg,IMG20260826124248.jpg,70,114,56,0.49122807017543857,1,0,aliked_lightglue
73-74,73,74,39,110,IMG20260826123333.jpg,IMG20260826124305.jpg,71,153,80,0.5228758169934641,1,0,aliked_lightglue
73-74,73,74,39,111,IMG20260826123333.jpg,IMG20260826124308.jpg,72,88,40,0.45454545454545453,1,0,aliked_lightglue
73-74,73,74,39,112,IMG20260826123333.jpg,IMG20260826124313.jpg,73,173,68,0.3930635838150289,1,0,aliked_lightglue
73-74,73,74,39,113,IMG20260826123333.jpg,IMG20260826124317.jpg,74,144,59,0.4097222222222222,1,0,aliked_lightglue
73-74,73,74,40,81,IMG20260826123344.jpg,IMG20260826124044.jpg,41,159,69,0.4339622641509434,1,0,aliked_lightglue
73-74,73,74,40,82,IMG20260826123344.jpg,IMG20260826124048.jpg,42,99,34,0.3434343434343434,1,0,aliked_lightglue
73-74,73,74,40,83,IMG20260826123344.jpg,IMG20260826124051.jpg,43,60,25,0.4166666666666667,1,0,aliked_lightglue
73-74,73,74,40,84,IMG20260826123344.jpg,IMG20260826124054.jpg,44,66,26,0.3939393939393939,1,0,aliked_lightglue
73-74,73,74,40,85,IMG20260826123344.jpg,IMG20260826124101.jpg,45,113,39,0.34513274336283184,1,0,aliked_lightglue
73-74,73,74,40,86,IMG20260826123344.jpg,IMG20260826124104.jpg,46,81,36,0.4444444444444444,1,0,aliked_lightglue
73-74,73,74,40,87,IMG20260826123344.jpg,IMG20260826124110.jpg,47,137,65,0.4744525547445255,1,0,aliked_lightglue
73-74,73,74,40,88,IMG20260826123344.jpg,IMG20260826124113.jpg,48,311,120,0.3858520900321543,1,0,aliked_lightglue
73-74,73,74,40,89,IMG20260826123344.jpg,IMG20260826124116.jpg,49,230,86,0.3739130434782609,1,0,aliked_lightglue
73-74,73,74,40,90,IMG20260826123344.jpg,IMG20260826124123.jpg,50,240,99,0.4125,1,0,aliked_lightglue
73-74,73,74,40,91,IMG20260826123344.jpg,IMG20260826124128.jpg,51,344,169,0.49127906976744184,1,1,aliked_lightglue
73-74,73,74,40,92,IMG20260826123344.jpg,IMG20260826124132.jpg,52,275,126,0.4581818181818182,1,0,aliked_lightglue
73-74,73,74,40,93,IMG20260826123344.jpg,IMG20260826124140.jpg,53,114,46,0.40350877192982454,1,0,aliked_lightglue
73-74,73,74,40,94,IMG20260826123344.jpg,IMG20260826124143.jpg,54,113,45,0.39823008849557523,1,0,aliked_lightglue
73-74,73,74,40,95,IMG20260826123344.jpg,IMG20260826124146.jpg,55,69,26,0.37681159420289856,1,0,aliked_lightglue
73-74,73,74,40,96,IMG20260826123344.jpg,IMG20260826124148.jpg,56,129,34,0.26356589147286824,1,0,aliked_lightglue
73-74,73,74,40,97,IMG20260826123344.jpg,IMG20260826124151.jpg,57,120,42,0.35,1,0,aliked_lightglue
73-74,73,74,40,98,IMG20260826123344.jpg,IMG20260826124156.jpg,58,158,59,0.37341772151898733,1,0,aliked_lightglue
73-74,73,74,40,99,IMG20260826123344.jpg,IMG20260826124159.jpg,59,126,47,0.373015873015873,1,0,aliked_lightglue
73-74,73,74,40,100,IMG20260826123344.jpg,IMG20260826124201.jpg,60,86,31,0.36046511627906974,1,0,aliked_lightglue
73-74,73,74,40,101,IMG20260826123344.jpg,IMG20260826124204.jpg,61,99,40,0.40404040404040403,1,0,aliked_lightglue
73-74,73,74,40,102,IMG20260826123344.jpg,IMG20260826124210.jpg,62,175,88,0.5028571428571429,1,0,aliked_lightglue
73-74,73,74,40,103,IMG20260826123344.jpg,IMG20260826124214.jpg,63,259,117,0.4517374517374517,1,0,aliked_lightglue
73-74,73,74,40,104,IMG20260826123344.jpg,IMG20260826124218.jpg,64,245,100,0.40816326530612246,1,0,aliked_lightglue
73-74,73,74,40,105,IMG20260826123344.jpg,IMG20260826124234.jpg,65,329,156,0.47416413373860183,1,0,aliked_lightglue
73-74,73,74,40,106,IMG20260826123344.jpg,IMG20260826124237.jpg,66,284,146,0.5140845070422535,1,0,aliked_lightglue
73-74,73,74,40,107,IMG20260826123344.jpg,IMG20260826124240.jpg,67,243,140,0.5761316872427984,1,0,aliked_lightglue
73-74,73,74,40,108,IMG20260826123344.jpg,IMG20260826124243.jpg,68,216,96,0.4444444444444444,1,0,aliked_lightglue
73-74,73,74,40,109,IMG20260826123344.jpg,IMG20260826124248.jpg,69,238,109,0.4579831932773109,1,0,aliked_lightglue
73-74,73,74,40,110,IMG20260826123344.jpg,IMG20260826124305.jpg,70,55,37,0.6727272727272727,1,0,aliked_lightglue
73-74,73,74,40,111,IMG20260826123344.jpg,IMG20260826124308.jpg,71,86,37,0.43023255813953487,1,0,aliked_lightglue
73-74,73,74,40,112,IMG20260826123344.jpg,IMG20260826124313.jpg,72,117,56,0.47863247863247865,1,0,aliked_lightglue
73-74,73,74,40,113,IMG20260826123344.jpg,IMG20260826124317.jpg,73,237,108,0.45569620253164556,1,0,aliked_lightglue
73-74,73,74,41,82,IMG20260826123349.jpg,IMG20260826124048.jpg,41,160,54,0.3375,1,0,aliked_lightglue
73-74,73,74,41,83,IMG20260826123349.jpg,IMG20260826124051.jpg,42,125,34,0.272,1,0,aliked_lightglue
73-74,73,74,41,84,IMG20260826123349.jpg,IMG20260826124054.jpg,43,74,22,0.2972972972972973,1,0,aliked_lightglue
73-74,73,74,41,85,IMG20260826123349.jpg,IMG20260826124101.jpg,44,100,26,0.26,1,0,aliked_lightglue
73-74,73,74,41,86,IMG20260826123349.jpg,IMG20260826124104.jpg,45,115,28,0.24347826086956523,1,0,aliked_lightglue
73-74,73,74,41,87,IMG20260826123349.jpg,IMG20260826124110.jpg,46,51,21,0.4117647058823529,1,0,aliked_lightglue
73-74,73,74,41,88,IMG20260826123349.jpg,IMG20260826124113.jpg,47,120,43,0.35833333333333334,1,0,aliked_lightglue
73-74,73,74,41,89,IMG20260826123349.jpg,IMG20260826124116.jpg,48,103,35,0.33980582524271846,1,0,aliked_lightglue
73-74,73,74,41,90,IMG20260826123349.jpg,IMG20260826124123.jpg,49,283,99,0.3498233215547703,1,0,aliked_lightglue
73-74,73,74,41,91,IMG20260826123349.jpg,IMG20260826124128.jpg,50,318,112,0.3522012578616352,1,0,aliked_lightglue
73-74,73,74,41,92,IMG20260826123349.jpg,IMG20260826124132.jpg,51,244,90,0.36885245901639346,1,0,aliked_lightglue
73-74,73,74,41,93,IMG20260826123349.jpg,IMG20260826124140.jpg,52,104,24,0.23076923076923078,1,0,aliked_lightglue
73-74,73,74,41,94,IMG20260826123349.jpg,IMG20260826124143.jpg,53,122,51,0.4180327868852459,1,0,aliked_lightglue
73-74,73,74,41,95,IMG20260826123349.jpg,IMG20260826124146.jpg,54,95,40,0.42105263157894735,1,0,aliked_lightglue
73-74,73,74,41,96,IMG20260826123349.jpg,IMG20260826124148.jpg,55,72,25,0.3472222222222222,1,0,aliked_lightglue
73-74,73,74,41,97,IMG20260826123349.jpg,IMG20260826124151.jpg,56,107,33,0.308411214953271,1,0,aliked_lightglue
73-74,73,74,41,98,IMG20260826123349.jpg,IMG20260826124156.jpg,57,165,37,0.22424242424242424,1,0,aliked_lightglue
73-74,73,74,41,99,IMG20260826123349.jpg,IMG20260826124159.jpg,58,219,63,0.2876712328767123,1,0,aliked_lightglue
73-74,73,74,41,100,IMG20260826123349.jpg,IMG20260826124201.jpg,59,199,57,0.2864321608040201,1,0,aliked_lightglue
73-74,73,74,41,101,IMG20260826123349.jpg,IMG20260826124204.jpg,60,192,66,0.34375,1,0,aliked_lightglue
73-74,73,74,41,102,IMG20260826123349.jpg,IMG20260826124210.jpg,61,245,79,0.3224489795918367,1,0,aliked_lightglue
73-74,73,74,41,103,IMG20260826123349.jpg,IMG20260826124214.jpg,62,154,59,0.38311688311688313,1,0,aliked_lightglue
73-74,73,74,41,104,IMG20260826123349.jpg,IMG20260826124218.jpg,63,164,51,0.31097560975609756,1,0,aliked_lightglue
73-74,73,74,41,105,IMG20260826123349.jpg,IMG20260826124234.jpg,64,266,95,0.35714285714285715,1,0,aliked_lightglue
73-74,73,74,41,106,IMG20260826123349.jpg,IMG20260826124237.jpg,65,265,131,0.49433962264150944,1,0,aliked_lightglue
73-74,73,74,41,107,IMG20260826123349.jpg,IMG20260826124240.jpg,66,280,138,0.4928571428571429,1,0,aliked_lightglue
73-74,73,74,41,108,IMG20260826123349.jpg,IMG20260826124243.jpg,67,207,107,0.5169082125603864,1,0,aliked_lightglue
73-74,73,74,41,109,IMG20260826123349.jpg,IMG20260826124248.jpg,68,170,98,0.5764705882352941,1,0,aliked_lightglue
73-74,73,74,41,110,IMG20260826123349.jpg,IMG20260826124305.jpg,69,73,38,0.5205479452054794,1,0,aliked_lightglue
73-74,73,74,41,111,IMG20260826123349.jpg,IMG20260826124308.jpg,70,203,94,0.4630541871921182,1,0,aliked_lightglue
73-74,73,74,41,112,IMG20260826123349.jpg,IMG20260826124313.jpg,71,207,105,0.5072463768115942,1,0,aliked_lightglue
73-74,73,74,41,113,IMG20260826123349.jpg,IMG20260826124317.jpg,72,110,45,0.4090909090909091,1,0,aliked_lightglue
73-74,73,74,42,83,IMG20260826123353.jpg,IMG20260826124051.jpg,41,105,42,0.4,1,0,aliked_lightglue
73-74,73,74,42,84,IMG20260826123353.jpg,IMG20260826124054.jpg,42,171,55,0.3216374269005848,1,0,aliked_lightglue
73-74,73,74,42,85,IMG20260826123353.jpg,IMG20260826124101.jpg,43,152,44,0.2894736842105263,1,0,aliked_lightglue
73-74,73,74,42,86,IMG20260826123353.jpg,IMG20260826124104.jpg,44,151,48,0.31788079470198677,1,0,aliked_lightglue
73-74,73,74,42,87,IMG20260826123353.jpg,IMG20260826124110.jpg,45,81,30,0.37037037037037035,1,0,aliked_lightglue
73-74,73,74,42,88,IMG20260826123353.jpg,IMG20260826124113.jpg,46,222,68,0.3063063063063063,1,0,aliked_lightglue
73-74,73,74,42,89,IMG20260826123353.jpg,IMG20260826124116.jpg,47,128,48,0.375,1,0,aliked_lightglue
73-74,73,74,42,90,IMG20260826123353.jpg,IMG20260826124123.jpg,48,133,48,0.3609022556390977,1,0,aliked_lightglue
73-74,73,74,42,91,IMG20260826123353.jpg,IMG20260826124128.jpg,49,190,73,0.38421052631578945,1,0,aliked_lightglue
73-74,73,74,42,92,IMG20260826123353.jpg,IMG20260826124132.jpg,50,324,115,0.3549382716049383,1,0,aliked_lightglue
73-74,73,74,42,93,IMG20260826123353.jpg,IMG20260826124140.jpg,51,139,42,0.302158273381295,1,0,aliked_lightglue
73-74,73,74,42,94,IMG20260826123353.jpg,IMG20260826124143.jpg,52,141,53,0.375886524822695,1,0,aliked_lightglue
73-74,73,74,42,95,IMG20260826123353.jpg,IMG20260826124146.jpg,53,208,73,0.35096153846153844,1,0,aliked_lightglue
73-74,73,74,42,96,IMG20260826123353.jpg,IMG20260826124148.jpg,54,94,30,0.3191489361702128,1,0,aliked_lightglue
73-74,73,74,42,97,IMG20260826123353.jpg,IMG20260826124151.jpg,55,63,27,0.42857142857142855,1,0,aliked_lightglue
73-74,73,74,42,98,IMG20260826123353.jpg,IMG20260826124156.jpg,56,129,39,0.3023255813953488,1,0,aliked_lightglue
73-74,73,74,42,99,IMG20260826123353.jpg,IMG20260826124159.jpg,57,142,42,0.29577464788732394,1,0,aliked_lightglue
73-74,73,74,42,100,IMG20260826123353.jpg,IMG20260826124201.jpg,58,154,45,0.2922077922077922,1,0,aliked_lightglue
73-74,73,74,42,101,IMG20260826123353.jpg,IMG20260826124204.jpg,59,133,40,0.3007518796992481,1,0,aliked_lightglue
73-74,73,74,42,102,IMG20260826123353.jpg,IMG20260826124210.jpg,60,158,59,0.37341772151898733,1,0,aliked_lightglue
73-74,73,74,42,103,IMG20260826123353.jpg,IMG20260826124214.jpg,61,141,42,0.2978723404255319,1,0,aliked_lightglue
73-74,73,74,42,104,IMG20260826123353.jpg,IMG20260826124218.jpg,62,146,39,0.2671232876712329,1,0,aliked_lightglue
73-74,73,74,42,105,IMG20260826123353.jpg,IMG20260826124234.jpg,63,125,42,0.336,1,0,aliked_lightglue
73-74,73,74,42,106,IMG20260826123353.jpg,IMG20260826124237.jpg,64,244,108,0.4426229508196721,1,0,aliked_lightglue
73-74,73,74,42,107,IMG20260826123353.jpg,IMG20260826124240.jpg,65,235,110,0.46808510638297873,1,0,aliked_lightglue
73-74,73,74,42,108,IMG20260826123353.jpg,IMG20260826124243.jpg,66,192,96,0.5,1,0,aliked_lightglue
73-74,73,74,42,109,IMG20260826123353.jpg,IMG20260826124248.jpg,67,316,169,0.5348101265822784,1,0,aliked_lightglue
73-74,73,74,42,110,IMG20260826123353.jpg,IMG20260826124305.jpg,68,117,55,0.4700854700854701,1,0,aliked_lightglue
73-74,73,74,42,111,IMG20260826123353.jpg,IMG20260826124308.jpg,69,156,96,0.6153846153846154,1,0,aliked_lightglue
73-74,73,74,42,112,IMG20260826123353.jpg,IMG20260826124313.jpg,70,179,70,0.39106145251396646,1,0,aliked_lightglue
73-74,73,74,42,113,IMG20260826123353.jpg,IMG20260826124317.jpg,71,106,56,0.5283018867924528,1,0,aliked_lightglue
73-74,73,74,43,84,IMG20260826123357.jpg,IMG20260826124054.jpg,41,261,80,0.3065134099616858,1,0,aliked_lightglue
73-74,73,74,43,85,IMG20260826123357.jpg,IMG20260826124101.jpg,42,146,38,0.2602739726027397,1,0,aliked_lightglue
73-74,73,74,43,86,IMG20260826123357.jpg,IMG20260826124104.jpg,43,172,45,0.2616279069767442,1,0,aliked_lightglue
73-74,73,74,43,87,IMG20260826123357.jpg,IMG20260826124110.jpg,44,100,35,0.35,1,0,aliked_lightglue
73-74,73,74,43,88,IMG20260826123357.jpg,IMG20260826124113.jpg,45,92,37,0.40217391304347827,1,0,aliked_lightglue
73-74,73,74,43,89,IMG20260826123357.jpg,IMG20260826124116.jpg,46,65,24,0.36923076923076925,1,0,aliked_lightglue
73-74,73,74,43,90,IMG20260826123357.jpg,IMG20260826124123.jpg,47,162,52,0.32098765432098764,1,0,aliked_lightglue
73-74,73,74,43,91,IMG20260826123357.jpg,IMG20260826124128.jpg,48,110,38,0.34545454545454546,1,0,aliked_lightglue
73-74,73,74,43,92,IMG20260826123357.jpg,IMG20260826124132.jpg,49,138,45,0.32608695652173914,1,0,aliked_lightglue
73-74,73,74,43,93,IMG20260826123357.jpg,IMG20260826124140.jpg,50,255,83,0.3254901960784314,1,0,aliked_lightglue
73-74,73,74,43,94,IMG20260826123357.jpg,IMG20260826124143.jpg,51,186,91,0.489247311827957,1,0,aliked_lightglue
73-74,73,74,43,95,IMG20260826123357.jpg,IMG20260826124146.jpg,52,213,81,0.38028169014084506,1,0,aliked_lightglue
73-74,73,74,43,96,IMG20260826123357.jpg,IMG20260826124148.jpg,53,103,35,0.33980582524271846,1,0,aliked_lightglue
73-74,73,74,43,97,IMG20260826123357.jpg,IMG20260826124151.jpg,54,40,17,0.425,1,0,aliked_lightglue
73-74,73,74,43,98,IMG20260826123357.jpg,IMG20260826124156.jpg,55,116,37,0.31896551724137934,1,0,aliked_lightglue
73-74,73,74,43,99,IMG20260826123357.jpg,IMG20260826124159.jpg,56,117,37,0.3162393162393162,1,0,aliked_lightglue
73-74,73,74,43,100,IMG20260826123357.jpg,IMG20260826124201.jpg,57,82,24,0.2926829268292683,1,0,aliked_lightglue
73-74,73,74,43,101,IMG20260826123357.jpg,IMG20260826124204.jpg,58,91,30,0.32967032967032966,1,0,aliked_lightglue
73-74,73,74,43,102,IMG20260826123357.jpg,IMG20260826124210.jpg,59,222,65,0.2927927927927928,1,0,aliked_lightglue
73-74,73,74,43,103,IMG20260826123357.jpg,IMG20260826124214.jpg,60,200,54,0.27,1,0,aliked_lightglue
73-74,73,74,43,104,IMG20260826123357.jpg,IMG20260826124218.jpg,61,62,26,0.41935483870967744,1,0,aliked_lightglue
73-74,73,74,43,105,IMG20260826123357.jpg,IMG20260826124234.jpg,62,66,25,0.3787878787878788,1,0,aliked_lightglue
73-74,73,74,43,106,IMG20260826123357.jpg,IMG20260826124237.jpg,63,126,59,0.46825396825396826,1,0,aliked_lightglue
73-74,73,74,43,107,IMG20260826123357.jpg,IMG20260826124240.jpg,64,158,54,0.34177215189873417,1,0,aliked_lightglue
73-74,73,74,43,108,IMG20260826123357.jpg,IMG20260826124243.jpg,65,297,125,0.4208754208754209,1,0,aliked_lightglue
73-74,73,74,43,109,IMG20260826123357.jpg,IMG20260826124248.jpg,66,263,140,0.532319391634981,1,0,aliked_lightglue
73-74,73,74,43,110,IMG20260826123357.jpg,IMG20260826124305.jpg,67,167,79,0.47305389221556887,1,0,aliked_lightglue
73-74,73,74,43,111,IMG20260826123357.jpg,IMG20260826124308.jpg,68,225,97,0.4311111111111111,1,0,aliked_lightglue
73-74,73,74,43,112,IMG20260826123357.jpg,IMG20260826124313.jpg,69,121,60,0.49586776859504134,1,0,aliked_lightglue
73-74,73,74,43,113,IMG20260826123357.jpg,IMG20260826124317.jpg,70,160,71,0.44375,1,0,aliked_lightglue
73-74,73,74,44,85,IMG20260826123403.jpg,IMG20260826124101.jpg,41,121,41,0.33884297520661155,1,0,aliked_lightglue
73-74,73,74,44,86,IMG20260826123403.jpg,IMG20260826124104.jpg,42,101,26,0.25742574257425743,1,0,aliked_lightglue
73-74,73,74,44,87,IMG20260826123403.jpg,IMG20260826124110.jpg,43,113,20,0.17699115044247787,1,0,aliked_lightglue
73-74,73,74,44,88,IMG20260826123403.jpg,IMG20260826124113.jpg,44,54,24,0.4444444444444444,1,0,aliked_lightglue
73-74,73,74,44,89,IMG20260826123403.jpg,IMG20260826124116.jpg,45,79,25,0.31645569620253167,1,0,aliked_lightglue
73-74,73,74,44,90,IMG20260826123403.jpg,IMG20260826124123.jpg,46,99,32,0.32323232323232326,1,0,aliked_lightglue
73-74,73,74,44,91,IMG20260826123403.jpg,IMG20260826124128.jpg,47,78,24,0.3076923076923077,1,0,aliked_lightglue
73-74,73,74,44,92,IMG20260826123403.jpg,IMG20260826124132.jpg,48,145,42,0.2896551724137931,1,0,aliked_lightglue
73-74,73,74,44,93,IMG20260826123403.jpg,IMG20260826124140.jpg,49,186,88,0.4731182795698925,1,0,aliked_lightglue
73-74,73,74,44,94,IMG20260826123403.jpg,IMG20260826124143.jpg,50,186,85,0.45698924731182794,1,0,aliked_lightglue
73-74,73,74,44,95,IMG20260826123403.jpg,IMG20260826124146.jpg,51,214,84,0.3925233644859813,1,0,aliked_lightglue
73-74,73,74,44,96,IMG20260826123403.jpg,IMG20260826124148.jpg,52,122,57,0.4672131147540984,1,0,aliked_lightglue
73-74,73,74,44,97,IMG20260826123403.jpg,IMG20260826124151.jpg,53,78,33,0.4230769230769231,1,0,aliked_lightglue
73-74,73,74,44,98,IMG20260826123403.jpg,IMG20260826124156.jpg,54,69,32,0.463768115942029,1,0,aliked_lightglue
73-74,73,74,44,99,IMG20260826123403.jpg,IMG20260826124159.jpg,55,67,33,0.4925373134328358,1,0,aliked_lightglue
73-74,73,74,44,100,IMG20260826123403.jpg,IMG20260826124201.jpg,56,141,57,0.40425531914893614,1,0,aliked_lightglue
73-74,73,74,44,101,IMG20260826123403.jpg,IMG20260826124204.jpg,57,171,44,0.2573099415204678,1,0,aliked_lightglue
73-74,73,74,44,102,IMG20260826123403.jpg,IMG20260826124210.jpg,58,170,46,0.27058823529411763,1,0,aliked_lightglue
73-74,73,74,44,103,IMG20260826123403.jpg,IMG20260826124214.jpg,59,125,45,0.36,1,0,aliked_lightglue
73-74,73,74,44,104,IMG20260826123403.jpg,IMG20260826124218.jpg,60,81,28,0.345679012345679,1,0,aliked_lightglue
73-74,73,74,44,105,IMG20260826123403.jpg,IMG20260826124234.jpg,61,49,19,0.3877551020408163,1,0,aliked_lightglue
73-74,73,74,44,106,IMG20260826123403.jpg,IMG20260826124237.jpg,62,103,42,0.4077669902912621,1,0,aliked_lightglue
73-74,73,74,44,107,IMG20260826123403.jpg,IMG20260826124240.jpg,63,85,31,0.36470588235294116,1,0,aliked_lightglue
73-74,73,74,44,108,IMG20260826123403.jpg,IMG20260826124243.jpg,64,112,47,0.41964285714285715,1,0,aliked_lightglue
73-74,73,74,44,109,IMG20260826123403.jpg,IMG20260826124248.jpg,65,182,73,0.4010989010989011,1,0,aliked_lightglue
73-74,73,74,44,110,IMG20260826123403.jpg,IMG20260826124305.jpg,66,45,24,0.5333333333333333,1,0,aliked_lightglue
73-74,73,74,44,111,IMG20260826123403.jpg,IMG20260826124308.jpg,67,146,66,0.4520547945205479,1,0,aliked_lightglue
73-74,73,74,44,112,IMG20260826123403.jpg,IMG20260826124313.jpg,68,194,75,0.3865979381443299,1,0,aliked_lightglue
73-74,73,74,44,113,IMG20260826123403.jpg,IMG20260826124317.jpg,69,247,121,0.4898785425101215,1,0,aliked_lightglue
73-74,73,74,45,86,IMG20260826123408.jpg,IMG20260826124104.jpg,41,153,51,0.3333333333333333,1,0,aliked_lightglue
73-74,73,74,45,87,IMG20260826123408.jpg,IMG20260826124110.jpg,42,171,62,0.36257309941520466,1,0,aliked_lightglue
73-74,73,74,45,88,IMG20260826123408.jpg,IMG20260826124113.jpg,43,139,53,0.381294964028777,1,0,aliked_lightglue
73-74,73,74,45,89,IMG20260826123408.jpg,IMG20260826124116.jpg,44,98,28,0.2857142857142857,1,0,aliked_lightglue
73-74,73,74,45,90,IMG20260826123408.jpg,IMG20260826124123.jpg,45,90,32,0.35555555555555557,1,0,aliked_lightglue
73-74,73,74,45,91,IMG20260826123408.jpg,IMG20260826124128.jpg,46,52,29,0.5576923076923077,1,0,aliked_lightglue
73-74,73,74,45,92,IMG20260826123408.jpg,IMG20260826124132.jpg,47,192,65,0.3385416666666667,1,0,aliked_lightglue
73-74,73,74,45,93,IMG20260826123408.jpg,IMG20260826124140.jpg,48,152,53,0.34868421052631576,1,0,aliked_lightglue
73-74,73,74,45,94,IMG20260826123408.jpg,IMG20260826124143.jpg,49,210,73,0.3476190476190476,1,0,aliked_lightglue
73-74,73,74,45,95,IMG20260826123408.jpg,IMG20260826124146.jpg,50,274,85,0.3102189781021898,1,0,aliked_lightglue
73-74,73,74,45,96,IMG20260826123408.jpg,IMG20260826124148.jpg,51,213,62,0.29107981220657275,1,0,aliked_lightglue
73-74,73,74,45,97,IMG20260826123408.jpg,IMG20260826124151.jpg,52,73,34,0.4657534246575342,1,0,aliked_lightglue
73-74,73,74,45,98,IMG20260826123408.jpg,IMG20260826124156.jpg,53,109,35,0.3211009174311927,1,0,aliked_lightglue
73-74,73,74,45,99,IMG20260826123408.jpg,IMG20260826124159.jpg,54,109,43,0.3944954128440367,1,0,aliked_lightglue
73-74,73,74,45,100,IMG20260826123408.jpg,IMG20260826124201.jpg,55,118,47,0.3983050847457627,1,0,aliked_lightglue
73-74,73,74,45,101,IMG20260826123408.jpg,IMG20260826124204.jpg,56,103,40,0.3883495145631068,1,0,aliked_lightglue
73-74,73,74,45,102,IMG20260826123408.jpg,IMG20260826124210.jpg,57,53,19,0.3584905660377358,1,0,aliked_lightglue
73-74,73,74,45,103,IMG20260826123408.jpg,IMG20260826124214.jpg,58,85,29,0.3411764705882353,1,0,aliked_lightglue
73-74,73,74,45,104,IMG20260826123408.jpg,IMG20260826124218.jpg,59,118,50,0.423728813559322,1,0,aliked_lightglue
73-74,73,74,45,105,IMG20260826123408.jpg,IMG20260826124234.jpg,60,125,41,0.328,1,0,aliked_lightglue
73-74,73,74,45,106,IMG20260826123408.jpg,IMG20260826124237.jpg,61,113,39,0.34513274336283184,1,0,aliked_lightglue
73-74,73,74,45,107,IMG20260826123408.jpg,IMG20260826124240.jpg,62,98,40,0.40816326530612246,1,0,aliked_lightglue
73-74,73,74,45,108,IMG20260826123408.jpg,IMG20260826124243.jpg,63,149,56,0.37583892617449666,1,0,aliked_lightglue
73-74,73,74,45,109,IMG20260826123408.jpg,IMG20260826124248.jpg,64,87,39,0.4482758620689655,1,0,aliked_lightglue
73-74,73,74,45,110,IMG20260826123408.jpg,IMG20260826124305.jpg,65,133,62,0.46616541353383456,1,0,aliked_lightglue
73-74,73,74,45,111,IMG20260826123408.jpg,IMG20260826124308.jpg,66,155,66,0.4258064516129032,1,0,aliked_lightglue
73-74,73,74,45,112,IMG20260826123408.jpg,IMG20260826124313.jpg,67,219,78,0.3561643835616438,1,0,aliked_lightglue
73-74,73,74,45,113,IMG20260826123408.jpg,IMG20260826124317.jpg,68,217,80,0.3686635944700461,1,0,aliked_lightglue
73-74,73,74,46,87,IMG20260826123414.jpg,IMG20260826124110.jpg,41,169,72,0.4260355029585799,1,0,aliked_lightglue
73-74,73,74,46,88,IMG20260826123414.jpg,IMG20260826124113.jpg,42,146,52,0.3561643835616438,1,0,aliked_lightglue
73-74,73,74,46,89,IMG20260826123414.jpg,IMG20260826124116.jpg,43,125,56,0.448,1,0,aliked_lightglue
73-74,73,74,46,90,IMG20260826123414.jpg,IMG20260826124123.jpg,44,144,29,0.2013888888888889,1,0,aliked_lightglue
73-74,73,74,46,91,IMG20260826123414.jpg,IMG20260826124128.jpg,45,97,35,0.36082474226804123,1,0,aliked_lightglue
73-74,73,74,46,92,IMG20260826123414.jpg,IMG20260826124132.jpg,46,120,37,0.30833333333333335,1,0,aliked_lightglue
73-74,73,74,46,93,IMG20260826123414.jpg,IMG20260826124140.jpg,47,182,53,0.29120879120879123,1,0,aliked_lightglue
73-74,73,74,46,94,IMG20260826123414.jpg,IMG20260826124143.jpg,48,237,88,0.37130801687763715,1,0,aliked_lightglue
73-74,73,74,46,95,IMG20260826123414.jpg,IMG20260826124146.jpg,49,364,137,0.37637362637362637,1,0,aliked_lightglue
73-74,73,74,46,96,IMG20260826123414.jpg,IMG20260826124148.jpg,50,287,93,0.3240418118466899,1,0,aliked_lightglue
73-74,73,74,46,97,IMG20260826123414.jpg,IMG20260826124151.jpg,51,166,54,0.3253012048192771,1,0,aliked_lightglue
73-74,73,74,46,98,IMG20260826123414.jpg,IMG20260826124156.jpg,52,139,60,0.4316546762589928,1,0,aliked_lightglue
73-74,73,74,46,99,IMG20260826123414.jpg,IMG20260826124159.jpg,53,137,58,0.4233576642335766,1,0,aliked_lightglue
73-74,73,74,46,100,IMG20260826123414.jpg,IMG20260826124201.jpg,54,103,51,0.49514563106796117,1,0,aliked_lightglue
73-74,73,74,46,101,IMG20260826123414.jpg,IMG20260826124204.jpg,55,123,50,0.4065040650406504,1,0,aliked_lightglue
73-74,73,74,46,102,IMG20260826123414.jpg,IMG20260826124210.jpg,56,97,34,0.35051546391752575,1,0,aliked_lightglue
73-74,73,74,46,103,IMG20260826123414.jpg,IMG20260826124214.jpg,57,88,34,0.38636363636363635,1,0,aliked_lightglue
73-74,73,74,46,104,IMG20260826123414.jpg,IMG20260826124218.jpg,58,96,34,0.3541666666666667,1,0,aliked_lightglue
73-74,73,74,46,105,IMG20260826123414.jpg,IMG20260826124234.jpg,59,85,38,0.4470588235294118,1,0,aliked_lightglue
73-74,73,74,46,106,IMG20260826123414.jpg,IMG20260826124237.jpg,60,130,47,0.36153846153846153,1,0,aliked_lightglue
73-74,73,74,46,107,IMG20260826123414.jpg,IMG20260826124240.jpg,61,128,49,0.3828125,1,0,aliked_lightglue
73-74,73,74,46,108,IMG20260826123414.jpg,IMG20260826124243.jpg,62,180,82,0.45555555555555555,1,0,aliked_lightglue
73-74,73,74,46,109,IMG20260826123414.jpg,IMG20260826124248.jpg,63,69,34,0.4927536231884058,1,0,aliked_lightglue
73-74,73,74,46,110,IMG20260826123414.jpg,IMG20260826124305.jpg,64,170,95,0.5588235294117647,1,0,aliked_lightglue
73-74,73,74,46,111,IMG20260826123414.jpg,IMG20260826124308.jpg,65,304,122,0.40131578947368424,1,0,aliked_lightglue
73-74,73,74,46,112,IMG20260826123414.jpg,IMG20260826124313.jpg,66,294,105,0.35714285714285715,1,0,aliked_lightglue
73-74,73,74,46,113,IMG20260826123414.jpg,IMG20260826124317.jpg,67,291,129,0.44329896907216493,1,0,aliked_lightglue
73-74,73,74,47,88,IMG20260826123417.jpg,IMG20260826124113.jpg,41,203,80,0.39408866995073893,1,0,aliked_lightglue
73-74,73,74,47,89,IMG20260826123417.jpg,IMG20260826124116.jpg,42,189,83,0.43915343915343913,1,0,aliked_lightglue
73-74,73,74,47,90,IMG20260826123417.jpg,IMG20260826124123.jpg,43,159,40,0.25157232704402516,1,0,aliked_lightglue
73-74,73,74,47,91,IMG20260826123417.jpg,IMG20260826124128.jpg,44,77,35,0.45454545454545453,1,0,aliked_lightglue
73-74,73,74,47,92,IMG20260826123417.jpg,IMG20260826124132.jpg,45,153,49,0.3202614379084967,1,0,aliked_lightglue
73-74,73,74,47,93,IMG20260826123417.jpg,IMG20260826124140.jpg,46,167,57,0.3413173652694611,1,0,aliked_lightglue
73-74,73,74,47,94,IMG20260826123417.jpg,IMG20260826124143.jpg,47,148,67,0.4527027027027027,1,0,aliked_lightglue
73-74,73,74,47,95,IMG20260826123417.jpg,IMG20260826124146.jpg,48,298,86,0.28859060402684567,1,0,aliked_lightglue
73-74,73,74,47,96,IMG20260826123417.jpg,IMG20260826124148.jpg,49,374,106,0.28342245989304815,1,0,aliked_lightglue
73-74,73,74,47,97,IMG20260826123417.jpg,IMG20260826124151.jpg,50,184,60,0.32608695652173914,1,0,aliked_lightglue
73-74,73,74,47,98,IMG20260826123417.jpg,IMG20260826124156.jpg,51,228,83,0.36403508771929827,1,0,aliked_lightglue
73-74,73,74,47,99,IMG20260826123417.jpg,IMG20260826124159.jpg,52,181,70,0.3867403314917127,1,0,aliked_lightglue
73-74,73,74,47,100,IMG20260826123417.jpg,IMG20260826124201.jpg,53,91,47,0.5164835164835165,1,0,aliked_lightglue
73-74,73,74,47,101,IMG20260826123417.jpg,IMG20260826124204.jpg,54,96,53,0.5520833333333334,1,0,aliked_lightglue
73-74,73,74,47,102,IMG20260826123417.jpg,IMG20260826124210.jpg,55,71,32,0.4507042253521127,1,0,aliked_lightglue
73-74,73,74,47,103,IMG20260826123417.jpg,IMG20260826124214.jpg,56,52,20,0.38461538461538464,1,0,aliked_lightglue
73-74,73,74,47,104,IMG20260826123417.jpg,IMG20260826124218.jpg,57,44,18,0.4090909090909091,1,0,aliked_lightglue
73-74,73,74,47,105,IMG20260826123417.jpg,IMG20260826124234.jpg,58,101,30,0.297029702970297,1,0,aliked_lightglue
73-74,73,74,47,106,IMG20260826123417.jpg,IMG20260826124237.jpg,59,59,24,0.4067796610169492,1,0,aliked_lightglue
73-74,73,74,47,107,IMG20260826123417.jpg,IMG20260826124240.jpg,60,62,24,0.3870967741935484,1,0,aliked_lightglue
73-74,73,74,47,108,IMG20260826123417.jpg,IMG20260826124243.jpg,61,106,42,0.39622641509433965,1,0,aliked_lightglue
73-74,73,74,47,109,IMG20260826123417.jpg,IMG20260826124248.jpg,62,64,25,0.390625,1,0,aliked_lightglue
73-74,73,74,47,110,IMG20260826123417.jpg,IMG20260826124305.jpg,63,206,92,0.44660194174757284,1,0,aliked_lightglue
73-74,73,74,47,111,IMG20260826123417.jpg,IMG20260826124308.jpg,64,202,74,0.36633663366336633,1,0,aliked_lightglue
73-74,73,74,47,112,IMG20260826123417.jpg,IMG20260826124313.jpg,65,256,95,0.37109375,1,0,aliked_lightglue
73-74,73,74,47,113,IMG20260826123417.jpg,IMG20260826124317.jpg,66,180,75,0.4166666666666667,1,0,aliked_lightglue
73-74,73,74,48,89,IMG20260826123422.jpg,IMG20260826124116.jpg,41,184,73,0.3967391304347826,1,0,aliked_lightglue
73-74,73,74,48,90,IMG20260826123422.jpg,IMG20260826124123.jpg,42,133,47,0.3533834586466165,1,0,aliked_lightglue
73-74,73,74,48,91,IMG20260826123422.jpg,IMG20260826124128.jpg,43,101,53,0.5247524752475248,1,0,aliked_lightglue
73-74,73,74,48,92,IMG20260826123422.jpg,IMG20260826124132.jpg,44,128,47,0.3671875,1,0,aliked_lightglue
73-74,73,74,48,93,IMG20260826123422.jpg,IMG20260826124140.jpg,45,111,43,0.38738738738738737,1,0,aliked_lightglue
73-74,73,74,48,94,IMG20260826123422.jpg,IMG20260826124143.jpg,46,109,50,0.45871559633027525,1,0,aliked_lightglue
73-74,73,74,48,95,IMG20260826123422.jpg,IMG20260826124146.jpg,47,178,77,0.43258426966292135,1,0,aliked_lightglue
73-74,73,74,48,96,IMG20260826123422.jpg,IMG20260826124148.jpg,48,146,55,0.3767123287671233,1,0,aliked_lightglue
73-74,73,74,48,97,IMG20260826123422.jpg,IMG20260826124151.jpg,49,212,72,0.33962264150943394,1,0,aliked_lightglue
73-74,73,74,48,98,IMG20260826123422.jpg,IMG20260826124156.jpg,50,201,83,0.4129353233830846,1,0,aliked_lightglue
73-74,73,74,48,99,IMG20260826123422.jpg,IMG20260826124159.jpg,51,227,106,0.4669603524229075,1,0,aliked_lightglue
73-74,73,74,48,100,IMG20260826123422.jpg,IMG20260826124201.jpg,52,121,54,0.4462809917355372,1,0,aliked_lightglue
73-74,73,74,48,101,IMG20260826123422.jpg,IMG20260826124204.jpg,53,129,64,0.49612403100775193,1,0,aliked_lightglue
73-74,73,74,48,102,IMG20260826123422.jpg,IMG20260826124210.jpg,54,57,25,0.43859649122807015,1,0,aliked_lightglue
73-74,73,74,48,103,IMG20260826123422.jpg,IMG20260826124214.jpg,55,57,27,0.47368421052631576,1,0,aliked_lightglue
73-74,73,74,48,104,IMG20260826123422.jpg,IMG20260826124218.jpg,56,77,27,0.35064935064935066,1,0,aliked_lightglue
73-74,73,74,48,105,IMG20260826123422.jpg,IMG20260826124234.jpg,57,117,47,0.4017094017094017,1,0,aliked_lightglue
73-74,73,74,48,106,IMG20260826123422.jpg,IMG20260826124237.jpg,58,123,41,0.3333333333333333,1,0,aliked_lightglue
73-74,73,74,48,107,IMG20260826123422.jpg,IMG20260826124240.jpg,59,109,41,0.3761467889908257,1,0,aliked_lightglue
73-74,73,74,48,108,IMG20260826123422.jpg,IMG20260826124243.jpg,60,195,73,0.37435897435897436,1,0,aliked_lightglue
73-74,73,74,48,109,IMG20260826123422.jpg,IMG20260826124248.jpg,61,99,36,0.36363636363636365,1,0,aliked_lightglue
73-74,73,74,48,110,IMG20260826123422.jpg,IMG20260826124305.jpg,62,92,44,0.4782608695652174,1,0,aliked_lightglue
73-74,73,74,48,111,IMG20260826123422.jpg,IMG20260826124308.jpg,63,145,72,0.496551724137931,1,0,aliked_lightglue
73-74,73,74,48,112,IMG20260826123422.jpg,IMG20260826124313.jpg,64,118,56,0.4745762711864407,1,0,aliked_lightglue
73-74,73,74,48,113,IMG20260826123422.jpg,IMG20260826124317.jpg,65,247,117,0.47368421052631576,1,0,aliked_lightglue
73-74,73,74,49,90,IMG20260826123427.jpg,IMG20260826124123.jpg,41,217,75,0.3456221198156682,1,0,aliked_lightglue
73-74,73,74,49,91,IMG20260826123427.jpg,IMG20260826124128.jpg,42,117,47,0.4017094017094017,1,0,aliked_lightglue
73-74,73,74,49,92,IMG20260826123427.jpg,IMG20260826124132.jpg,43,139,50,0.3597122302158273,1,0,aliked_lightglue
73-74,73,74,49,93,IMG20260826123427.jpg,IMG20260826124140.jpg,44,77,21,0.2727272727272727,1,0,aliked_lightglue
73-74,73,74,49,94,IMG20260826123427.jpg,IMG20260826124143.jpg,45,85,27,0.3176470588235294,1,0,aliked_lightglue
73-74,73,74,49,95,IMG20260826123427.jpg,IMG20260826124146.jpg,46,144,73,0.5069444444444444,1,0,aliked_lightglue
73-74,73,74,49,96,IMG20260826123427.jpg,IMG20260826124148.jpg,47,243,77,0.3168724279835391,1,0,aliked_lightglue
73-74,73,74,49,97,IMG20260826123427.jpg,IMG20260826124151.jpg,48,192,71,0.3697916666666667,1,0,aliked_lightglue
73-74,73,74,49,98,IMG20260826123427.jpg,IMG20260826124156.jpg,49,249,94,0.37751004016064255,1,0,aliked_lightglue
73-74,73,74,49,99,IMG20260826123427.jpg,IMG20260826124159.jpg,50,276,101,0.36594202898550726,1,0,aliked_lightglue
73-74,73,74,49,100,IMG20260826123427.jpg,IMG20260826124201.jpg,51,180,79,0.4388888888888889,1,0,aliked_lightglue
73-74,73,74,49,101,IMG20260826123427.jpg,IMG20260826124204.jpg,52,227,87,0.3832599118942731,1,0,aliked_lightglue
73-74,73,74,49,102,IMG20260826123427.jpg,IMG20260826124210.jpg,53,67,30,0.44776119402985076,1,0,aliked_lightglue
73-74,73,74,49,103,IMG20260826123427.jpg,IMG20260826124214.jpg,54,139,33,0.23741007194244604,1,0,aliked_lightglue
73-74,73,74,49,104,IMG20260826123427.jpg,IMG20260826124218.jpg,55,96,40,0.4166666666666667,1,0,aliked_lightglue
73-74,73,74,49,105,IMG20260826123427.jpg,IMG20260826124234.jpg,56,120,38,0.31666666666666665,1,0,aliked_lightglue
73-74,73,74,49,106,IMG20260826123427.jpg,IMG20260826124237.jpg,57,88,30,0.3409090909090909,1,0,aliked_lightglue
73-74,73,74,49,107,IMG20260826123427.jpg,IMG20260826124240.jpg,58,92,28,0.30434782608695654,1,0,aliked_lightglue
73-74,73,74,49,108,IMG20260826123427.jpg,IMG20260826124243.jpg,59,179,65,0.36312849162011174,1,0,aliked_lightglue
73-74,73,74,49,109,IMG20260826123427.jpg,IMG20260826124248.jpg,60,116,26,0.22413793103448276,1,0,aliked_lightglue
73-74,73,74,49,110,IMG20260826123427.jpg,IMG20260826124305.jpg,61,82,39,0.47560975609756095,1,0,aliked_lightglue
73-74,73,74,49,111,IMG20260826123427.jpg,IMG20260826124308.jpg,62,166,72,0.43373493975903615,1,0,aliked_lightglue
73-74,73,74,49,112,IMG20260826123427.jpg,IMG20260826124313.jpg,63,66,34,0.5151515151515151,1,0,aliked_lightglue
73-74,73,74,49,113,IMG20260826123427.jpg,IMG20260826124317.jpg,64,214,100,0.4672897196261682,1,0,aliked_lightglue
73-74,73,74,50,91,IMG20260826123434.jpg,IMG20260826124128.jpg,41,224,84,0.375,1,0,aliked_lightglue
73-74,73,74,50,92,IMG20260826123434.jpg,IMG20260826124132.jpg,42,128,57,0.4453125,1,0,aliked_lightglue
73-74,73,74,50,93,IMG20260826123434.jpg,IMG20260826124140.jpg,43,99,48,0.48484848484848486,1,0,aliked_lightglue
73-74,73,74,50,94,IMG20260826123434.jpg,IMG20260826124143.jpg,44,95,28,0.29473684210526313,1,0,aliked_lightglue
73-74,73,74,50,95,IMG20260826123434.jpg,IMG20260826124146.jpg,45,152,74,0.4868421052631579,1,0,aliked_lightglue
73-74,73,74,50,96,IMG20260826123434.jpg,IMG20260826124148.jpg,46,152,70,0.4605263157894737,1,0,aliked_lightglue
73-74,73,74,50,97,IMG20260826123434.jpg,IMG20260826124151.jpg,47,293,113,0.3856655290102389,1,0,aliked_lightglue
73-74,73,74,50,98,IMG20260826123434.jpg,IMG20260826124156.jpg,48,316,102,0.3227848101265823,1,0,aliked_lightglue
73-74,73,74,50,99,IMG20260826123434.jpg,IMG20260826124159.jpg,49,234,91,0.3888888888888889,1,0,aliked_lightglue
73-74,73,74,50,100,IMG20260826123434.jpg,IMG20260826124201.jpg,50,281,115,0.4092526690391459,1,0,aliked_lightglue
73-74,73,74,50,101,IMG20260826123434.jpg,IMG20260826124204.jpg,51,329,114,0.3465045592705167,1,0,aliked_lightglue
73-74,73,74,50,102,IMG20260826123434.jpg,IMG20260826124210.jpg,52,163,58,0.3558282208588957,1,0,aliked_lightglue
73-74,73,74,50,103,IMG20260826123434.jpg,IMG20260826124214.jpg,53,131,42,0.32061068702290074,1,0,aliked_lightglue
73-74,73,74,50,104,IMG20260826123434.jpg,IMG20260826124218.jpg,54,87,27,0.3103448275862069,1,0,aliked_lightglue
73-74,73,74,50,105,IMG20260826123434.jpg,IMG20260826124234.jpg,55,105,30,0.2857142857142857,1,0,aliked_lightglue
73-74,73,74,50,106,IMG20260826123434.jpg,IMG20260826124237.jpg,56,57,23,0.40350877192982454,1,0,aliked_lightglue
73-74,73,74,50,107,IMG20260826123434.jpg,IMG20260826124240.jpg,57,62,23,0.3709677419354839,1,0,aliked_lightglue
73-74,73,74,50,108,IMG20260826123434.jpg,IMG20260826124243.jpg,58,155,48,0.3096774193548387,1,0,aliked_lightglue
73-74,73,74,50,109,IMG20260826123434.jpg,IMG20260826124248.jpg,59,134,39,0.291044776119403,1,0,aliked_lightglue
73-74,73,74,50,110,IMG20260826123434.jpg,IMG20260826124305.jpg,60,72,31,0.4305555555555556,1,0,aliked_lightglue
73-74,73,74,50,111,IMG20260826123434.jpg,IMG20260826124308.jpg,61,111,54,0.4864864864864865,1,0,aliked_lightglue
73-74,73,74,50,112,IMG20260826123434.jpg,IMG20260826124313.jpg,62,53,28,0.5283018867924528,1,0,aliked_lightglue
73-74,73,74,50,113,IMG20260826123434.jpg,IMG20260826124317.jpg,63,214,90,0.4205607476635514,1,0,aliked_lightglue
73-74,73,74,51,92,IMG20260826123437.jpg,IMG20260826124132.jpg,41,131,52,0.3969465648854962,1,0,aliked_lightglue
73-74,73,74,51,93,IMG20260826123437.jpg,IMG20260826124140.jpg,42,84,33,0.39285714285714285,1,0,aliked_lightglue
73-74,73,74,51,94,IMG20260826123437.jpg,IMG20260826124143.jpg,43,73,26,0.3561643835616438,1,0,aliked_lightglue
73-74,73,74,51,95,IMG20260826123437.jpg,IMG20260826124146.jpg,44,131,59,0.45038167938931295,1,0,aliked_lightglue
73-74,73,74,51,96,IMG20260826123437.jpg,IMG20260826124148.jpg,45,146,58,0.3972602739726027,1,0,aliked_lightglue
73-74,73,74,51,97,IMG20260826123437.jpg,IMG20260826124151.jpg,46,233,103,0.44206008583690987,1,0,aliked_lightglue
73-74,73,74,51,98,IMG20260826123437.jpg,IMG20260826124156.jpg,47,280,96,0.34285714285714286,1,0,aliked_lightglue
73-74,73,74,51,99,IMG20260826123437.jpg,IMG20260826124159.jpg,48,202,71,0.35148514851485146,1,0,aliked_lightglue
73-74,73,74,51,100,IMG20260826123437.jpg,IMG20260826124201.jpg,49,324,114,0.35185185185185186,1,0,aliked_lightglue
73-74,73,74,51,101,IMG20260826123437.jpg,IMG20260826124204.jpg,50,223,110,0.49327354260089684,1,0,aliked_lightglue
73-74,73,74,51,102,IMG20260826123437.jpg,IMG20260826124210.jpg,51,153,68,0.4444444444444444,1,0,aliked_lightglue
73-74,73,74,51,103,IMG20260826123437.jpg,IMG20260826124214.jpg,52,202,63,0.3118811881188119,1,0,aliked_lightglue
73-74,73,74,51,104,IMG20260826123437.jpg,IMG20260826124218.jpg,53,208,65,0.3125,1,0,aliked_lightglue
73-74,73,74,51,105,IMG20260826123437.jpg,IMG20260826124234.jpg,54,155,62,0.4,1,0,aliked_lightglue
73-74,73,74,51,106,IMG20260826123437.jpg,IMG20260826124237.jpg,55,133,59,0.44360902255639095,1,0,aliked_lightglue
73-74,73,74,51,107,IMG20260826123437.jpg,IMG20260826124240.jpg,56,97,29,0.29896907216494845,1,0,aliked_lightglue
73-74,73,74,51,108,IMG20260826123437.jpg,IMG20260826124243.jpg,57,107,30,0.2803738317757009,1,0,aliked_lightglue
73-74,73,74,51,109,IMG20260826123437.jpg,IMG20260826124248.jpg,58,132,45,0.3409090909090909,1,0,aliked_lightglue
73-74,73,74,51,110,IMG20260826123437.jpg,IMG20260826124305.jpg,59,49,17,0.3469387755102041,1,0,aliked_lightglue
73-74,73,74,51,111,IMG20260826123437.jpg,IMG20260826124308.jpg,60,73,31,0.4246575342465753,1,0,aliked_lightglue
73-74,73,74,51,112,IMG20260826123437.jpg,IMG20260826124313.jpg,61,50,26,0.52,1,0,aliked_lightglue
73-74,73,74,51,113,IMG20260826123437.jpg,IMG20260826124317.jpg,62,114,49,0.4298245614035088,1,0,aliked_lightglue
73-74,73,74,52,93,IMG20260826123441.jpg,IMG20260826124140.jpg,41,64,24,0.375,1,0,aliked_lightglue
73-74,73,74,52,94,IMG20260826123441.jpg,IMG20260826124143.jpg,42,126,56,0.4444444444444444,1,0,aliked_lightglue
73-74,73,74,52,95,IMG20260826123441.jpg,IMG20260826124146.jpg,43,202,91,0.4504950495049505,1,0,aliked_lightglue
73-74,73,74,52,96,IMG20260826123441.jpg,IMG20260826124148.jpg,44,136,60,0.4411764705882353,1,0,aliked_lightglue
73-74,73,74,52,97,IMG20260826123441.jpg,IMG20260826124151.jpg,45,146,64,0.4383561643835616,1,0,aliked_lightglue
73-74,73,74,52,98,IMG20260826123441.jpg,IMG20260826124156.jpg,46,294,128,0.43537414965986393,1,0,aliked_lightglue
73-74,73,74,52,99,IMG20260826123441.jpg,IMG20260826124159.jpg,47,251,94,0.3745019920318725,1,0,aliked_lightglue
73-74,73,74,52,100,IMG20260826123441.jpg,IMG20260826124201.jpg,48,215,102,0.4744186046511628,1,0,aliked_lightglue
73-74,73,74,52,101,IMG20260826123441.jpg,IMG20260826124204.jpg,49,296,103,0.34797297297297297,1,0,aliked_lightglue
73-74,73,74,52,102,IMG20260826123441.jpg,IMG20260826124210.jpg,50,221,94,0.4253393665158371,1,0,aliked_lightglue
73-74,73,74,52,103,IMG20260826123441.jpg,IMG20260826124214.jpg,51,292,114,0.3904109589041096,1,0,aliked_lightglue
73-74,73,74,52,104,IMG20260826123441.jpg,IMG20260826124218.jpg,52,250,89,0.356,1,0,aliked_lightglue
73-74,73,74,52,105,IMG20260826123441.jpg,IMG20260826124234.jpg,53,101,35,0.3465346534653465,1,0,aliked_lightglue
73-74,73,74,52,106,IMG20260826123441.jpg,IMG20260826124237.jpg,54,72,36,0.5,1,0,aliked_lightglue
73-74,73,74,52,107,IMG20260826123441.jpg,IMG20260826124240.jpg,55,89,30,0.33707865168539325,1,0,aliked_lightglue
73-74,73,74,52,108,IMG20260826123441.jpg,IMG20260826124243.jpg,56,137,62,0.45255474452554745,1,0,aliked_lightglue
73-74,73,74,52,109,IMG20260826123441.jpg,IMG20260826124248.jpg,57,135,64,0.4740740740740741,1,0,aliked_lightglue
73-74,73,74,52,110,IMG20260826123441.jpg,IMG20260826124305.jpg,58,58,26,0.4482758620689655,1,0,aliked_lightglue
73-74,73,74,52,111,IMG20260826123441.jpg,IMG20260826124308.jpg,59,130,48,0.36923076923076925,1,0,aliked_lightglue
73-74,73,74,52,112,IMG20260826123441.jpg,IMG20260826124313.jpg,60,125,61,0.488,1,0,aliked_lightglue
73-74,73,74,52,113,IMG20260826123441.jpg,IMG20260826124317.jpg,61,159,80,0.5031446540880503,1,0,aliked_lightglue
73-74,73,74,53,94,IMG20260826123446.jpg,IMG20260826124143.jpg,41,128,55,0.4296875,1,0,aliked_lightglue
73-74,73,74,53,95,IMG20260826123446.jpg,IMG20260826124146.jpg,42,130,54,0.4153846153846154,1,0,aliked_lightglue
73-74,73,74,53,96,IMG20260826123446.jpg,IMG20260826124148.jpg,43,191,71,0.3717277486910995,1,0,aliked_lightglue
73-74,73,74,53,97,IMG20260826123446.jpg,IMG20260826124151.jpg,44,74,27,0.36486486486486486,1,0,aliked_lightglue
73-74,73,74,53,98,IMG20260826123446.jpg,IMG20260826124156.jpg,45,215,83,0.386046511627907,1,0,aliked_lightglue
73-74,73,74,53,99,IMG20260826123446.jpg,IMG20260826124159.jpg,46,223,75,0.336322869955157,1,0,aliked_lightglue
73-74,73,74,53,100,IMG20260826123446.jpg,IMG20260826124201.jpg,47,203,86,0.4236453201970443,1,0,aliked_lightglue
73-74,73,74,53,101,IMG20260826123446.jpg,IMG20260826124204.jpg,48,214,90,0.4205607476635514,1,0,aliked_lightglue
73-74,73,74,53,102,IMG20260826123446.jpg,IMG20260826124210.jpg,49,249,123,0.4939759036144578,1,0,aliked_lightglue
73-74,73,74,53,103,IMG20260826123446.jpg,IMG20260826124214.jpg,50,291,122,0.41924398625429554,1,0,aliked_lightglue
73-74,73,74,53,104,IMG20260826123446.jpg,IMG20260826124218.jpg,51,284,101,0.35563380281690143,1,0,aliked_lightglue
73-74,73,74,53,105,IMG20260826123446.jpg,IMG20260826124234.jpg,52,183,67,0.366120218579235,1,0,aliked_lightglue
73-74,73,74,53,106,IMG20260826123446.jpg,IMG20260826124237.jpg,53,178,53,0.29775280898876405,1,0,aliked_lightglue
73-74,73,74,53,107,IMG20260826123446.jpg,IMG20260826124240.jpg,54,105,37,0.3523809523809524,1,0,aliked_lightglue
73-74,73,74,53,108,IMG20260826123446.jpg,IMG20260826124243.jpg,55,160,65,0.40625,1,0,aliked_lightglue
73-74,73,74,53,109,IMG20260826123446.jpg,IMG20260826124248.jpg,56,100,39,0.39,1,0,aliked_lightglue
73-74,73,74,53,110,IMG20260826123446.jpg,IMG20260826124305.jpg,57,61,32,0.5245901639344263,1,0,aliked_lightglue
73-74,73,74,53,111,IMG20260826123446.jpg,IMG20260826124308.jpg,58,121,53,0.4380165289256198,1,0,aliked_lightglue
73-74,73,74,53,112,IMG20260826123446.jpg,IMG20260826124313.jpg,59,104,50,0.4807692307692308,1,0,aliked_lightglue
73-74,73,74,53,113,IMG20260826123446.jpg,IMG20260826124317.jpg,60,148,54,0.36486486486486486,1,0,aliked_lightglue
73-74,73,74,54,95,IMG20260826123450.jpg,IMG20260826124146.jpg,41,163,65,0.3987730061349693,1,0,aliked_lightglue
73-74,73,74,54,96,IMG20260826123450.jpg,IMG20260826124148.jpg,42,148,61,0.41216216216216217,1,0,aliked_lightglue
73-74,73,74,54,97,IMG20260826123450.jpg,IMG20260826124151.jpg,43,126,58,0.4603174603174603,1,0,aliked_lightglue
73-74,73,74,54,98,IMG20260826123450.jpg,IMG20260826124156.jpg,44,126,53,0.42063492063492064,1,0,aliked_lightglue
73-74,73,74,54,99,IMG20260826123450.jpg,IMG20260826124159.jpg,45,204,91,0.44607843137254904,1,0,aliked_lightglue
73-74,73,74,54,100,IMG20260826123450.jpg,IMG20260826124201.jpg,46,196,78,0.3979591836734694,1,0,aliked_lightglue
73-74,73,74,54,101,IMG20260826123450.jpg,IMG20260826124204.jpg,47,203,75,0.3694581280788177,1,0,aliked_lightglue
73-74,73,74,54,102,IMG20260826123450.jpg,IMG20260826124210.jpg,48,283,140,0.49469964664310956,1,0,aliked_lightglue
73-74,73,74,54,103,IMG20260826123450.jpg,IMG20260826124214.jpg,49,253,146,0.5770750988142292,1,0,aliked_lightglue
73-74,73,74,54,104,IMG20260826123450.jpg,IMG20260826124218.jpg,50,186,84,0.45161290322580644,1,0,aliked_lightglue
73-74,73,74,54,105,IMG20260826123450.jpg,IMG20260826124234.jpg,51,194,89,0.4587628865979381,1,0,aliked_lightglue
73-74,73,74,54,106,IMG20260826123450.jpg,IMG20260826124237.jpg,52,276,101,0.36594202898550726,1,0,aliked_lightglue
73-74,73,74,54,107,IMG20260826123450.jpg,IMG20260826124240.jpg,53,118,45,0.3813559322033898,1,0,aliked_lightglue
73-74,73,74,54,108,IMG20260826123450.jpg,IMG20260826124243.jpg,54,143,55,0.38461538461538464,1,0,aliked_lightglue
73-74,73,74,54,109,IMG20260826123450.jpg,IMG20260826124248.jpg,55,95,43,0.45263157894736844,1,0,aliked_lightglue
73-74,73,74,54,110,IMG20260826123450.jpg,IMG20260826124305.jpg,56,123,46,0.37398373983739835,1,0,aliked_lightglue
73-74,73,74,54,111,IMG20260826123450.jpg,IMG20260826124308.jpg,57,92,35,0.3804347826086957,1,0,aliked_lightglue
73-74,73,74,54,112,IMG20260826123450.jpg,IMG20260826124313.jpg,58,58,27,0.46551724137931033,1,0,aliked_lightglue
73-74,73,74,54,113,IMG20260826123450.jpg,IMG20260826124317.jpg,59,91,44,0.4835164835164835,1,0,aliked_lightglue
73-74,73,74,55,96,IMG20260826123454.jpg,IMG20260826124148.jpg,41,126,66,0.5238095238095238,1,0,aliked_lightglue
73-74,73,74,55,97,IMG20260826123454.jpg,IMG20260826124151.jpg,42,67,29,0.43283582089552236,1,0,aliked_lightglue
73-74,73,74,55,98,IMG20260826123454.jpg,IMG20260826124156.jpg,43,96,56,0.5833333333333334,1,0,aliked_lightglue
73-74,73,74,55,99,IMG20260826123454.jpg,IMG20260826124159.jpg,44,144,50,0.3472222222222222,1,0,aliked_lightglue
73-74,73,74,55,100,IMG20260826123454.jpg,IMG20260826124201.jpg,45,111,47,0.42342342342342343,1,0,aliked_lightglue
73-74,73,74,55,101,IMG20260826123454.jpg,IMG20260826124204.jpg,46,228,99,0.4342105263157895,1,0,aliked_lightglue
73-74,73,74,55,102,IMG20260826123454.jpg,IMG20260826124210.jpg,47,237,119,0.5021097046413502,1,0,aliked_lightglue
73-74,73,74,55,103,IMG20260826123454.jpg,IMG20260826124214.jpg,48,303,144,0.4752475247524752,1,0,aliked_lightglue
73-74,73,74,55,104,IMG20260826123454.jpg,IMG20260826124218.jpg,49,370,171,0.46216216216216216,1,1,aliked_lightglue
73-74,73,74,55,105,IMG20260826123454.jpg,IMG20260826124234.jpg,50,281,110,0.3914590747330961,1,0,aliked_lightglue
73-74,73,74,55,106,IMG20260826123454.jpg,IMG20260826124237.jpg,51,222,78,0.35135135135135137,1,0,aliked_lightglue
73-74,73,74,55,107,IMG20260826123454.jpg,IMG20260826124240.jpg,52,154,57,0.37012987012987014,1,0,aliked_lightglue
73-74,73,74,55,108,IMG20260826123454.jpg,IMG20260826124243.jpg,53,149,59,0.3959731543624161,1,0,aliked_lightglue
73-74,73,74,55,109,IMG20260826123454.jpg,IMG20260826124248.jpg,54,114,47,0.41228070175438597,1,0,aliked_lightglue
73-74,73,74,55,110,IMG20260826123454.jpg,IMG20260826124305.jpg,55,145,69,0.47586206896551725,1,0,aliked_lightglue
73-74,73,74,55,111,IMG20260826123454.jpg,IMG20260826124308.jpg,56,133,60,0.45112781954887216,1,0,aliked_lightglue
73-74,73,74,55,112,IMG20260826123454.jpg,IMG20260826124313.jpg,57,117,59,0.5042735042735043,1,0,aliked_lightglue
73-74,73,74,55,113,IMG20260826123454.jpg,IMG20260826124317.jpg,58,103,45,0.4368932038834951,1,0,aliked_lightglue
73-74,73,74,56,97,IMG20260826123708.jpg,IMG20260826124151.jpg,41,105,44,0.41904761904761906,1,0,aliked_lightglue
73-74,73,74,56,98,IMG20260826123708.jpg,IMG20260826124156.jpg,42,192,64,0.3333333333333333,1,0,aliked_lightglue
73-74,73,74,56,99,IMG20260826123708.jpg,IMG20260826124159.jpg,43,193,100,0.5181347150259067,1,0,aliked_lightglue
73-74,73,74,56,100,IMG20260826123708.jpg,IMG20260826124201.jpg,44,222,95,0.42792792792792794,1,0,aliked_lightglue
73-74,73,74,56,101,IMG20260826123708.jpg,IMG20260826124204.jpg,45,311,125,0.40192926045016075,1,0,aliked_lightglue
73-74,73,74,56,102,IMG20260826123708.jpg,IMG20260826124210.jpg,46,275,115,0.41818181818181815,1,0,aliked_lightglue
73-74,73,74,56,103,IMG20260826123708.jpg,IMG20260826124214.jpg,47,351,134,0.3817663817663818,1,0,aliked_lightglue
73-74,73,74,56,104,IMG20260826123708.jpg,IMG20260826124218.jpg,48,303,122,0.40264026402640263,1,0,aliked_lightglue
73-74,73,74,56,105,IMG20260826123708.jpg,IMG20260826124234.jpg,49,219,82,0.3744292237442922,1,0,aliked_lightglue
73-74,73,74,56,106,IMG20260826123708.jpg,IMG20260826124237.jpg,50,350,117,0.3342857142857143,1,0,aliked_lightglue
73-74,73,74,56,107,IMG20260826123708.jpg,IMG20260826124240.jpg,51,214,73,0.3411214953271028,1,0,aliked_lightglue
73-74,73,74,56,108,IMG20260826123708.jpg,IMG20260826124243.jpg,52,220,62,0.2818181818181818,1,0,aliked_lightglue
73-74,73,74,56,109,IMG20260826123708.jpg,IMG20260826124248.jpg,53,162,86,0.5308641975308642,1,0,aliked_lightglue
73-74,73,74,56,110,IMG20260826123708.jpg,IMG20260826124305.jpg,54,125,50,0.4,1,0,aliked_lightglue
73-74,73,74,56,111,IMG20260826123708.jpg,IMG20260826124308.jpg,55,217,75,0.3456221198156682,1,0,aliked_lightglue
73-74,73,74,56,112,IMG20260826123708.jpg,IMG20260826124313.jpg,56,175,62,0.35428571428571426,1,0,aliked_lightglue
73-74,73,74,56,113,IMG20260826123708.jpg,IMG20260826124317.jpg,57,220,82,0.37272727272727274,1,0,aliked_lightglue
73-74,73,74,57,98,IMG20260826123712.jpg,IMG20260826124156.jpg,41,235,82,0.34893617021276596,1,0,aliked_lightglue
73-74,73,74,57,99,IMG20260826123712.jpg,IMG20260826124159.jpg,42,149,73,0.4899328859060403,1,0,aliked_lightglue
73-74,73,74,57,100,IMG20260826123712.jpg,IMG20260826124201.jpg,43,143,62,0.43356643356643354,1,0,aliked_lightglue
73-74,73,74,57,101,IMG20260826123712.jpg,IMG20260826124204.jpg,44,258,105,0.4069767441860465,1,0,aliked_lightglue
73-74,73,74,57,102,IMG20260826123712.jpg,IMG20260826124210.jpg,45,268,104,0.3880597014925373,1,0,aliked_lightglue
73-74,73,74,57,103,IMG20260826123712.jpg,IMG20260826124214.jpg,46,377,157,0.41644562334217505,1,0,aliked_lightglue
73-74,73,74,57,104,IMG20260826123712.jpg,IMG20260826124218.jpg,47,280,130,0.4642857142857143,1,0,aliked_lightglue
73-74,73,74,57,105,IMG20260826123712.jpg,IMG20260826124234.jpg,48,254,92,0.36220472440944884,1,0,aliked_lightglue
73-74,73,74,57,106,IMG20260826123712.jpg,IMG20260826124237.jpg,49,535,150,0.2803738317757009,1,0,aliked_lightglue
73-74,73,74,57,107,IMG20260826123712.jpg,IMG20260826124240.jpg,50,304,92,0.3026315789473684,1,0,aliked_lightglue
73-74,73,74,57,108,IMG20260826123712.jpg,IMG20260826124243.jpg,51,224,77,0.34375,1,0,aliked_lightglue
73-74,73,74,57,109,IMG20260826123712.jpg,IMG20260826124248.jpg,52,178,84,0.47191011235955055,1,0,aliked_lightglue
73-74,73,74,57,110,IMG20260826123712.jpg,IMG20260826124305.jpg,53,159,61,0.3836477987421384,1,0,aliked_lightglue
73-74,73,74,57,111,IMG20260826123712.jpg,IMG20260826124308.jpg,54,126,52,0.4126984126984127,1,0,aliked_lightglue
73-74,73,74,57,112,IMG20260826123712.jpg,IMG20260826124313.jpg,55,158,54,0.34177215189873417,1,0,aliked_lightglue
73-74,73,74,57,113,IMG20260826123712.jpg,IMG20260826124317.jpg,56,152,59,0.3881578947368421,1,0,aliked_lightglue
73-74,73,74,58,99,IMG20260826123719.jpg,IMG20260826124159.jpg,41,140,62,0.44285714285714284,1,0,aliked_lightglue
73-74,73,74,58,100,IMG20260826123719.jpg,IMG20260826124201.jpg,42,152,71,0.46710526315789475,1,0,aliked_lightglue
73-74,73,74,58,101,IMG20260826123719.jpg,IMG20260826124204.jpg,43,201,93,0.4626865671641791,1,0,aliked_lightglue
73-74,73,74,58,102,IMG20260826123719.jpg,IMG20260826124210.jpg,44,215,87,0.4046511627906977,1,0,aliked_lightglue
73-74,73,74,58,103,IMG20260826123719.jpg,IMG20260826124214.jpg,45,277,116,0.4187725631768953,1,0,aliked_lightglue
73-74,73,74,58,104,IMG20260826123719.jpg,IMG20260826124218.jpg,46,329,137,0.41641337386018235,1,0,aliked_lightglue
73-74,73,74,58,105,IMG20260826123719.jpg,IMG20260826124234.jpg,47,356,131,0.36797752808988765,1,0,aliked_lightglue
73-74,73,74,58,106,IMG20260826123719.jpg,IMG20260826124237.jpg,48,436,139,0.31880733944954126,1,0,aliked_lightglue
73-74,73,74,58,107,IMG20260826123719.jpg,IMG20260826124240.jpg,49,374,134,0.3582887700534759,1,0,aliked_lightglue
73-74,73,74,58,108,IMG20260826123719.jpg,IMG20260826124243.jpg,50,270,108,0.4,1,0,aliked_lightglue
73-74,73,74,58,109,IMG20260826123719.jpg,IMG20260826124248.jpg,51,289,128,0.4429065743944637,1,0,aliked_lightglue
73-74,73,74,58,110,IMG20260826123719.jpg,IMG20260826124305.jpg,52,144,77,0.5347222222222222,1,0,aliked_lightglue
73-74,73,74,58,111,IMG20260826123719.jpg,IMG20260826124308.jpg,53,164,73,0.4451219512195122,1,0,aliked_lightglue
73-74,73,74,58,112,IMG20260826123719.jpg,IMG20260826124313.jpg,54,147,53,0.36054421768707484,1,0,aliked_lightglue
73-74,73,74,58,113,IMG20260826123719.jpg,IMG20260826124317.jpg,55,149,66,0.4429530201342282,1,0,aliked_lightglue
73-74,73,74,59,100,IMG20260826123725.jpg,IMG20260826124201.jpg,41,140,57,0.40714285714285714,1,0,aliked_lightglue
73-74,73,74,59,101,IMG20260826123725.jpg,IMG20260826124204.jpg,42,157,58,0.36942675159235666,1,0,aliked_lightglue
73-74,73,74,59,102,IMG20260826123725.jpg,IMG20260826124210.jpg,43,115,51,0.4434782608695652,1,0,aliked_lightglue
73-74,73,74,59,103,IMG20260826123725.jpg,IMG20260826124214.jpg,44,137,52,0.3795620437956204,1,0,aliked_lightglue
73-74,73,74,59,104,IMG20260826123725.jpg,IMG20260826124218.jpg,45,204,80,0.39215686274509803,1,0,aliked_lightglue
73-74,73,74,59,105,IMG20260826123725.jpg,IMG20260826124234.jpg,46,227,99,0.43612334801762115,1,0,aliked_lightglue
73-74,73,74,59,106,IMG20260826123725.jpg,IMG20260826124237.jpg,47,290,122,0.4206896551724138,1,0,aliked_lightglue
73-74,73,74,59,107,IMG20260826123725.jpg,IMG20260826124240.jpg,48,292,144,0.4931506849315068,1,0,aliked_lightglue
73-74,73,74,59,108,IMG20260826123725.jpg,IMG20260826124243.jpg,49,449,209,0.46547884187082406,1,1,aliked_lightglue
73-74,73,74,59,109,IMG20260826123725.jpg,IMG20260826124248.jpg,50,391,194,0.4961636828644501,1,1,aliked_lightglue
73-74,73,74,59,110,IMG20260826123725.jpg,IMG20260826124305.jpg,51,250,133,0.532,1,0,aliked_lightglue
73-74,73,74,59,111,IMG20260826123725.jpg,IMG20260826124308.jpg,52,250,110,0.44,1,0,aliked_lightglue
73-74,73,74,59,112,IMG20260826123725.jpg,IMG20260826124313.jpg,53,128,51,0.3984375,1,0,aliked_lightglue
73-74,73,74,59,113,IMG20260826123725.jpg,IMG20260826124317.jpg,54,209,73,0.3492822966507177,1,0,aliked_lightglue
73-74,73,74,60,101,IMG20260826123730.jpg,IMG20260826124204.jpg,41,88,26,0.29545454545454547,1,0,aliked_lightglue
73-74,73,74,60,102,IMG20260826123730.jpg,IMG20260826124210.jpg,42,64,26,0.40625,1,0,aliked_lightglue
73-74,73,74,60,103,IMG20260826123730.jpg,IMG20260826124214.jpg,43,102,40,0.39215686274509803,1,0,aliked_lightglue
73-74,73,74,60,104,IMG20260826123730.jpg,IMG20260826124218.jpg,44,95,49,0.5157894736842106,1,0,aliked_lightglue
73-74,73,74,60,105,IMG20260826123730.jpg,IMG20260826124234.jpg,45,218,106,0.48623853211009177,1,0,aliked_lightglue
73-74,73,74,60,106,IMG20260826123730.jpg,IMG20260826124237.jpg,46,327,124,0.37920489296636084,1,0,aliked_lightglue
73-74,73,74,60,107,IMG20260826123730.jpg,IMG20260826124240.jpg,47,288,107,0.3715277777777778,1,0,aliked_lightglue
73-74,73,74,60,108,IMG20260826123730.jpg,IMG20260826124243.jpg,48,276,137,0.4963768115942029,1,0,aliked_lightglue
73-74,73,74,60,109,IMG20260826123730.jpg,IMG20260826124248.jpg,49,249,120,0.4819277108433735,1,0,aliked_lightglue
73-74,73,74,60,110,IMG20260826123730.jpg,IMG20260826124305.jpg,50,204,101,0.4950980392156863,1,0,aliked_lightglue
73-74,73,74,60,111,IMG20260826123730.jpg,IMG20260826124308.jpg,51,225,85,0.37777777777777777,1,0,aliked_lightglue
73-74,73,74,60,112,IMG20260826123730.jpg,IMG20260826124313.jpg,52,319,162,0.5078369905956113,1,0,aliked_lightglue
73-74,73,74,60,113,IMG20260826123730.jpg,IMG20260826124317.jpg,53,189,88,0.4656084656084656,1,0,aliked_lightglue
73-74,73,74,61,102,IMG20260826123733.jpg,IMG20260826124210.jpg,41,47,20,0.425531914893617,1,0,aliked_lightglue
73-74,73,74,61,103,IMG20260826123733.jpg,IMG20260826124214.jpg,42,75,29,0.38666666666666666,1,0,aliked_lightglue
73-74,73,74,61,104,IMG20260826123733.jpg,IMG20260826124218.jpg,43,117,50,0.42735042735042733,1,0,aliked_lightglue
73-74,73,74,61,105,IMG20260826123733.jpg,IMG20260826124234.jpg,44,132,57,0.4318181818181818,1,0,aliked_lightglue
73-74,73,74,61,106,IMG20260826123733.jpg,IMG20260826124237.jpg,45,159,60,0.37735849056603776,1,0,aliked_lightglue
73-74,73,74,61,107,IMG20260826123733.jpg,IMG20260826124240.jpg,46,182,71,0.3901098901098901,1,0,aliked_lightglue
73-74,73,74,61,108,IMG20260826123733.jpg,IMG20260826124243.jpg,47,226,105,0.4646017699115044,1,0,aliked_lightglue
73-74,73,74,61,109,IMG20260826123733.jpg,IMG20260826124248.jpg,48,391,187,0.4782608695652174,1,1,aliked_lightglue
73-74,73,74,61,110,IMG20260826123733.jpg,IMG20260826124305.jpg,49,277,125,0.45126353790613716,1,0,aliked_lightglue
73-74,73,74,61,111,IMG20260826123733.jpg,IMG20260826124308.jpg,50,410,194,0.47317073170731705,1,1,aliked_lightglue
73-74,73,74,61,112,IMG20260826123733.jpg,IMG20260826124313.jpg,51,253,129,0.5098814229249012,1,0,aliked_lightglue
73-74,73,74,61,113,IMG20260826123733.jpg,IMG20260826124317.jpg,52,300,122,0.4066666666666667,1,0,aliked_lightglue
73-74,73,74,62,103,IMG20260826123740.jpg,IMG20260826124214.jpg,41,99,30,0.30303030303030304,1,0,aliked_lightglue
73-74,73,74,62,104,IMG20260826123740.jpg,IMG20260826124218.jpg,42,105,36,0.34285714285714286,1,0,aliked_lightglue
73-74,73,74,62,105,IMG20260826123740.jpg,IMG20260826124234.jpg,43,92,35,0.3804347826086957,1,0,aliked_lightglue
73-74,73,74,62,106,IMG20260826123740.jpg,IMG20260826124237.jpg,44,106,21,0.19811320754716982,1,0,aliked_lightglue
73-74,73,74,62,107,IMG20260826123740.jpg,IMG20260826124240.jpg,45,83,33,0.39759036144578314,1,0,aliked_lightglue
73-74,73,74,62,108,IMG20260826123740.jpg,IMG20260826124243.jpg,46,120,59,0.49166666666666664,1,0,aliked_lightglue
73-74,73,74,62,109,IMG20260826123740.jpg,IMG20260826124248.jpg,47,180,91,0.5055555555555555,1,0,aliked_lightglue
73-74,73,74,62,110,IMG20260826123740.jpg,IMG20260826124305.jpg,48,193,89,0.46113989637305697,1,0,aliked_lightglue
73-74,73,74,62,111,IMG20260826123740.jpg,IMG20260826124308.jpg,49,521,229,0.43953934740882916,1,1,aliked_lightglue
73-74,73,74,62,112,IMG20260826123740.jpg,IMG20260826124313.jpg,50,301,162,0.5382059800664452,1,0,aliked_lightglue
73-74,73,74,62,113,IMG20260826123740.jpg,IMG20260826124317.jpg,51,338,165,0.4881656804733728,1,0,aliked_lightglue
73-74,73,74,63,104,IMG20260826123746.jpg,IMG20260826124218.jpg,41,124,43,0.3467741935483871,1,0,aliked_lightglue
73-74,73,74,63,105,IMG20260826123746.jpg,IMG20260826124234.jpg,42,86,27,0.313953488372093,1,0,aliked_lightglue
73-74,73,74,63,106,IMG20260826123746.jpg,IMG20260826124237.jpg,43,149,20,0.1342281879194631,0,0,aliked_lightglue
73-74,73,74,63,107,IMG20260826123746.jpg,IMG20260826124240.jpg,44,192,57,0.296875,1,0,aliked_lightglue
73-74,73,74,63,108,IMG20260826123746.jpg,IMG20260826124243.jpg,45,215,76,0.35348837209302325,1,0,aliked_lightglue
73-74,73,74,63,109,IMG20260826123746.jpg,IMG20260826124248.jpg,46,170,85,0.5,1,0,aliked_lightglue
73-74,73,74,63,110,IMG20260826123746.jpg,IMG20260826124305.jpg,47,186,75,0.4032258064516129,1,0,aliked_lightglue
73-74,73,74,63,111,IMG20260826123746.jpg,IMG20260826124308.jpg,48,299,98,0.3277591973244147,1,0,aliked_lightglue
73-74,73,74,63,112,IMG20260826123746.jpg,IMG20260826124313.jpg,49,290,117,0.40344827586206894,1,0,aliked_lightglue
73-74,73,74,63,113,IMG20260826123746.jpg,IMG20260826124317.jpg,50,604,249,0.41225165562913907,1,1,aliked_lightglue
73-74,73,74,64,105,IMG20260826123749.jpg,IMG20260826124234.jpg,41,67,25,0.373134328358209,1,0,aliked_lightglue
73-74,73,74,64,106,IMG20260826123749.jpg,IMG20260826124237.jpg,42,115,22,0.19130434782608696,1,0,aliked_lightglue
73-74,73,74,64,107,IMG20260826123749.jpg,IMG20260826124240.jpg,43,183,57,0.3114754098360656,1,0,aliked_lightglue
73-74,73,74,64,108,IMG20260826123749.jpg,IMG20260826124243.jpg,44,152,57,0.375,1,0,aliked_lightglue
73-74,73,74,64,109,IMG20260826123749.jpg,IMG20260826124248.jpg,45,126,64,0.5079365079365079,1,0,aliked_lightglue
73-74,73,74,64,110,IMG20260826123749.jpg,IMG20260826124305.jpg,46,195,88,0.4512820512820513,1,0,aliked_lightglue
73-74,73,74,64,111,IMG20260826123749.jpg,IMG20260826124308.jpg,47,277,153,0.5523465703971119,1,0,aliked_lightglue
73-74,73,74,64,112,IMG20260826123749.jpg,IMG20260826124313.jpg,48,162,95,0.5864197530864198,1,0,aliked_lightglue
73-74,73,74,64,113,IMG20260826123749.jpg,IMG20260826124317.jpg,49,297,140,0.4713804713804714,1,0,aliked_lightglue
73-74,73,74,65,106,IMG20260826123753.jpg,IMG20260826124237.jpg,41,126,35,0.2777777777777778,1,0,aliked_lightglue
73-74,73,74,65,107,IMG20260826123753.jpg,IMG20260826124240.jpg,42,132,44,0.3333333333333333,1,0,aliked_lightglue
73-74,73,74,65,108,IMG20260826123753.jpg,IMG20260826124243.jpg,43,163,44,0.26993865030674846,1,0,aliked_lightglue
73-74,73,74,65,109,IMG20260826123753.jpg,IMG20260826124248.jpg,44,95,36,0.37894736842105264,1,0,aliked_lightglue
73-74,73,74,65,110,IMG20260826123753.jpg,IMG20260826124305.jpg,45,60,29,0.48333333333333334,1,0,aliked_lightglue
73-74,73,74,65,111,IMG20260826123753.jpg,IMG20260826124308.jpg,46,285,157,0.5508771929824562,1,0,aliked_lightglue
73-74,73,74,65,112,IMG20260826123753.jpg,IMG20260826124313.jpg,47,218,101,0.463302752293578,1,0,aliked_lightglue
73-74,73,74,65,113,IMG20260826123753.jpg,IMG20260826124317.jpg,48,251,139,0.5537848605577689,1,0,aliked_lightglue
73-74,73,74,66,107,IMG20260826123759.jpg,IMG20260826124240.jpg,41,89,23,0.25842696629213485,1,0,aliked_lightglue
73-74,73,74,66,108,IMG20260826123759.jpg,IMG20260826124243.jpg,42,110,39,0.35454545454545455,1,0,aliked_lightglue
73-74,73,74,66,109,IMG20260826123759.jpg,IMG20260826124248.jpg,43,105,50,0.47619047619047616,1,0,aliked_lightglue
73-74,73,74,66,110,IMG20260826123759.jpg,IMG20260826124305.jpg,44,96,26,0.2708333333333333,1,0,aliked_lightglue
73-74,73,74,66,111,IMG20260826123759.jpg,IMG20260826124308.jpg,45,92,33,0.358695652173913,1,0,aliked_lightglue
73-74,73,74,66,112,IMG20260826123759.jpg,IMG20260826124313.jpg,46,60,25,0.4166666666666667,1,0,aliked_lightglue
73-74,73,74,66,113,IMG20260826123759.jpg,IMG20260826124317.jpg,47,164,67,0.40853658536585363,1,0,aliked_lightglue
73-74,73,74,67,108,IMG20260826123804.jpg,IMG20260826124243.jpg,41,99,28,0.2828282828282828,1,0,aliked_lightglue
73-74,73,74,67,109,IMG20260826123804.jpg,IMG20260826124248.jpg,42,125,61,0.488,1,0,aliked_lightglue
73-74,73,74,67,110,IMG20260826123804.jpg,IMG20260826124305.jpg,43,64,21,0.328125,1,0,aliked_lightglue
73-74,73,74,67,111,IMG20260826123804.jpg,IMG20260826124308.jpg,44,108,19,0.17592592592592593,1,0,aliked_lightglue
73-74,73,74,67,112,IMG20260826123804.jpg,IMG20260826124313.jpg,45,54,20,0.37037037037037035,1,0,aliked_lightglue
73-74,73,74,67,113,IMG20260826123804.jpg,IMG20260826124317.jpg,46,99,43,0.43434343434343436,1,0,aliked_lightglue
73-74,73,74,68,109,IMG20260826123807.jpg,IMG20260826124248.jpg,41,72,25,0.3472222222222222,1,0,aliked_lightglue
73-74,73,74,68,110,IMG20260826123807.jpg,IMG20260826124305.jpg,42,67,26,0.3880597014925373,1,0,aliked_lightglue
73-74,73,74,68,111,IMG20260826123807.jpg,IMG20260826124308.jpg,43,73,23,0.3150684931506849,1,0,aliked_lightglue
73-74,73,74,68,112,IMG20260826123807.jpg,IMG20260826124313.jpg,44,48,23,0.4791666666666667,1,0,aliked_lightglue
73-74,73,74,68,113,IMG20260826123807.jpg,IMG20260826124317.jpg,45,51,23,0.45098039215686275,1,0,aliked_lightglue
73-74,73,74,69,110,IMG20260826123810.jpg,IMG20260826124305.jpg,41,59,21,0.3559322033898305,1,0,aliked_lightglue
73-74,73,74,69,111,IMG20260826123810.jpg,IMG20260826124308.jpg,42,52,21,0.40384615384615385,1,0,aliked_lightglue
73-74,73,74,69,112,IMG20260826123810.jpg,IMG20260826124313.jpg,43,71,20,0.28169014084507044,1,0,aliked_lightglue
73-74,73,74,69,113,IMG20260826123810.jpg,IMG20260826124317.jpg,44,195,90,0.46153846153846156,1,0,aliked_lightglue
73-74,73,74,70,111,IMG20260826123813.jpg,IMG20260826124308.jpg,41,64,19,0.296875,1,0,aliked_lightglue
73-74,73,74,70,112,IMG20260826123813.jpg,IMG20260826124313.jpg,42,94,39,0.4148936170212766,1,0,aliked_lightglue
73-74,73,74,70,113,IMG20260826123813.jpg,IMG20260826124317.jpg,43,119,31,0.2605042016806723,1,0,aliked_lightglue
73-74,73,74,71,112,IMG20260826123816.jpg,IMG20260826124313.jpg,41,99,26,0.26262626262626265,1,0,aliked_lightglue
73-74,73,74,71,113,IMG20260826123816.jpg,IMG20260826124317.jpg,42,144,48,0.3333333333333333,1,0,aliked_lightglue
73-74,73,74,72,113,IMG20260826123820.jpg,IMG20260826124317.jpg,41,193,62,0.32124352331606215,1,0,aliked_lightglue
145-146,145,146,106,147,IMG20260826124237.jpg,IMG20260826124905.jpg,41,19,0,0.0,0,0,aliked_lightglue
145-146,145,146,106,148,IMG20260826124237.jpg,IMG20260826124908.jpg,42,24,0,0.0,0,0,aliked_lightglue
145-146,145,146,106,149,IMG20260826124237.jpg,IMG20260826124910.jpg,43,37,0,0.0,0,0,aliked_lightglue
145-146,145,146,106,150,IMG20260826124237.jpg,IMG20260826124913.jpg,44,27,0,0.0,0,0,aliked_lightglue
145-146,145,146,106,151,IMG20260826124237.jpg,IMG20260826124916.jpg,45,67,29,0.43283582089552236,1,0,aliked_lightglue
145-146,145,146,106,152,IMG20260826124237.jpg,IMG20260826124921.jpg,46,54,18,0.3333333333333333,1,0,aliked_lightglue
145-146,145,146,106,153,IMG20260826124237.jpg,IMG20260826124924.jpg,47,46,21,0.45652173913043476,1,0,aliked_lightglue
145-146,145,146,106,154,IMG20260826124237.jpg,IMG20260826124927.jpg,48,28,15,0.5357142857142857,1,0,aliked_lightglue
145-146,145,146,106,155,IMG20260826124237.jpg,IMG20260826124930.jpg,49,64,20,0.3125,1,0,aliked_lightglue
145-146,145,146,106,156,IMG20260826124237.jpg,IMG20260826124933.jpg,50,34,0,0.0,0,0,aliked_lightglue
145-146,145,146,106,157,IMG20260826124237.jpg,IMG20260826124936.jpg,51,57,0,0.0,0,0,aliked_lightglue
145-146,145,146,106,158,IMG20260826124237.jpg,IMG20260826124945.jpg,52,43,19,0.4418604651162791,1,0,aliked_lightglue
145-146,145,146,106,159,IMG20260826124237.jpg,IMG20260826124948.jpg,53,25,0,0.0,0,0,aliked_lightglue
145-146,145,146,106,160,IMG20260826124237.jpg,IMG20260826124951.jpg,54,43,0,0.0,0,0,aliked_lightglue
145-146,145,146,106,161,IMG20260826124237.jpg,IMG20260826124954.jpg,55,29,0,0.0,0,0,aliked_lightglue
145-146,145,146,106,162,IMG20260826124237.jpg,IMG20260826125001.jpg,56,59,15,0.2542372881355932,1,0,aliked_lightglue
145-146,145,146,106,163,IMG20260826124237.jpg,IMG20260826125004.jpg,57,52,17,0.3269230769230769,1,0,aliked_lightglue
145-146,145,146,106,164,IMG20260826124237.jpg,IMG20260826125007.jpg,58,34,0,0.0,0,0,aliked_lightglue
145-146,145,146,106,165,IMG20260826124237.jpg,IMG20260826125013.jpg,59,35,16,0.45714285714285713,1,0,aliked_lightglue
145-146,145,146,106,166,IMG20260826124237.jpg,IMG20260826125016.jpg,60,55,27,0.4909090909090909,1,0,aliked_lightglue
145-146,145,146,106,167,IMG20260826124237.jpg,IMG20260826125018.jpg,61,71,38,0.5352112676056338,1,0,aliked_lightglue
145-146,145,146,106,168,IMG20260826124237.jpg,IMG20260826125103.jpg,62,54,16,0.2962962962962963,1,0,aliked_lightglue
145-146,145,146,106,169,IMG20260826124237.jpg,IMG20260826125108.jpg,63,26,0,0.0,0,0,aliked_lightglue
145-146,145,146,106,170,IMG20260826124237.jpg,IMG20260826125111.jpg,64,48,19,0.3958333333333333,1,0,aliked_lightglue
145-146,145,146,106,171,IMG20260826124237.jpg,IMG20260826125124.jpg,65,79,17,0.21518987341772153,1,0,aliked_lightglue
145-146,145,146,106,172,IMG20260826124237.jpg,IMG20260826125127.jpg,66,63,16,0.25396825396825395,1,0,aliked_lightglue
145-146,145,146,106,173,IMG20260826124237.jpg,IMG20260826125130.jpg,67,62,16,0.25806451612903225,1,0,aliked_lightglue
145-146,145,146,106,174,IMG20260826124237.jpg,IMG20260826125133.jpg,68,51,20,0.39215686274509803,1,0,aliked_lightglue
145-146,145,146,106,175,IMG20260826124237.jpg,IMG20260826125137.jpg,69,21,0,0.0,0,0,aliked_lightglue
145-146,145,146,106,176,IMG20260826124237.jpg,IMG20260826125139.jpg,70,36,0,0.0,0,0,aliked_lightglue
145-146,145,146,106,177,IMG20260826124237.jpg,IMG20260826125146.jpg,71,33,0,0.0,0,0,aliked_lightglue
145-146,145,146,106,178,IMG20260826124237.jpg,IMG20260826125151.jpg,72,55,15,0.2727272727272727,1,0,aliked_lightglue
145-146,145,146,106,179,IMG20260826124237.jpg,IMG20260826125156.jpg,73,73,20,0.273972602739726,1,0,aliked_lightglue
145-146,145,146,106,180,IMG20260826124237.jpg,IMG20260826125224.jpg,74,43,17,0.3953488372093023,1,0,aliked_lightglue
145-146,145,146,106,181,IMG20260826124237.jpg,IMG20260826125228.jpg,75,52,20,0.38461538461538464,1,0,aliked_lightglue
145-146,145,146,106,182,IMG20260826124237.jpg,IMG20260826125230.jpg,76,20,0,0.0,0,0,aliked_lightglue
145-146,145,146,106,183,IMG20260826124237.jpg,IMG20260826125234.jpg,77,42,15,0.35714285714285715,1,0,aliked_lightglue
145-146,145,146,106,184,IMG20260826124237.jpg,IMG20260826125237.jpg,78,0,0,0.0,0,0,aliked_lightglue
145-146,145,146,106,185,IMG20260826124237.jpg,IMG20260826125241.jpg,79,49,15,0.30612244897959184,1,0,aliked_lightglue
145-146,145,146,107,148,IMG20260826124240.jpg,IMG20260826124908.jpg,41,28,0,0.0,0,0,aliked_lightglue
145-146,145,146,107,149,IMG20260826124240.jpg,IMG20260826124910.jpg,42,63,17,0.2698412698412698,1,0,aliked_lightglue
145-146,145,146,107,150,IMG20260826124240.jpg,IMG20260826124913.jpg,43,32,0,0.0,0,0,aliked_lightglue
145-146,145,146,107,151,IMG20260826124240.jpg,IMG20260826124916.jpg,44,72,29,0.4027777777777778,1,0,aliked_lightglue
145-146,145,146,107,152,IMG20260826124240.jpg,IMG20260826124921.jpg,45,27,15,0.5555555555555556,1,0,aliked_lightglue
145-146,145,146,107,153,IMG20260826124240.jpg,IMG20260826124924.jpg,46,25,15,0.6,1,0,aliked_lightglue
145-146,145,146,107,154,IMG20260826124240.jpg,IMG20260826124927.jpg,47,48,17,0.3541666666666667,1,0,aliked_lightglue
145-146,145,146,107,155,IMG20260826124240.jpg,IMG20260826124930.jpg,48,36,17,0.4722222222222222,1,0,aliked_lightglue
145-146,145,146,107,156,IMG20260826124240.jpg,IMG20260826124933.jpg,49,37,0,0.0,0,0,aliked_lightglue
145-146,145,146,107,157,IMG20260826124240.jpg,IMG20260826124936.jpg,50,57,15,0.2631578947368421,1,0,aliked_lightglue
145-146,145,146,107,158,IMG20260826124240.jpg,IMG20260826124945.jpg,51,28,0,0.0,0,0,aliked_lightglue
145-146,145,146,107,159,IMG20260826124240.jpg,IMG20260826124948.jpg,52,42,15,0.35714285714285715,1,0,aliked_lightglue
145-146,145,146,107,160,IMG20260826124240.jpg,IMG20260826124951.jpg,53,38,0,0.0,0,0,aliked_lightglue
145-146,145,146,107,161,IMG20260826124240.jpg,IMG20260826124954.jpg,54,52,16,0.3076923076923077,1,0,aliked_lightglue
145-146,145,146,107,162,IMG20260826124240.jpg,IMG20260826125001.jpg,55,45,0,0.0,0,0,aliked_lightglue
145-146,145,146,107,163,IMG20260826124240.jpg,IMG20260826125004.jpg,56,57,16,0.2807017543859649,1,0,aliked_lightglue
145-146,145,146,107,164,IMG20260826124240.jpg,IMG20260826125007.jpg,57,67,15,0.22388059701492538,1,0,aliked_lightglue
145-146,145,146,107,165,IMG20260826124240.jpg,IMG20260826125013.jpg,58,71,15,0.2112676056338028,1,0,aliked_lightglue
145-146,145,146,107,166,IMG20260826124240.jpg,IMG20260826125016.jpg,59,67,26,0.3880597014925373,1,0,aliked_lightglue
145-146,145,146,107,167,IMG20260826124240.jpg,IMG20260826125018.jpg,60,87,17,0.19540229885057472,1,0,aliked_lightglue
145-146,145,146,107,168,IMG20260826124240.jpg,IMG20260826125103.jpg,61,77,25,0.3246753246753247,1,0,aliked_lightglue
145-146,145,146,107,169,IMG20260826124240.jpg,IMG20260826125108.jpg,62,69,17,0.2463768115942029,1,0,aliked_lightglue
145-146,145,146,107,170,IMG20260826124240.jpg,IMG20260826125111.jpg,63,59,17,0.288135593220339,1,0,aliked_lightglue
145-146,145,146,107,171,IMG20260826124240.jpg,IMG20260826125124.jpg,64,62,16,0.25806451612903225,1,0,aliked_lightglue
145-146,145,146,107,172,IMG20260826124240.jpg,IMG20260826125127.jpg,65,53,0,0.0,0,0,aliked_lightglue
145-146,145,146,107,173,IMG20260826124240.jpg,IMG20260826125130.jpg,66,49,0,0.0,0,0,aliked_lightglue
145-146,145,146,107,174,IMG20260826124240.jpg,IMG20260826125133.jpg,67,64,16,0.25,1,0,aliked_lightglue
145-146,145,146,107,175,IMG20260826124240.jpg,IMG20260826125137.jpg,68,38,0,0.0,0,0,aliked_lightglue
145-146,145,146,107,176,IMG20260826124240.jpg,IMG20260826125139.jpg,69,54,0,0.0,0,0,aliked_lightglue
145-146,145,146,107,177,IMG20260826124240.jpg,IMG20260826125146.jpg,70,32,0,0.0,0,0,aliked_lightglue
145-146,145,146,107,178,IMG20260826124240.jpg,IMG20260826125151.jpg,71,65,17,0.26153846153846155,1,0,aliked_lightglue
145-146,145,146,107,179,IMG20260826124240.jpg,IMG20260826125156.jpg,72,67,15,0.22388059701492538,1,0,aliked_lightglue
145-146,145,146,107,180,IMG20260826124240.jpg,IMG20260826125224.jpg,73,64,17,0.265625,1,0,aliked_lightglue
145-146,145,146,107,181,IMG20260826124240.jpg,IMG20260826125228.jpg,74,50,15,0.3,1,0,aliked_lightglue
145-146,145,146,107,182,IMG20260826124240.jpg,IMG20260826125230.jpg,75,22,0,0.0,0,0,aliked_lightglue
145-146,145,146,107,183,IMG20260826124240.jpg,IMG20260826125234.jpg,76,31,0,0.0,0,0,aliked_lightglue
145-146,145,146,107,184,IMG20260826124240.jpg,IMG20260826125237.jpg,77,16,0,0.0,0,0,aliked_lightglue
145-146,145,146,107,185,IMG20260826124240.jpg,IMG20260826125241.jpg,78,53,16,0.3018867924528302,1,0,aliked_lightglue
145-146,145,146,108,149,IMG20260826124243.jpg,IMG20260826124910.jpg,41,26,0,0.0,0,0,aliked_lightglue
145-146,145,146,108,150,IMG20260826124243.jpg,IMG20260826124913.jpg,42,60,0,0.0,0,0,aliked_lightglue
145-146,145,146,108,151,IMG20260826124243.jpg,IMG20260826124916.jpg,43,61,30,0.4918032786885246,1,0,aliked_lightglue
145-146,145,146,108,152,IMG20260826124243.jpg,IMG20260826124921.jpg,44,44,17,0.38636363636363635,1,0,aliked_lightglue
145-146,145,146,108,153,IMG20260826124243.jpg,IMG20260826124924.jpg,45,64,22,0.34375,1,0,aliked_lightglue
145-146,145,146,108,154,IMG20260826124243.jpg,IMG20260826124927.jpg,46,35,0,0.0,0,0,aliked_lightglue
145-146,145,146,108,155,IMG20260826124243.jpg,IMG20260826124930.jpg,47,55,30,0.5454545454545454,1,0,aliked_lightglue
145-146,145,146,108,156,IMG20260826124243.jpg,IMG20260826124933.jpg,48,42,22,0.5238095238095238,1,0,aliked_lightglue
145-146,145,146,108,157,IMG20260826124243.jpg,IMG20260826124936.jpg,49,43,20,0.46511627906976744,1,0,aliked_lightglue
145-146,145,146,108,158,IMG20260826124243.jpg,IMG20260826124945.jpg,50,43,16,0.37209302325581395,1,0,aliked_lightglue
145-146,145,146,108,159,IMG20260826124243.jpg,IMG20260826124948.jpg,51,43,17,0.3953488372093023,1,0,aliked_lightglue
145-146,145,146,108,160,IMG20260826124243.jpg,IMG20260826124951.jpg,52,26,0,0.0,0,0,aliked_lightglue
145-146,145,146,108,161,IMG20260826124243.jpg,IMG20260826124954.jpg,53,55,15,0.2727272727272727,1,0,aliked_lightglue
145-146,145,146,108,162,IMG20260826124243.jpg,IMG20260826125001.jpg,54,52,15,0.28846153846153844,1,0,aliked_lightglue
145-146,145,146,108,163,IMG20260826124243.jpg,IMG20260826125004.jpg,55,46,0,0.0,0,0,aliked_lightglue
145-146,145,146,108,164,IMG20260826124243.jpg,IMG20260826125007.jpg,56,26,0,0.0,0,0,aliked_lightglue
145-146,145,146,108,165,IMG20260826124243.jpg,IMG20260826125013.jpg,57,51,17,0.3333333333333333,1,0,aliked_lightglue
145-146,145,146,108,166,IMG20260826124243.jpg,IMG20260826125016.jpg,58,57,0,0.0,0,0,aliked_lightglue
145-146,145,146,108,167,IMG20260826124243.jpg,IMG20260826125018.jpg,59,74,16,0.21621621621621623,1,0,aliked_lightglue
145-146,145,146,108,168,IMG20260826124243.jpg,IMG20260826125103.jpg,60,76,20,0.2631578947368421,1,0,aliked_lightglue
145-146,145,146,108,169,IMG20260826124243.jpg,IMG20260826125108.jpg,61,90,42,0.4666666666666667,1,0,aliked_lightglue
145-146,145,146,108,170,IMG20260826124243.jpg,IMG20260826125111.jpg,62,56,15,0.26785714285714285,1,0,aliked_lightglue
145-146,145,146,108,171,IMG20260826124243.jpg,IMG20260826125124.jpg,63,52,24,0.46153846153846156,1,0,aliked_lightglue
145-146,145,146,108,172,IMG20260826124243.jpg,IMG20260826125127.jpg,64,59,29,0.4915254237288136,1,0,aliked_lightglue
145-146,145,146,108,173,IMG20260826124243.jpg,IMG20260826125130.jpg,65,44,20,0.45454545454545453,1,0,aliked_lightglue
145-146,145,146,108,174,IMG20260826124243.jpg,IMG20260826125133.jpg,66,52,0,0.0,0,0,aliked_lightglue
145-146,145,146,108,175,IMG20260826124243.jpg,IMG20260826125137.jpg,67,57,15,0.2631578947368421,1,0,aliked_lightglue
145-146,145,146,108,176,IMG20260826124243.jpg,IMG20260826125139.jpg,68,60,0,0.0,0,0,aliked_lightglue
145-146,145,146,108,177,IMG20260826124243.jpg,IMG20260826125146.jpg,69,32,0,0.0,0,0,aliked_lightglue
145-146,145,146,108,178,IMG20260826124243.jpg,IMG20260826125151.jpg,70,62,15,0.24193548387096775,1,0,aliked_lightglue
145-146,145,146,108,179,IMG20260826124243.jpg,IMG20260826125156.jpg,71,55,15,0.2727272727272727,1,0,aliked_lightglue
145-146,145,146,108,180,IMG20260826124243.jpg,IMG20260826125224.jpg,72,72,19,0.2638888888888889,1,0,aliked_lightglue
145-146,145,146,108,181,IMG20260826124243.jpg,IMG20260826125228.jpg,73,62,21,0.3387096774193548,1,0,aliked_lightglue
145-146,145,146,108,182,IMG20260826124243.jpg,IMG20260826125230.jpg,74,28,0,0.0,0,0,aliked_lightglue
145-146,145,146,108,183,IMG20260826124243.jpg,IMG20260826125234.jpg,75,42,0,0.0,0,0,aliked_lightglue
145-146,145,146,108,184,IMG20260826124243.jpg,IMG20260826125237.jpg,76,0,0,0.0,0,0,aliked_lightglue
145-146,145,146,108,185,IMG20260826124243.jpg,IMG20260826125241.jpg,77,43,0,0.0,0,0,aliked_lightglue
145-146,145,146,109,150,IMG20260826124248.jpg,IMG20260826124913.jpg,41,32,0,0.0,0,0,aliked_lightglue
145-146,145,146,109,151,IMG20260826124248.jpg,IMG20260826124916.jpg,42,70,19,0.2714285714285714,1,0,aliked_lightglue
145-146,145,146,109,152,IMG20260826124248.jpg,IMG20260826124921.jpg,43,54,24,0.4444444444444444,1,0,aliked_lightglue
145-146,145,146,109,153,IMG20260826124248.jpg,IMG20260826124924.jpg,44,42,16,0.38095238095238093,1,0,aliked_lightglue
145-146,145,146,109,154,IMG20260826124248.jpg,IMG20260826124927.jpg,45,45,24,0.5333333333333333,1,0,aliked_lightglue
145-146,145,146,109,155,IMG20260826124248.jpg,IMG20260826124930.jpg,46,19,0,0.0,0,0,aliked_lightglue
145-146,145,146,109,156,IMG20260826124248.jpg,IMG20260826124933.jpg,47,33,17,0.5151515151515151,1,0,aliked_lightglue
145-146,145,146,109,157,IMG20260826124248.jpg,IMG20260826124936.jpg,48,48,20,0.4166666666666667,1,0,aliked_lightglue
145-146,145,146,109,158,IMG20260826124248.jpg,IMG20260826124945.jpg,49,26,0,0.0,0,0,aliked_lightglue
145-146,145,146,109,159,IMG20260826124248.jpg,IMG20260826124948.jpg,50,87,18,0.20689655172413793,1,0,aliked_lightglue
145-146,145,146,109,160,IMG20260826124248.jpg,IMG20260826124951.jpg,51,35,0,0.0,0,0,aliked_lightglue
145-146,145,146,109,161,IMG20260826124248.jpg,IMG20260826124954.jpg,52,44,17,0.38636363636363635,1,0,aliked_lightglue
145-146,145,146,109,162,IMG20260826124248.jpg,IMG20260826125001.jpg,53,25,17,0.68,1,0,aliked_lightglue
145-146,145,146,109,163,IMG20260826124248.jpg,IMG20260826125004.jpg,54,52,27,0.5192307692307693,1,0,aliked_lightglue
145-146,145,146,109,164,IMG20260826124248.jpg,IMG20260826125007.jpg,55,42,15,0.35714285714285715,1,0,aliked_lightglue
145-146,145,146,109,165,IMG20260826124248.jpg,IMG20260826125013.jpg,56,25,0,0.0,0,0,aliked_lightglue
145-146,145,146,109,166,IMG20260826124248.jpg,IMG20260826125016.jpg,57,83,29,0.3493975903614458,1,0,aliked_lightglue
145-146,145,146,109,167,IMG20260826124248.jpg,IMG20260826125018.jpg,58,53,16,0.3018867924528302,1,0,aliked_lightglue
145-146,145,146,109,168,IMG20260826124248.jpg,IMG20260826125103.jpg,59,168,81,0.48214285714285715,1,1,aliked_lightglue
145-146,145,146,109,169,IMG20260826124248.jpg,IMG20260826125108.jpg,60,187,94,0.5026737967914439,1,1,aliked_lightglue
145-146,145,146,109,170,IMG20260826124248.jpg,IMG20260826125111.jpg,61,104,53,0.5096153846153846,1,0,aliked_lightglue
145-146,145,146,109,171,IMG20260826124248.jpg,IMG20260826125124.jpg,62,61,24,0.39344262295081966,1,0,aliked_lightglue
145-146,145,146,109,172,IMG20260826124248.jpg,IMG20260826125127.jpg,63,51,22,0.43137254901960786,1,0,aliked_lightglue
145-146,145,146,109,173,IMG20260826124248.jpg,IMG20260826125130.jpg,64,39,19,0.48717948717948717,1,0,aliked_lightglue
145-146,145,146,109,174,IMG20260826124248.jpg,IMG20260826125133.jpg,65,48,15,0.3125,1,0,aliked_lightglue
145-146,145,146,109,175,IMG20260826124248.jpg,IMG20260826125137.jpg,66,33,0,0.0,0,0,aliked_lightglue
145-146,145,146,109,176,IMG20260826124248.jpg,IMG20260826125139.jpg,67,31,0,0.0,0,0,aliked_lightglue
145-146,145,146,109,177,IMG20260826124248.jpg,IMG20260826125146.jpg,68,48,18,0.375,1,0,aliked_lightglue
145-146,145,146,109,178,IMG20260826124248.jpg,IMG20260826125151.jpg,69,64,19,0.296875,1,0,aliked_lightglue
145-146,145,146,109,179,IMG20260826124248.jpg,IMG20260826125156.jpg,70,57,18,0.3157894736842105,1,0,aliked_lightglue
145-146,145,146,109,180,IMG20260826124248.jpg,IMG20260826125224.jpg,71,50,21,0.42,1,0,aliked_lightglue
145-146,145,146,109,181,IMG20260826124248.jpg,IMG20260826125228.jpg,72,60,26,0.43333333333333335,1,0,aliked_lightglue
145-146,145,146,109,182,IMG20260826124248.jpg,IMG20260826125230.jpg,73,40,15,0.375,1,0,aliked_lightglue
145-146,145,146,109,183,IMG20260826124248.jpg,IMG20260826125234.jpg,74,65,23,0.35384615384615387,1,0,aliked_lightglue
145-146,145,146,109,184,IMG20260826124248.jpg,IMG20260826125237.jpg,75,15,0,0.0,0,0,aliked_lightglue
145-146,145,146,109,185,IMG20260826124248.jpg,IMG20260826125241.jpg,76,75,39,0.52,1,0,aliked_lightglue
145-146,145,146,110,151,IMG20260826124305.jpg,IMG20260826124916.jpg,41,37,0,0.0,0,0,aliked_lightglue
145-146,145,146,110,152,IMG20260826124305.jpg,IMG20260826124921.jpg,42,58,16,0.27586206896551724,1,0,aliked_lightglue
145-146,145,146,110,153,IMG20260826124305.jpg,IMG20260826124924.jpg,43,31,0,0.0,0,0,aliked_lightglue
145-146,145,146,110,154,IMG20260826124305.jpg,IMG20260826124927.jpg,44,73,36,0.4931506849315068,1,0,aliked_lightglue
145-146,145,146,110,155,IMG20260826124305.jpg,IMG20260826124930.jpg,45,36,16,0.4444444444444444,1,0,aliked_lightglue
145-146,145,146,110,156,IMG20260826124305.jpg,IMG20260826124933.jpg,46,21,0,0.0,0,0,aliked_lightglue
145-146,145,146,110,157,IMG20260826124305.jpg,IMG20260826124936.jpg,47,58,15,0.25862068965517243,1,0,aliked_lightglue
145-146,145,146,110,158,IMG20260826124305.jpg,IMG20260826124945.jpg,48,0,0,0.0,0,0,aliked_lightglue
145-146,145,146,110,159,IMG20260826124305.jpg,IMG20260826124948.jpg,49,61,15,0.2459016393442623,1,0,aliked_lightglue
145-146,145,146,110,160,IMG20260826124305.jpg,IMG20260826124951.jpg,50,26,0,0.0,0,0,aliked_lightglue
145-146,145,146,110,161,IMG20260826124305.jpg,IMG20260826124954.jpg,51,46,18,0.391304347826087,1,0,aliked_lightglue
145-146,145,146,110,162,IMG20260826124305.jpg,IMG20260826125001.jpg,52,81,36,0.4444444444444444,1,0,aliked_lightglue
145-146,145,146,110,163,IMG20260826124305.jpg,IMG20260826125004.jpg,53,28,0,0.0,0,0,aliked_lightglue
145-146,145,146,110,164,IMG20260826124305.jpg,IMG20260826125007.jpg,54,40,0,0.0,0,0,aliked_lightglue
145-146,145,146,110,165,IMG20260826124305.jpg,IMG20260826125013.jpg,55,36,0,0.0,0,0,aliked_lightglue
145-146,145,146,110,166,IMG20260826124305.jpg,IMG20260826125016.jpg,56,39,22,0.5641025641025641,1,0,aliked_lightglue
145-146,145,146,110,167,IMG20260826124305.jpg,IMG20260826125018.jpg,57,20,0,0.0,0,0,aliked_lightglue
145-146,145,146,110,168,IMG20260826124305.jpg,IMG20260826125103.jpg,58,60,15,0.25,1,0,aliked_lightglue
145-146,145,146,110,169,IMG20260826124305.jpg,IMG20260826125108.jpg,59,58,18,0.3103448275862069,1,0,aliked_lightglue
145-146,145,146,110,170,IMG20260826124305.jpg,IMG20260826125111.jpg,60,40,0,0.0,0,0,aliked_lightglue
145-146,145,146,110,171,IMG20260826124305.jpg,IMG20260826125124.jpg,61,44,18,0.4090909090909091,1,0,aliked_lightglue
145-146,145,146,110,172,IMG20260826124305.jpg,IMG20260826125127.jpg,62,39,0,0.0,0,0,aliked_lightglue
145-146,145,146,110,173,IMG20260826124305.jpg,IMG20260826125130.jpg,63,39,16,0.41025641025641024,1,0,aliked_lightglue
145-146,145,146,110,174,IMG20260826124305.jpg,IMG20260826125133.jpg,64,27,0,0.0,0,0,aliked_lightglue
145-146,145,146,110,175,IMG20260826124305.jpg,IMG20260826125137.jpg,65,27,0,0.0,0,0,aliked_lightglue
145-146,145,146,110,176,IMG20260826124305.jpg,IMG20260826125139.jpg,66,26,0,0.0,0,0,aliked_lightglue
145-146,145,146,110,177,IMG20260826124305.jpg,IMG20260826125146.jpg,67,33,0,0.0,0,0,aliked_lightglue
145-146,145,146,110,178,IMG20260826124305.jpg,IMG20260826125151.jpg,68,58,16,0.27586206896551724,1,0,aliked_lightglue
145-146,145,146,110,179,IMG20260826124305.jpg,IMG20260826125156.jpg,69,84,32,0.38095238095238093,1,0,aliked_lightglue
145-146,145,146,110,180,IMG20260826124305.jpg,IMG20260826125224.jpg,70,79,31,0.3924050632911392,1,0,aliked_lightglue
145-146,145,146,110,181,IMG20260826124305.jpg,IMG20260826125228.jpg,71,68,16,0.23529411764705882,1,0,aliked_lightglue
145-146,145,146,110,182,IMG20260826124305.jpg,IMG20260826125230.jpg,72,58,20,0.3448275862068966,1,0,aliked_lightglue
145-146,145,146,110,183,IMG20260826124305.jpg,IMG20260826125234.jpg,73,58,20,0.3448275862068966,1,0,aliked_lightglue
145-146,145,146,110,184,IMG20260826124305.jpg,IMG20260826125237.jpg,74,20,0,0.0,0,0,aliked_lightglue
145-146,145,146,110,185,IMG20260826124305.jpg,IMG20260826125241.jpg,75,70,38,0.5428571428571428,1,0,aliked_lightglue
145-146,145,146,111,152,IMG20260826124308.jpg,IMG20260826124921.jpg,41,23,0,0.0,0,0,aliked_lightglue
145-146,145,146,111,153,IMG20260826124308.jpg,IMG20260826124924.jpg,42,50,20,0.4,1,0,aliked_lightglue
145-146,145,146,111,154,IMG20260826124308.jpg,IMG20260826124927.jpg,43,66,37,0.5606060606060606,1,0,aliked_lightglue
145-146,145,146,111,155,IMG20260826124308.jpg,IMG20260826124930.jpg,44,23,0,0.0,0,0,aliked_lightglue
145-146,145,146,111,156,IMG20260826124308.jpg,IMG20260826124933.jpg,45,38,20,0.5263157894736842,1,0,aliked_lightglue
145-146,145,146,111,157,IMG20260826124308.jpg,IMG20260826124936.jpg,46,43,0,0.0,0,0,aliked_lightglue
145-146,145,146,111,158,IMG20260826124308.jpg,IMG20260826124945.jpg,47,35,0,0.0,0,0,aliked_lightglue
145-146,145,146,111,159,IMG20260826124308.jpg,IMG20260826124948.jpg,48,44,0,0.0,0,0,aliked_lightglue
145-146,145,146,111,160,IMG20260826124308.jpg,IMG20260826124951.jpg,49,46,16,0.34782608695652173,1,0,aliked_lightglue
145-146,145,146,111,161,IMG20260826124308.jpg,IMG20260826124954.jpg,50,51,0,0.0,0,0,aliked_lightglue
145-146,145,146,111,162,IMG20260826124308.jpg,IMG20260826125001.jpg,51,53,17,0.32075471698113206,1,0,aliked_lightglue
145-146,145,146,111,163,IMG20260826124308.jpg,IMG20260826125004.jpg,52,43,0,0.0,0,0,aliked_lightglue
145-146,145,146,111,164,IMG20260826124308.jpg,IMG20260826125007.jpg,53,24,0,0.0,0,0,aliked_lightglue
145-146,145,146,111,165,IMG20260826124308.jpg,IMG20260826125013.jpg,54,37,0,0.0,0,0,aliked_lightglue
145-146,145,146,111,166,IMG20260826124308.jpg,IMG20260826125016.jpg,55,33,15,0.45454545454545453,1,0,aliked_lightglue
145-146,145,146,111,167,IMG20260826124308.jpg,IMG20260826125018.jpg,56,33,15,0.45454545454545453,1,0,aliked_lightglue
145-146,145,146,111,168,IMG20260826124308.jpg,IMG20260826125103.jpg,57,78,39,0.5,1,0,aliked_lightglue
145-146,145,146,111,169,IMG20260826124308.jpg,IMG20260826125108.jpg,58,38,0,0.0,0,0,aliked_lightglue
145-146,145,146,111,170,IMG20260826124308.jpg,IMG20260826125111.jpg,59,63,0,0.0,0,0,aliked_lightglue
145-146,145,146,111,171,IMG20260826124308.jpg,IMG20260826125124.jpg,60,60,17,0.2833333333333333,1,0,aliked_lightglue
145-146,145,146,111,172,IMG20260826124308.jpg,IMG20260826125127.jpg,61,38,0,0.0,0,0,aliked_lightglue
145-146,145,146,111,173,IMG20260826124308.jpg,IMG20260826125130.jpg,62,31,0,0.0,0,0,aliked_lightglue
145-146,145,146,111,174,IMG20260826124308.jpg,IMG20260826125133.jpg,63,23,0,0.0,0,0,aliked_lightglue
145-146,145,146,111,175,IMG20260826124308.jpg,IMG20260826125137.jpg,64,26,0,0.0,0,0,aliked_lightglue
145-146,145,146,111,176,IMG20260826124308.jpg,IMG20260826125139.jpg,65,35,0,0.0,0,0,aliked_lightglue
145-146,145,146,111,177,IMG20260826124308.jpg,IMG20260826125146.jpg,66,38,0,0.0,0,0,aliked_lightglue
145-146,145,146,111,178,IMG20260826124308.jpg,IMG20260826125151.jpg,67,30,17,0.5666666666666667,1,0,aliked_lightglue
145-146,145,146,111,179,IMG20260826124308.jpg,IMG20260826125156.jpg,68,57,21,0.3684210526315789,1,0,aliked_lightglue
145-146,145,146,111,180,IMG20260826124308.jpg,IMG20260826125224.jpg,69,93,39,0.41935483870967744,1,0,aliked_lightglue
145-146,145,146,111,181,IMG20260826124308.jpg,IMG20260826125228.jpg,70,157,52,0.33121019108280253,1,0,aliked_lightglue
145-146,145,146,111,182,IMG20260826124308.jpg,IMG20260826125230.jpg,71,100,46,0.46,1,0,aliked_lightglue
145-146,145,146,111,183,IMG20260826124308.jpg,IMG20260826125234.jpg,72,27,0,0.0,0,0,aliked_lightglue
145-146,145,146,111,184,IMG20260826124308.jpg,IMG20260826125237.jpg,73,26,16,0.6153846153846154,1,0,aliked_lightglue
145-146,145,146,111,185,IMG20260826124308.jpg,IMG20260826125241.jpg,74,18,0,0.0,0,0,aliked_lightglue
145-146,145,146,112,153,IMG20260826124313.jpg,IMG20260826124924.jpg,41,38,0,0.0,0,0,aliked_lightglue
145-146,145,146,112,154,IMG20260826124313.jpg,IMG20260826124927.jpg,42,36,19,0.5277777777777778,1,0,aliked_lightglue
145-146,145,146,112,155,IMG20260826124313.jpg,IMG20260826124930.jpg,43,39,15,0.38461538461538464,1,0,aliked_lightglue
145-146,145,146,112,156,IMG20260826124313.jpg,IMG20260826124933.jpg,44,46,23,0.5,1,0,aliked_lightglue
145-146,145,146,112,157,IMG20260826124313.jpg,IMG20260826124936.jpg,45,51,24,0.47058823529411764,1,0,aliked_lightglue
145-146,145,146,112,158,IMG20260826124313.jpg,IMG20260826124945.jpg,46,30,15,0.5,1,0,aliked_lightglue
145-146,145,146,112,159,IMG20260826124313.jpg,IMG20260826124948.jpg,47,40,0,0.0,0,0,aliked_lightglue
145-146,145,146,112,160,IMG20260826124313.jpg,IMG20260826124951.jpg,48,27,0,0.0,0,0,aliked_lightglue
145-146,145,146,112,161,IMG20260826124313.jpg,IMG20260826124954.jpg,49,22,0,0.0,0,0,aliked_lightglue
145-146,145,146,112,162,IMG20260826124313.jpg,IMG20260826125001.jpg,50,15,0,0.0,0,0,aliked_lightglue
145-146,145,146,112,163,IMG20260826124313.jpg,IMG20260826125004.jpg,51,34,0,0.0,0,0,aliked_lightglue
145-146,145,146,112,164,IMG20260826124313.jpg,IMG20260826125007.jpg,52,24,0,0.0,0,0,aliked_lightglue
145-146,145,146,112,165,IMG20260826124313.jpg,IMG20260826125013.jpg,53,42,0,0.0,0,0,aliked_lightglue
145-146,145,146,112,166,IMG20260826124313.jpg,IMG20260826125016.jpg,54,34,0,0.0,0,0,aliked_lightglue
145-146,145,146,112,167,IMG20260826124313.jpg,IMG20260826125018.jpg,55,39,0,0.0,0,0,aliked_lightglue
145-146,145,146,112,168,IMG20260826124313.jpg,IMG20260826125103.jpg,56,38,0,0.0,0,0,aliked_lightglue
145-146,145,146,112,169,IMG20260826124313.jpg,IMG20260826125108.jpg,57,61,18,0.29508196721311475,1,0,aliked_lightglue
145-146,145,146,112,170,IMG20260826124313.jpg,IMG20260826125111.jpg,58,31,0,0.0,0,0,aliked_lightglue
145-146,145,146,112,171,IMG20260826124313.jpg,IMG20260826125124.jpg,59,27,0,0.0,0,0,aliked_lightglue
145-146,145,146,112,172,IMG20260826124313.jpg,IMG20260826125127.jpg,60,33,0,0.0,0,0,aliked_lightglue
145-146,145,146,112,173,IMG20260826124313.jpg,IMG20260826125130.jpg,61,44,0,0.0,0,0,aliked_lightglue
145-146,145,146,112,174,IMG20260826124313.jpg,IMG20260826125133.jpg,62,48,15,0.3125,1,0,aliked_lightglue
145-146,145,146,112,175,IMG20260826124313.jpg,IMG20260826125137.jpg,63,31,0,0.0,0,0,aliked_lightglue
145-146,145,146,112,176,IMG20260826124313.jpg,IMG20260826125139.jpg,64,24,0,0.0,0,0,aliked_lightglue
145-146,145,146,112,177,IMG20260826124313.jpg,IMG20260826125146.jpg,65,41,0,0.0,0,0,aliked_lightglue
145-146,145,146,112,178,IMG20260826124313.jpg,IMG20260826125151.jpg,66,37,16,0.43243243243243246,1,0,aliked_lightglue
145-146,145,146,112,179,IMG20260826124313.jpg,IMG20260826125156.jpg,67,44,20,0.45454545454545453,1,0,aliked_lightglue
145-146,145,146,112,180,IMG20260826124313.jpg,IMG20260826125224.jpg,68,101,51,0.504950495049505,1,0,aliked_lightglue
145-146,145,146,112,181,IMG20260826124313.jpg,IMG20260826125228.jpg,69,30,0,0.0,0,0,aliked_lightglue
145-146,145,146,112,182,IMG20260826124313.jpg,IMG20260826125230.jpg,70,96,37,0.3854166666666667,1,0,aliked_lightglue
145-146,145,146,112,183,IMG20260826124313.jpg,IMG20260826125234.jpg,71,85,43,0.5058823529411764,1,0,aliked_lightglue
145-146,145,146,112,184,IMG20260826124313.jpg,IMG20260826125237.jpg,72,89,36,0.4044943820224719,1,0,aliked_lightglue
145-146,145,146,112,185,IMG20260826124313.jpg,IMG20260826125241.jpg,73,128,65,0.5078125,1,0,aliked_lightglue
145-146,145,146,113,154,IMG20260826124317.jpg,IMG20260826124927.jpg,41,69,36,0.5217391304347826,1,0,aliked_lightglue
145-146,145,146,113,155,IMG20260826124317.jpg,IMG20260826124930.jpg,42,43,15,0.3488372093023256,1,0,aliked_lightglue
145-146,145,146,113,156,IMG20260826124317.jpg,IMG20260826124933.jpg,43,33,20,0.6060606060606061,1,0,aliked_lightglue
145-146,145,146,113,157,IMG20260826124317.jpg,IMG20260826124936.jpg,44,46,0,0.0,0,0,aliked_lightglue
145-146,145,146,113,158,IMG20260826124317.jpg,IMG20260826124945.jpg,45,85,41,0.4823529411764706,1,0,aliked_lightglue
145-146,145,146,113,159,IMG20260826124317.jpg,IMG20260826124948.jpg,46,61,25,0.4098360655737705,1,0,aliked_lightglue
145-146,145,146,113,160,IMG20260826124317.jpg,IMG20260826124951.jpg,47,70,27,0.38571428571428573,1,0,aliked_lightglue
145-146,145,146,113,161,IMG20260826124317.jpg,IMG20260826124954.jpg,48,46,0,0.0,0,0,aliked_lightglue
145-146,145,146,113,162,IMG20260826124317.jpg,IMG20260826125001.jpg,49,27,0,0.0,0,0,aliked_lightglue
145-146,145,146,113,163,IMG20260826124317.jpg,IMG20260826125004.jpg,50,28,0,0.0,0,0,aliked_lightglue
145-146,145,146,113,164,IMG20260826124317.jpg,IMG20260826125007.jpg,51,52,0,0.0,0,0,aliked_lightglue
145-146,145,146,113,165,IMG20260826124317.jpg,IMG20260826125013.jpg,52,35,0,0.0,0,0,aliked_lightglue
145-146,145,146,113,166,IMG20260826124317.jpg,IMG20260826125016.jpg,53,15,0,0.0,0,0,aliked_lightglue
145-146,145,146,113,167,IMG20260826124317.jpg,IMG20260826125018.jpg,54,53,0,0.0,0,0,aliked_lightglue
145-146,145,146,113,168,IMG20260826124317.jpg,IMG20260826125103.jpg,55,72,0,0.0,0,0,aliked_lightglue
145-146,145,146,113,169,IMG20260826124317.jpg,IMG20260826125108.jpg,56,46,0,0.0,0,0,aliked_lightglue
145-146,145,146,113,170,IMG20260826124317.jpg,IMG20260826125111.jpg,57,46,15,0.32608695652173914,1,0,aliked_lightglue
145-146,145,146,113,171,IMG20260826124317.jpg,IMG20260826125124.jpg,58,34,15,0.4411764705882353,1,0,aliked_lightglue
145-146,145,146,113,172,IMG20260826124317.jpg,IMG20260826125127.jpg,59,36,0,0.0,0,0,aliked_lightglue
145-146,145,146,113,173,IMG20260826124317.jpg,IMG20260826125130.jpg,60,46,0,0.0,0,0,aliked_lightglue
145-146,145,146,113,174,IMG20260826124317.jpg,IMG20260826125133.jpg,61,47,0,0.0,0,0,aliked_lightglue
145-146,145,146,113,175,IMG20260826124317.jpg,IMG20260826125137.jpg,62,36,0,0.0,0,0,aliked_lightglue
145-146,145,146,113,176,IMG20260826124317.jpg,IMG20260826125139.jpg,63,42,0,0.0,0,0,aliked_lightglue
145-146,145,146,113,177,IMG20260826124317.jpg,IMG20260826125146.jpg,64,22,0,0.0,0,0,aliked_lightglue
145-146,145,146,113,178,IMG20260826124317.jpg,IMG20260826125151.jpg,65,26,0,0.0,0,0,aliked_lightglue
145-146,145,146,113,179,IMG20260826124317.jpg,IMG20260826125156.jpg,66,33,0,0.0,0,0,aliked_lightglue
145-146,145,146,113,180,IMG20260826124317.jpg,IMG20260826125224.jpg,67,48,17,0.3541666666666667,1,0,aliked_lightglue
145-146,145,146,113,181,IMG20260826124317.jpg,IMG20260826125228.jpg,68,36,15,0.4166666666666667,1,0,aliked_lightglue
145-146,145,146,113,182,IMG20260826124317.jpg,IMG20260826125230.jpg,69,31,17,0.5483870967741935,1,0,aliked_lightglue
145-146,145,146,113,183,IMG20260826124317.jpg,IMG20260826125234.jpg,70,31,18,0.5806451612903226,1,0,aliked_lightglue
145-146,145,146,113,184,IMG20260826124317.jpg,IMG20260826125237.jpg,71,26,16,0.6153846153846154,1,0,aliked_lightglue
145-146,145,146,113,185,IMG20260826124317.jpg,IMG20260826125241.jpg,72,52,30,0.5769230769230769,1,0,aliked_lightglue
145-146,145,146,114,155,IMG20260826124323.jpg,IMG20260826124930.jpg,41,106,54,0.5094339622641509,1,0,aliked_lightglue
145-146,145,146,114,156,IMG20260826124323.jpg,IMG20260826124933.jpg,42,64,34,0.53125,1,0,aliked_lightglue
145-146,145,146,114,157,IMG20260826124323.jpg,IMG20260826124936.jpg,43,37,19,0.5135135135135135,1,0,aliked_lightglue
145-146,145,146,114,158,IMG20260826124323.jpg,IMG20260826124945.jpg,44,48,23,0.4791666666666667,1,0,aliked_lightglue
145-146,145,146,114,159,IMG20260826124323.jpg,IMG20260826124948.jpg,45,54,28,0.5185185185185185,1,0,aliked_lightglue
145-146,145,146,114,160,IMG20260826124323.jpg,IMG20260826124951.jpg,46,77,37,0.4805194805194805,1,0,aliked_lightglue
145-146,145,146,114,161,IMG20260826124323.jpg,IMG20260826124954.jpg,47,57,30,0.5263157894736842,1,0,aliked_lightglue
145-146,145,146,114,162,IMG20260826124323.jpg,IMG20260826125001.jpg,48,78,36,0.46153846153846156,1,0,aliked_lightglue
145-146,145,146,114,163,IMG20260826124323.jpg,IMG20260826125004.jpg,49,61,27,0.4426229508196721,1,0,aliked_lightglue
145-146,145,146,114,164,IMG20260826124323.jpg,IMG20260826125007.jpg,50,45,0,0.0,0,0,aliked_lightglue
145-146,145,146,114,165,IMG20260826124323.jpg,IMG20260826125013.jpg,51,33,0,0.0,0,0,aliked_lightglue
145-146,145,146,114,166,IMG20260826124323.jpg,IMG20260826125016.jpg,52,45,18,0.4,1,0,aliked_lightglue
145-146,145,146,114,167,IMG20260826124323.jpg,IMG20260826125018.jpg,53,66,19,0.2878787878787879,1,0,aliked_lightglue
145-146,145,146,114,168,IMG20260826124323.jpg,IMG20260826125103.jpg,54,41,0,0.0,0,0,aliked_lightglue
145-146,145,146,114,169,IMG20260826124323.jpg,IMG20260826125108.jpg,55,36,16,0.4444444444444444,1,0,aliked_lightglue
145-146,145,146,114,170,IMG20260826124323.jpg,IMG20260826125111.jpg,56,26,0,0.0,0,0,aliked_lightglue
145-146,145,146,114,171,IMG20260826124323.jpg,IMG20260826125124.jpg,57,44,15,0.3409090909090909,1,0,aliked_lightglue
145-146,145,146,114,172,IMG20260826124323.jpg,IMG20260826125127.jpg,58,42,0,0.0,0,0,aliked_lightglue
145-146,145,146,114,173,IMG20260826124323.jpg,IMG20260826125130.jpg,59,32,0,0.0,0,0,aliked_lightglue
145-146,145,146,114,174,IMG20260826124323.jpg,IMG20260826125133.jpg,60,27,0,0.0,0,0,aliked_lightglue
145-146,145,146,114,175,IMG20260826124323.jpg,IMG20260826125137.jpg,61,44,17,0.38636363636363635,1,0,aliked_lightglue
145-146,145,146,114,176,IMG20260826124323.jpg,IMG20260826125139.jpg,62,30,0,0.0,0,0,aliked_lightglue
145-146,145,146,114,177,IMG20260826124323.jpg,IMG20260826125146.jpg,63,17,0,0.0,0,0,aliked_lightglue
145-146,145,146,114,178,IMG20260826124323.jpg,IMG20260826125151.jpg,64,31,0,0.0,0,0,aliked_lightglue
145-146,145,146,114,179,IMG20260826124323.jpg,IMG20260826125156.jpg,65,35,0,0.0,0,0,aliked_lightglue
145-146,145,146,114,180,IMG20260826124323.jpg,IMG20260826125224.jpg,66,30,16,0.5333333333333333,1,0,aliked_lightglue
145-146,145,146,114,181,IMG20260826124323.jpg,IMG20260826125228.jpg,67,32,18,0.5625,1,0,aliked_lightglue
145-146,145,146,114,182,IMG20260826124323.jpg,IMG20260826125230.jpg,68,56,28,0.5,1,0,aliked_lightglue
145-146,145,146,114,183,IMG20260826124323.jpg,IMG20260826125234.jpg,69,32,19,0.59375,1,0,aliked_lightglue
145-146,145,146,114,184,IMG20260826124323.jpg,IMG20260826125237.jpg,70,99,54,0.5454545454545454,1,0,aliked_lightglue
145-146,145,146,114,185,IMG20260826124323.jpg,IMG20260826125241.jpg,71,98,45,0.45918367346938777,1,0,aliked_lightglue
145-146,145,146,115,156,IMG20260826124327.jpg,IMG20260826124933.jpg,41,40,23,0.575,1,0,aliked_lightglue
145-146,145,146,115,157,IMG20260826124327.jpg,IMG20260826124936.jpg,42,52,15,0.28846153846153844,1,0,aliked_lightglue
145-146,145,146,115,158,IMG20260826124327.jpg,IMG20260826124945.jpg,43,29,19,0.6551724137931034,1,0,aliked_lightglue
145-146,145,146,115,159,IMG20260826124327.jpg,IMG20260826124948.jpg,44,26,16,0.6153846153846154,1,0,aliked_lightglue
145-146,145,146,115,160,IMG20260826124327.jpg,IMG20260826124951.jpg,45,37,0,0.0,0,0,aliked_lightglue
145-146,145,146,115,161,IMG20260826124327.jpg,IMG20260826124954.jpg,46,59,24,0.4067796610169492,1,0,aliked_lightglue
145-146,145,146,115,162,IMG20260826124327.jpg,IMG20260826125001.jpg,47,102,46,0.45098039215686275,1,0,aliked_lightglue
145-146,145,146,115,163,IMG20260826124327.jpg,IMG20260826125004.jpg,48,40,0,0.0,0,0,aliked_lightglue
145-146,145,146,115,164,IMG20260826124327.jpg,IMG20260826125007.jpg,49,32,0,0.0,0,0,aliked_lightglue
145-146,145,146,115,165,IMG20260826124327.jpg,IMG20260826125013.jpg,50,49,0,0.0,0,0,aliked_lightglue
145-146,145,146,115,166,IMG20260826124327.jpg,IMG20260826125016.jpg,51,55,16,0.2909090909090909,1,0,aliked_lightglue
145-146,145,146,115,167,IMG20260826124327.jpg,IMG20260826125018.jpg,52,67,0,0.0,0,0,aliked_lightglue
145-146,145,146,115,168,IMG20260826124327.jpg,IMG20260826125103.jpg,53,37,0,0.0,0,0,aliked_lightglue
145-146,145,146,115,169,IMG20260826124327.jpg,IMG20260826125108.jpg,54,46,15,0.32608695652173914,1,0,aliked_lightglue
145-146,145,146,115,170,IMG20260826124327.jpg,IMG20260826125111.jpg,55,39,17,0.4358974358974359,1,0,aliked_lightglue
145-146,145,146,115,171,IMG20260826124327.jpg,IMG20260826125124.jpg,56,19,0,0.0,0,0,aliked_lightglue
145-146,145,146,115,172,IMG20260826124327.jpg,IMG20260826125127.jpg,57,50,0,0.0,0,0,aliked_lightglue
145-146,145,146,115,173,IMG20260826124327.jpg,IMG20260826125130.jpg,58,28,0,0.0,0,0,aliked_lightglue
145-146,145,146,115,174,IMG20260826124327.jpg,IMG20260826125133.jpg,59,38,0,0.0,0,0,aliked_lightglue
145-146,145,146,115,175,IMG20260826124327.jpg,IMG20260826125137.jpg,60,42,0,0.0,0,0,aliked_lightglue
145-146,145,146,115,176,IMG20260826124327.jpg,IMG20260826125139.jpg,61,36,15,0.4166666666666667,1,0,aliked_lightglue
145-146,145,146,115,177,IMG20260826124327.jpg,IMG20260826125146.jpg,62,43,0,0.0,0,0,aliked_lightglue
145-146,145,146,115,178,IMG20260826124327.jpg,IMG20260826125151.jpg,63,51,0,0.0,0,0,aliked_lightglue
145-146,145,146,115,179,IMG20260826124327.jpg,IMG20260826125156.jpg,64,60,19,0.31666666666666665,1,0,aliked_lightglue
145-146,145,146,115,180,IMG20260826124327.jpg,IMG20260826125224.jpg,65,0,0,0.0,0,0,aliked_lightglue
145-146,145,146,115,181,IMG20260826124327.jpg,IMG20260826125228.jpg,66,35,16,0.45714285714285713,1,0,aliked_lightglue
145-146,145,146,115,182,IMG20260826124327.jpg,IMG20260826125230.jpg,67,35,20,0.5714285714285714,1,0,aliked_lightglue
145-146,145,146,115,183,IMG20260826124327.jpg,IMG20260826125234.jpg,68,59,29,0.4915254237288136,1,0,aliked_lightglue
145-146,145,146,115,184,IMG20260826124327.jpg,IMG20260826125237.jpg,69,37,17,0.4594594594594595,1,0,aliked_lightglue
145-146,145,146,115,185,IMG20260826124327.jpg,IMG20260826125241.jpg,70,20,0,0.0,0,0,aliked_lightglue
145-146,145,146,116,157,IMG20260826124331.jpg,IMG20260826124936.jpg,41,22,0,0.0,0,0,aliked_lightglue
145-146,145,146,116,158,IMG20260826124331.jpg,IMG20260826124945.jpg,42,22,0,0.0,0,0,aliked_lightglue
145-146,145,146,116,159,IMG20260826124331.jpg,IMG20260826124948.jpg,43,25,0,0.0,0,0,aliked_lightglue
145-146,145,146,116,160,IMG20260826124331.jpg,IMG20260826124951.jpg,44,34,0,0.0,0,0,aliked_lightglue
145-146,145,146,116,161,IMG20260826124331.jpg,IMG20260826124954.jpg,45,23,0,0.0,0,0,aliked_lightglue
145-146,145,146,116,162,IMG20260826124331.jpg,IMG20260826125001.jpg,46,68,31,0.45588235294117646,1,0,aliked_lightglue
145-146,145,146,116,163,IMG20260826124331.jpg,IMG20260826125004.jpg,47,36,18,0.5,1,0,aliked_lightglue
145-146,145,146,116,164,IMG20260826124331.jpg,IMG20260826125007.jpg,48,25,0,0.0,0,0,aliked_lightglue
145-146,145,146,116,165,IMG20260826124331.jpg,IMG20260826125013.jpg,49,51,18,0.35294117647058826,1,0,aliked_lightglue
145-146,145,146,116,166,IMG20260826124331.jpg,IMG20260826125016.jpg,50,25,0,0.0,0,0,aliked_lightglue
145-146,145,146,116,167,IMG20260826124331.jpg,IMG20260826125018.jpg,51,36,0,0.0,0,0,aliked_lightglue
145-146,145,146,116,168,IMG20260826124331.jpg,IMG20260826125103.jpg,52,78,16,0.20512820512820512,1,0,aliked_lightglue
145-146,145,146,116,169,IMG20260826124331.jpg,IMG20260826125108.jpg,53,36,0,0.0,0,0,aliked_lightglue
145-146,145,146,116,170,IMG20260826124331.jpg,IMG20260826125111.jpg,54,56,0,0.0,0,0,aliked_lightglue
145-146,145,146,116,171,IMG20260826124331.jpg,IMG20260826125124.jpg,55,34,15,0.4411764705882353,1,0,aliked_lightglue
145-146,145,146,116,172,IMG20260826124331.jpg,IMG20260826125127.jpg,56,52,15,0.28846153846153844,1,0,aliked_lightglue
145-146,145,146,116,173,IMG20260826124331.jpg,IMG20260826125130.jpg,57,26,0,0.0,0,0,aliked_lightglue
145-146,145,146,116,174,IMG20260826124331.jpg,IMG20260826125133.jpg,58,24,0,0.0,0,0,aliked_lightglue
145-146,145,146,116,175,IMG20260826124331.jpg,IMG20260826125137.jpg,59,35,0,0.0,0,0,aliked_lightglue
145-146,145,146,116,176,IMG20260826124331.jpg,IMG20260826125139.jpg,60,41,0,0.0,0,0,aliked_lightglue
145-146,145,146,116,177,IMG20260826124331.jpg,IMG20260826125146.jpg,61,43,0,0.0,0,0,aliked_lightglue
145-146,145,146,116,178,IMG20260826124331.jpg,IMG20260826125151.jpg,62,20,0,0.0,0,0,aliked_lightglue
145-146,145,146,116,179,IMG20260826124331.jpg,IMG20260826125156.jpg,63,35,15,0.42857142857142855,1,0,aliked_lightglue
145-146,145,146,116,180,IMG20260826124331.jpg,IMG20260826125224.jpg,64,15,0,0.0,0,0,aliked_lightglue
145-146,145,146,116,181,IMG20260826124331.jpg,IMG20260826125228.jpg,65,18,0,0.0,0,0,aliked_lightglue
145-146,145,146,116,182,IMG20260826124331.jpg,IMG20260826125230.jpg,66,51,25,0.49019607843137253,1,0,aliked_lightglue
145-146,145,146,116,183,IMG20260826124331.jpg,IMG20260826125234.jpg,67,33,19,0.5757575757575758,1,0,aliked_lightglue
145-146,145,146,116,184,IMG20260826124331.jpg,IMG20260826125237.jpg,68,20,0,0.0,0,0,aliked_lightglue
145-146,145,146,116,185,IMG20260826124331.jpg,IMG20260826125241.jpg,69,23,0,0.0,0,0,aliked_lightglue
145-146,145,146,117,158,IMG20260826124334.jpg,IMG20260826124945.jpg,41,40,0,0.0,0,0,aliked_lightglue
145-146,145,146,117,159,IMG20260826124334.jpg,IMG20260826124948.jpg,42,37,0,0.0,0,0,aliked_lightglue
145-146,145,146,117,160,IMG20260826124334.jpg,IMG20260826124951.jpg,43,27,0,0.0,0,0,aliked_lightglue
145-146,145,146,117,161,IMG20260826124334.jpg,IMG20260826124954.jpg,44,60,16,0.26666666666666666,1,0,aliked_lightglue
145-146,145,146,117,162,IMG20260826124334.jpg,IMG20260826125001.jpg,45,64,25,0.390625,1,0,aliked_lightglue
145-146,145,146,117,163,IMG20260826124334.jpg,IMG20260826125004.jpg,46,62,32,0.5161290322580645,1,0,aliked_lightglue
145-146,145,146,117,164,IMG20260826124334.jpg,IMG20260826125007.jpg,47,40,17,0.425,1,0,aliked_lightglue
145-146,145,146,117,165,IMG20260826124334.jpg,IMG20260826125013.jpg,48,66,18,0.2727272727272727,1,0,aliked_lightglue
145-146,145,146,117,166,IMG20260826124334.jpg,IMG20260826125016.jpg,49,56,16,0.2857142857142857,1,0,aliked_lightglue
145-146,145,146,117,167,IMG20260826124334.jpg,IMG20260826125018.jpg,50,47,0,0.0,0,0,aliked_lightglue
145-146,145,146,117,168,IMG20260826124334.jpg,IMG20260826125103.jpg,51,50,18,0.36,1,0,aliked_lightglue
145-146,145,146,117,169,IMG20260826124334.jpg,IMG20260826125108.jpg,52,61,21,0.3442622950819672,1,0,aliked_lightglue
145-146,145,146,117,170,IMG20260826124334.jpg,IMG20260826125111.jpg,53,38,0,0.0,0,0,aliked_lightglue
145-146,145,146,117,171,IMG20260826124334.jpg,IMG20260826125124.jpg,54,29,0,0.0,0,0,aliked_lightglue
145-146,145,146,117,172,IMG20260826124334.jpg,IMG20260826125127.jpg,55,45,0,0.0,0,0,aliked_lightglue
145-146,145,146,117,173,IMG20260826124334.jpg,IMG20260826125130.jpg,56,34,0,0.0,0,0,aliked_lightglue
145-146,145,146,117,174,IMG20260826124334.jpg,IMG20260826125133.jpg,57,44,0,0.0,0,0,aliked_lightglue
145-146,145,146,117,175,IMG20260826124334.jpg,IMG20260826125137.jpg,58,30,0,0.0,0,0,aliked_lightglue
145-146,145,146,117,176,IMG20260826124334.jpg,IMG20260826125139.jpg,59,40,0,0.0,0,0,aliked_lightglue
145-146,145,146,117,177,IMG20260826124334.jpg,IMG20260826125146.jpg,60,28,0,0.0,0,0,aliked_lightglue
145-146,145,146,117,178,IMG20260826124334.jpg,IMG20260826125151.jpg,61,48,0,0.0,0,0,aliked_lightglue
145-146,145,146,117,179,IMG20260826124334.jpg,IMG20260826125156.jpg,62,35,16,0.45714285714285713,1,0,aliked_lightglue
145-146,145,146,117,180,IMG20260826124334.jpg,IMG20260826125224.jpg,63,35,0,0.0,0,0,aliked_lightglue
145-146,145,146,117,181,IMG20260826124334.jpg,IMG20260826125228.jpg,64,57,0,0.0,0,0,aliked_lightglue
145-146,145,146,117,182,IMG20260826124334.jpg,IMG20260826125230.jpg,65,33,0,0.0,0,0,aliked_lightglue
145-146,145,146,117,183,IMG20260826124334.jpg,IMG20260826125234.jpg,66,34,0,0.0,0,0,aliked_lightglue
145-146,145,146,117,184,IMG20260826124334.jpg,IMG20260826125237.jpg,67,23,0,0.0,0,0,aliked_lightglue
145-146,145,146,117,185,IMG20260826124334.jpg,IMG20260826125241.jpg,68,40,0,0.0,0,0,aliked_lightglue
145-146,145,146,118,159,IMG20260826124338.jpg,IMG20260826124948.jpg,41,66,17,0.25757575757575757,1,0,aliked_lightglue
145-146,145,146,118,160,IMG20260826124338.jpg,IMG20260826124951.jpg,42,56,22,0.39285714285714285,1,0,aliked_lightglue
145-146,145,146,118,161,IMG20260826124338.jpg,IMG20260826124954.jpg,43,72,27,0.375,1,0,aliked_lightglue
145-146,145,146,118,162,IMG20260826124338.jpg,IMG20260826125001.jpg,44,81,30,0.37037037037037035,1,0,aliked_lightglue
145-146,145,146,118,163,IMG20260826124338.jpg,IMG20260826125004.jpg,45,47,16,0.3404255319148936,1,0,aliked_lightglue
145-146,145,146,118,164,IMG20260826124338.jpg,IMG20260826125007.jpg,46,73,25,0.3424657534246575,1,0,aliked_lightglue
145-146,145,146,118,165,IMG20260826124338.jpg,IMG20260826125013.jpg,47,54,15,0.2777777777777778,1,0,aliked_lightglue
145-146,145,146,118,166,IMG20260826124338.jpg,IMG20260826125016.jpg,48,58,16,0.27586206896551724,1,0,aliked_lightglue
145-146,145,146,118,167,IMG20260826124338.jpg,IMG20260826125018.jpg,49,42,0,0.0,0,0,aliked_lightglue
145-146,145,146,118,168,IMG20260826124338.jpg,IMG20260826125103.jpg,50,64,0,0.0,0,0,aliked_lightglue
145-146,145,146,118,169,IMG20260826124338.jpg,IMG20260826125108.jpg,51,49,0,0.0,0,0,aliked_lightglue
145-146,145,146,118,170,IMG20260826124338.jpg,IMG20260826125111.jpg,52,63,15,0.23809523809523808,1,0,aliked_lightglue
145-146,145,146,118,171,IMG20260826124338.jpg,IMG20260826125124.jpg,53,44,0,0.0,0,0,aliked_lightglue
145-146,145,146,118,172,IMG20260826124338.jpg,IMG20260826125127.jpg,54,35,0,0.0,0,0,aliked_lightglue
145-146,145,146,118,173,IMG20260826124338.jpg,IMG20260826125130.jpg,55,22,0,0.0,0,0,aliked_lightglue
145-146,145,146,118,174,IMG20260826124338.jpg,IMG20260826125133.jpg,56,32,0,0.0,0,0,aliked_lightglue
145-146,145,146,118,175,IMG20260826124338.jpg,IMG20260826125137.jpg,57,64,15,0.234375,1,0,aliked_lightglue
145-146,145,146,118,176,IMG20260826124338.jpg,IMG20260826125139.jpg,58,47,0,0.0,0,0,aliked_lightglue
145-146,145,146,118,177,IMG20260826124338.jpg,IMG20260826125146.jpg,59,48,0,0.0,0,0,aliked_lightglue
145-146,145,146,118,178,IMG20260826124338.jpg,IMG20260826125151.jpg,60,62,16,0.25806451612903225,1,0,aliked_lightglue
145-146,145,146,118,179,IMG20260826124338.jpg,IMG20260826125156.jpg,61,72,23,0.3194444444444444,1,0,aliked_lightglue
145-146,145,146,118,180,IMG20260826124338.jpg,IMG20260826125224.jpg,62,51,0,0.0,0,0,aliked_lightglue
145-146,145,146,118,181,IMG20260826124338.jpg,IMG20260826125228.jpg,63,60,18,0.3,1,0,aliked_lightglue
145-146,145,146,118,182,IMG20260826124338.jpg,IMG20260826125230.jpg,64,51,0,0.0,0,0,aliked_lightglue
145-146,145,146,118,183,IMG20260826124338.jpg,IMG20260826125234.jpg,65,56,19,0.3392857142857143,1,0,aliked_lightglue
145-146,145,146,118,184,IMG20260826124338.jpg,IMG20260826125237.jpg,66,18,0,0.0,0,0,aliked_lightglue
145-146,145,146,118,185,IMG20260826124338.jpg,IMG20260826125241.jpg,67,19,0,0.0,0,0,aliked_lightglue
145-146,145,146,119,160,IMG20260826124343.jpg,IMG20260826124951.jpg,41,42,0,0.0,0,0,aliked_lightglue
145-146,145,146,119,161,IMG20260826124343.jpg,IMG20260826124954.jpg,42,28,0,0.0,0,0,aliked_lightglue
145-146,145,146,119,162,IMG20260826124343.jpg,IMG20260826125001.jpg,43,36,0,0.0,0,0,aliked_lightglue
145-146,145,146,119,163,IMG20260826124343.jpg,IMG20260826125004.jpg,44,22,0,0.0,0,0,aliked_lightglue
145-146,145,146,119,164,IMG20260826124343.jpg,IMG20260826125007.jpg,45,33,0,0.0,0,0,aliked_lightglue
145-146,145,146,119,165,IMG20260826124343.jpg,IMG20260826125013.jpg,46,38,15,0.39473684210526316,1,0,aliked_lightglue
145-146,145,146,119,166,IMG20260826124343.jpg,IMG20260826125016.jpg,47,63,0,0.0,0,0,aliked_lightglue
145-146,145,146,119,167,IMG20260826124343.jpg,IMG20260826125018.jpg,48,65,0,0.0,0,0,aliked_lightglue
145-146,145,146,119,168,IMG20260826124343.jpg,IMG20260826125103.jpg,49,61,31,0.5081967213114754,1,0,aliked_lightglue
145-146,145,146,119,169,IMG20260826124343.jpg,IMG20260826125108.jpg,50,29,0,0.0,0,0,aliked_lightglue
145-146,145,146,119,170,IMG20260826124343.jpg,IMG20260826125111.jpg,51,29,15,0.5172413793103449,1,0,aliked_lightglue
145-146,145,146,119,171,IMG20260826124343.jpg,IMG20260826125124.jpg,52,23,0,0.0,0,0,aliked_lightglue
145-146,145,146,119,172,IMG20260826124343.jpg,IMG20260826125127.jpg,53,50,0,0.0,0,0,aliked_lightglue
145-146,145,146,119,173,IMG20260826124343.jpg,IMG20260826125130.jpg,54,40,0,0.0,0,0,aliked_lightglue
145-146,145,146,119,174,IMG20260826124343.jpg,IMG20260826125133.jpg,55,44,0,0.0,0,0,aliked_lightglue
145-146,145,146,119,175,IMG20260826124343.jpg,IMG20260826125137.jpg,56,23,0,0.0,0,0,aliked_lightglue
145-146,145,146,119,176,IMG20260826124343.jpg,IMG20260826125139.jpg,57,35,0,0.0,0,0,aliked_lightglue
145-146,145,146,119,177,IMG20260826124343.jpg,IMG20260826125146.jpg,58,34,0,0.0,0,0,aliked_lightglue
145-146,145,146,119,178,IMG20260826124343.jpg,IMG20260826125151.jpg,59,49,0,0.0,0,0,aliked_lightglue
145-146,145,146,119,179,IMG20260826124343.jpg,IMG20260826125156.jpg,60,31,0,0.0,0,0,aliked_lightglue
145-146,145,146,119,180,IMG20260826124343.jpg,IMG20260826125224.jpg,61,22,0,0.0,0,0,aliked_lightglue
145-146,145,146,119,181,IMG20260826124343.jpg,IMG20260826125228.jpg,62,34,0,0.0,0,0,aliked_lightglue
145-146,145,146,119,182,IMG20260826124343.jpg,IMG20260826125230.jpg,63,16,0,0.0,0,0,aliked_lightglue
145-146,145,146,119,183,IMG20260826124343.jpg,IMG20260826125234.jpg,64,15,0,0.0,0,0,aliked_lightglue
145-146,145,146,119,184,IMG20260826124343.jpg,IMG20260826125237.jpg,65,18,0,0.0,0,0,aliked_lightglue
145-146,145,146,119,185,IMG20260826124343.jpg,IMG20260826125241.jpg,66,22,0,0.0,0,0,aliked_lightglue
145-146,145,146,120,161,IMG20260826124347.jpg,IMG20260826124954.jpg,41,41,0,0.0,0,0,aliked_lightglue
145-146,145,146,120,162,IMG20260826124347.jpg,IMG20260826125001.jpg,42,28,0,0.0,0,0,aliked_lightglue
145-146,145,146,120,163,IMG20260826124347.jpg,IMG20260826125004.jpg,43,47,0,0.0,0,0,aliked_lightglue
145-146,145,146,120,164,IMG20260826124347.jpg,IMG20260826125007.jpg,44,38,16,0.42105263157894735,1,0,aliked_lightglue
145-146,145,146,120,165,IMG20260826124347.jpg,IMG20260826125013.jpg,45,56,22,0.39285714285714285,1,0,aliked_lightglue
145-146,145,146,120,166,IMG20260826124347.jpg,IMG20260826125016.jpg,46,41,0,0.0,0,0,aliked_lightglue
145-146,145,146,120,167,IMG20260826124347.jpg,IMG20260826125018.jpg,47,25,0,0.0,0,0,aliked_lightglue
145-146,145,146,120,168,IMG20260826124347.jpg,IMG20260826125103.jpg,48,58,17,0.29310344827586204,1,0,aliked_lightglue
145-146,145,146,120,169,IMG20260826124347.jpg,IMG20260826125108.jpg,49,32,0,0.0,0,0,aliked_lightglue
145-146,145,146,120,170,IMG20260826124347.jpg,IMG20260826125111.jpg,50,18,0,0.0,0,0,aliked_lightglue
145-146,145,146,120,171,IMG20260826124347.jpg,IMG20260826125124.jpg,51,48,0,0.0,0,0,aliked_lightglue
145-146,145,146,120,172,IMG20260826124347.jpg,IMG20260826125127.jpg,52,41,0,0.0,0,0,aliked_lightglue
145-146,145,146,120,173,IMG20260826124347.jpg,IMG20260826125130.jpg,53,36,0,0.0,0,0,aliked_lightglue
145-146,145,146,120,174,IMG20260826124347.jpg,IMG20260826125133.jpg,54,24,0,0.0,0,0,aliked_lightglue
145-146,145,146,120,175,IMG20260826124347.jpg,IMG20260826125137.jpg,55,20,0,0.0,0,0,aliked_lightglue
145-146,145,146,120,176,IMG20260826124347.jpg,IMG20260826125139.jpg,56,0,0,0.0,0,0,aliked_lightglue
145-146,145,146,120,177,IMG20260826124347.jpg,IMG20260826125146.jpg,57,33,15,0.45454545454545453,1,0,aliked_lightglue
145-146,145,146,120,178,IMG20260826124347.jpg,IMG20260826125151.jpg,58,37,15,0.40540540540540543,1,0,aliked_lightglue
145-146,145,146,120,179,IMG20260826124347.jpg,IMG20260826125156.jpg,59,25,0,0.0,0,0,aliked_lightglue
145-146,145,146,120,180,IMG20260826124347.jpg,IMG20260826125224.jpg,60,53,0,0.0,0,0,aliked_lightglue
145-146,145,146,120,181,IMG20260826124347.jpg,IMG20260826125228.jpg,61,34,17,0.5,1,0,aliked_lightglue
145-146,145,146,120,182,IMG20260826124347.jpg,IMG20260826125230.jpg,62,45,20,0.4444444444444444,1,0,aliked_lightglue
145-146,145,146,120,183,IMG20260826124347.jpg,IMG20260826125234.jpg,63,21,0,0.0,0,0,aliked_lightglue
145-146,145,146,120,184,IMG20260826124347.jpg,IMG20260826125237.jpg,64,26,0,0.0,0,0,aliked_lightglue
145-146,145,146,120,185,IMG20260826124347.jpg,IMG20260826125241.jpg,65,0,0,0.0,0,0,aliked_lightglue
145-146,145,146,121,162,IMG20260826124353.jpg,IMG20260826125001.jpg,41,60,0,0.0,0,0,aliked_lightglue
145-146,145,146,121,163,IMG20260826124353.jpg,IMG20260826125004.jpg,42,18,0,0.0,0,0,aliked_lightglue
145-146,145,146,121,164,IMG20260826124353.jpg,IMG20260826125007.jpg,43,26,0,0.0,0,0,aliked_lightglue
145-146,145,146,121,165,IMG20260826124353.jpg,IMG20260826125013.jpg,44,62,22,0.3548387096774194,1,0,aliked_lightglue
145-146,145,146,121,166,IMG20260826124353.jpg,IMG20260826125016.jpg,45,34,17,0.5,1,0,aliked_lightglue
145-146,145,146,121,167,IMG20260826124353.jpg,IMG20260826125018.jpg,46,45,0,0.0,0,0,aliked_lightglue
145-146,145,146,121,168,IMG20260826124353.jpg,IMG20260826125103.jpg,47,90,16,0.17777777777777778,1,0,aliked_lightglue
145-146,145,146,121,169,IMG20260826124353.jpg,IMG20260826125108.jpg,48,64,15,0.234375,1,0,aliked_lightglue
145-146,145,146,121,170,IMG20260826124353.jpg,IMG20260826125111.jpg,49,35,0,0.0,0,0,aliked_lightglue
145-146,145,146,121,171,IMG20260826124353.jpg,IMG20260826125124.jpg,50,47,16,0.3404255319148936,1,0,aliked_lightglue
145-146,145,146,121,172,IMG20260826124353.jpg,IMG20260826125127.jpg,51,36,0,0.0,0,0,aliked_lightglue
145-146,145,146,121,173,IMG20260826124353.jpg,IMG20260826125130.jpg,52,53,16,0.3018867924528302,1,0,aliked_lightglue
145-146,145,146,121,174,IMG20260826124353.jpg,IMG20260826125133.jpg,53,46,15,0.32608695652173914,1,0,aliked_lightglue
145-146,145,146,121,175,IMG20260826124353.jpg,IMG20260826125137.jpg,54,20,0,0.0,0,0,aliked_lightglue
145-146,145,146,121,176,IMG20260826124353.jpg,IMG20260826125139.jpg,55,57,15,0.2631578947368421,1,0,aliked_lightglue
145-146,145,146,121,177,IMG20260826124353.jpg,IMG20260826125146.jpg,56,38,0,0.0,0,0,aliked_lightglue
145-146,145,146,121,178,IMG20260826124353.jpg,IMG20260826125151.jpg,57,29,0,0.0,0,0,aliked_lightglue
145-146,145,146,121,179,IMG20260826124353.jpg,IMG20260826125156.jpg,58,34,0,0.0,0,0,aliked_lightglue
145-146,145,146,121,180,IMG20260826124353.jpg,IMG20260826125224.jpg,59,33,0,0.0,0,0,aliked_lightglue
145-146,145,146,121,181,IMG20260826124353.jpg,IMG20260826125228.jpg,60,30,15,0.5,1,0,aliked_lightglue
145-146,145,146,121,182,IMG20260826124353.jpg,IMG20260826125230.jpg,61,79,30,0.379746835443038,1,0,aliked_lightglue
145-146,145,146,121,183,IMG20260826124353.jpg,IMG20260826125234.jpg,62,26,0,0.0,0,0,aliked_lightglue
145-146,145,146,121,184,IMG20260826124353.jpg,IMG20260826125237.jpg,63,33,0,0.0,0,0,aliked_lightglue
145-146,145,146,121,185,IMG20260826124353.jpg,IMG20260826125241.jpg,64,30,0,0.0,0,0,aliked_lightglue
145-146,145,146,122,163,IMG20260826124356.jpg,IMG20260826125004.jpg,41,61,17,0.2786885245901639,1,0,aliked_lightglue
145-146,145,146,122,164,IMG20260826124356.jpg,IMG20260826125007.jpg,42,24,0,0.0,0,0,aliked_lightglue
145-146,145,146,122,165,IMG20260826124356.jpg,IMG20260826125013.jpg,43,92,38,0.41304347826086957,1,0,aliked_lightglue
145-146,145,146,122,166,IMG20260826124356.jpg,IMG20260826125016.jpg,44,44,0,0.0,0,0,aliked_lightglue
145-146,145,146,122,167,IMG20260826124356.jpg,IMG20260826125018.jpg,45,34,15,0.4411764705882353,1,0,aliked_lightglue
145-146,145,146,122,168,IMG20260826124356.jpg,IMG20260826125103.jpg,46,76,22,0.2894736842105263,1,0,aliked_lightglue
145-146,145,146,122,169,IMG20260826124356.jpg,IMG20260826125108.jpg,47,46,0,0.0,0,0,aliked_lightglue
145-146,145,146,122,170,IMG20260826124356.jpg,IMG20260826125111.jpg,48,40,0,0.0,0,0,aliked_lightglue
145-146,145,146,122,171,IMG20260826124356.jpg,IMG20260826125124.jpg,49,41,15,0.36585365853658536,1,0,aliked_lightglue
145-146,145,146,122,172,IMG20260826124356.jpg,IMG20260826125127.jpg,50,32,0,0.0,0,0,aliked_lightglue
145-146,145,146,122,173,IMG20260826124356.jpg,IMG20260826125130.jpg,51,33,0,0.0,0,0,aliked_lightglue
145-146,145,146,122,174,IMG20260826124356.jpg,IMG20260826125133.jpg,52,42,0,0.0,0,0,aliked_lightglue
145-146,145,146,122,175,IMG20260826124356.jpg,IMG20260826125137.jpg,53,45,0,0.0,0,0,aliked_lightglue
145-146,145,146,122,176,IMG20260826124356.jpg,IMG20260826125139.jpg,54,26,0,0.0,0,0,aliked_lightglue
145-146,145,146,122,177,IMG20260826124356.jpg,IMG20260826125146.jpg,55,68,0,0.0,0,0,aliked_lightglue
145-146,145,146,122,178,IMG20260826124356.jpg,IMG20260826125151.jpg,56,26,0,0.0,0,0,aliked_lightglue
145-146,145,146,122,179,IMG20260826124356.jpg,IMG20260826125156.jpg,57,31,0,0.0,0,0,aliked_lightglue
145-146,145,146,122,180,IMG20260826124356.jpg,IMG20260826125224.jpg,58,37,0,0.0,0,0,aliked_lightglue
145-146,145,146,122,181,IMG20260826124356.jpg,IMG20260826125228.jpg,59,56,17,0.30357142857142855,1,0,aliked_lightglue
145-146,145,146,122,182,IMG20260826124356.jpg,IMG20260826125230.jpg,60,55,16,0.2909090909090909,1,0,aliked_lightglue
145-146,145,146,122,183,IMG20260826124356.jpg,IMG20260826125234.jpg,61,45,16,0.35555555555555557,1,0,aliked_lightglue
145-146,145,146,122,184,IMG20260826124356.jpg,IMG20260826125237.jpg,62,61,17,0.2786885245901639,1,0,aliked_lightglue
145-146,145,146,122,185,IMG20260826124356.jpg,IMG20260826125241.jpg,63,58,15,0.25862068965517243,1,0,aliked_lightglue
145-146,145,146,123,164,IMG20260826124400.jpg,IMG20260826125007.jpg,41,51,0,0.0,0,0,aliked_lightglue
145-146,145,146,123,165,IMG20260826124400.jpg,IMG20260826125013.jpg,42,91,49,0.5384615384615384,1,0,aliked_lightglue
145-146,145,146,123,166,IMG20260826124400.jpg,IMG20260826125016.jpg,43,94,47,0.5,1,0,aliked_lightglue
145-146,145,146,123,167,IMG20260826124400.jpg,IMG20260826125018.jpg,44,113,58,0.5132743362831859,1,0,aliked_lightglue
145-146,145,146,123,168,IMG20260826124400.jpg,IMG20260826125103.jpg,45,129,51,0.3953488372093023,1,0,aliked_lightglue
145-146,145,146,123,169,IMG20260826124400.jpg,IMG20260826125108.jpg,46,49,24,0.4897959183673469,1,0,aliked_lightglue
145-146,145,146,123,170,IMG20260826124400.jpg,IMG20260826125111.jpg,47,53,17,0.32075471698113206,1,0,aliked_lightglue
145-146,145,146,123,171,IMG20260826124400.jpg,IMG20260826125124.jpg,48,49,15,0.30612244897959184,1,0,aliked_lightglue
145-146,145,146,123,172,IMG20260826124400.jpg,IMG20260826125127.jpg,49,54,18,0.3333333333333333,1,0,aliked_lightglue
145-146,145,146,123,173,IMG20260826124400.jpg,IMG20260826125130.jpg,50,55,17,0.3090909090909091,1,0,aliked_lightglue
145-146,145,146,123,174,IMG20260826124400.jpg,IMG20260826125133.jpg,51,37,0,0.0,0,0,aliked_lightglue
145-146,145,146,123,175,IMG20260826124400.jpg,IMG20260826125137.jpg,52,36,0,0.0,0,0,aliked_lightglue
145-146,145,146,123,176,IMG20260826124400.jpg,IMG20260826125139.jpg,53,55,16,0.2909090909090909,1,0,aliked_lightglue
145-146,145,146,123,177,IMG20260826124400.jpg,IMG20260826125146.jpg,54,73,15,0.2054794520547945,1,0,aliked_lightglue
145-146,145,146,123,178,IMG20260826124400.jpg,IMG20260826125151.jpg,55,49,27,0.5510204081632653,1,0,aliked_lightglue
145-146,145,146,123,179,IMG20260826124400.jpg,IMG20260826125156.jpg,56,36,20,0.5555555555555556,1,0,aliked_lightglue
145-146,145,146,123,180,IMG20260826124400.jpg,IMG20260826125224.jpg,57,54,26,0.48148148148148145,1,0,aliked_lightglue
145-146,145,146,123,181,IMG20260826124400.jpg,IMG20260826125228.jpg,58,38,0,0.0,0,0,aliked_lightglue
145-146,145,146,123,182,IMG20260826124400.jpg,IMG20260826125230.jpg,59,50,15,0.3,1,0,aliked_lightglue
145-146,145,146,123,183,IMG20260826124400.jpg,IMG20260826125234.jpg,60,58,0,0.0,0,0,aliked_lightglue
145-146,145,146,123,184,IMG20260826124400.jpg,IMG20260826125237.jpg,61,95,19,0.2,1,0,aliked_lightglue
145-146,145,146,123,185,IMG20260826124400.jpg,IMG20260826125241.jpg,62,21,0,0.0,0,0,aliked_lightglue
145-146,145,146,124,165,IMG20260826124404.jpg,IMG20260826125013.jpg,41,50,25,0.5,1,0,aliked_lightglue
145-146,145,146,124,166,IMG20260826124404.jpg,IMG20260826125016.jpg,42,75,31,0.41333333333333333,1,0,aliked_lightglue
145-146,145,146,124,167,IMG20260826124404.jpg,IMG20260826125018.jpg,43,117,58,0.49572649572649574,1,0,aliked_lightglue
145-146,145,146,124,168,IMG20260826124404.jpg,IMG20260826125103.jpg,44,201,79,0.39303482587064675,1,1,aliked_lightglue
145-146,145,146,124,169,IMG20260826124404.jpg,IMG20260826125108.jpg,45,122,49,0.4016393442622951,1,0,aliked_lightglue
145-146,145,146,124,170,IMG20260826124404.jpg,IMG20260826125111.jpg,46,67,18,0.26865671641791045,1,0,aliked_lightglue
145-146,145,146,124,171,IMG20260826124404.jpg,IMG20260826125124.jpg,47,76,37,0.4868421052631579,1,0,aliked_lightglue
145-146,145,146,124,172,IMG20260826124404.jpg,IMG20260826125127.jpg,48,34,0,0.0,0,0,aliked_lightglue
145-146,145,146,124,173,IMG20260826124404.jpg,IMG20260826125130.jpg,49,38,0,0.0,0,0,aliked_lightglue
145-146,145,146,124,174,IMG20260826124404.jpg,IMG20260826125133.jpg,50,68,16,0.23529411764705882,1,0,aliked_lightglue
145-146,145,146,124,175,IMG20260826124404.jpg,IMG20260826125137.jpg,51,47,0,0.0,0,0,aliked_lightglue
145-146,145,146,124,176,IMG20260826124404.jpg,IMG20260826125139.jpg,52,42,0,0.0,0,0,aliked_lightglue
145-146,145,146,124,177,IMG20260826124404.jpg,IMG20260826125146.jpg,53,33,16,0.48484848484848486,1,0,aliked_lightglue
145-146,145,146,124,178,IMG20260826124404.jpg,IMG20260826125151.jpg,54,29,0,0.0,0,0,aliked_lightglue
145-146,145,146,124,179,IMG20260826124404.jpg,IMG20260826125156.jpg,55,70,22,0.3142857142857143,1,0,aliked_lightglue
145-146,145,146,124,180,IMG20260826124404.jpg,IMG20260826125224.jpg,56,44,28,0.6363636363636364,1,0,aliked_lightglue
145-146,145,146,124,181,IMG20260826124404.jpg,IMG20260826125228.jpg,57,47,25,0.5319148936170213,1,0,aliked_lightglue
145-146,145,146,124,182,IMG20260826124404.jpg,IMG20260826125230.jpg,58,46,19,0.41304347826086957,1,0,aliked_lightglue
145-146,145,146,124,183,IMG20260826124404.jpg,IMG20260826125234.jpg,59,75,16,0.21333333333333335,1,0,aliked_lightglue
145-146,145,146,124,184,IMG20260826124404.jpg,IMG20260826125237.jpg,60,73,18,0.2465753424657534,1,0,aliked_lightglue
145-146,145,146,124,185,IMG20260826124404.jpg,IMG20260826125241.jpg,61,30,0,0.0,0,0,aliked_lightglue
145-146,145,146,125,166,IMG20260826124408.jpg,IMG20260826125016.jpg,41,46,18,0.391304347826087,1,0,aliked_lightglue
145-146,145,146,125,167,IMG20260826124408.jpg,IMG20260826125018.jpg,42,52,18,0.34615384615384615,1,0,aliked_lightglue
145-146,145,146,125,168,IMG20260826124408.jpg,IMG20260826125103.jpg,43,162,78,0.48148148148148145,1,0,aliked_lightglue
145-146,145,146,125,169,IMG20260826124408.jpg,IMG20260826125108.jpg,44,117,68,0.5811965811965812,1,0,aliked_lightglue
145-146,145,146,125,170,IMG20260826124408.jpg,IMG20260826125111.jpg,45,151,71,0.47019867549668876,1,0,aliked_lightglue
145-146,145,146,125,171,IMG20260826124408.jpg,IMG20260826125124.jpg,46,162,69,0.42592592592592593,1,0,aliked_lightglue
145-146,145,146,125,172,IMG20260826124408.jpg,IMG20260826125127.jpg,47,49,15,0.30612244897959184,1,0,aliked_lightglue
145-146,145,146,125,173,IMG20260826124408.jpg,IMG20260826125130.jpg,48,49,0,0.0,0,0,aliked_lightglue
145-146,145,146,125,174,IMG20260826124408.jpg,IMG20260826125133.jpg,49,40,0,0.0,0,0,aliked_lightglue
145-146,145,146,125,175,IMG20260826124408.jpg,IMG20260826125137.jpg,50,36,0,0.0,0,0,aliked_lightglue
145-146,145,146,125,176,IMG20260826124408.jpg,IMG20260826125139.jpg,51,32,0,0.0,0,0,aliked_lightglue
145-146,145,146,125,177,IMG20260826124408.jpg,IMG20260826125146.jpg,52,39,0,0.0,0,0,aliked_lightglue
145-146,145,146,125,178,IMG20260826124408.jpg,IMG20260826125151.jpg,53,37,0,0.0,0,0,aliked_lightglue
145-146,145,146,125,179,IMG20260826124408.jpg,IMG20260826125156.jpg,54,127,64,0.5039370078740157,1,0,aliked_lightglue
145-146,145,146,125,180,IMG20260826124408.jpg,IMG20260826125224.jpg,55,133,71,0.5338345864661654,1,0,aliked_lightglue
145-146,145,146,125,181,IMG20260826124408.jpg,IMG20260826125228.jpg,56,140,67,0.4785714285714286,1,0,aliked_lightglue
145-146,145,146,125,182,IMG20260826124408.jpg,IMG20260826125230.jpg,57,160,81,0.50625,1,1,aliked_lightglue
145-146,145,146,125,183,IMG20260826124408.jpg,IMG20260826125234.jpg,58,153,72,0.47058823529411764,1,0,aliked_lightglue
145-146,145,146,125,184,IMG20260826124408.jpg,IMG20260826125237.jpg,59,71,27,0.38028169014084506,1,0,aliked_lightglue
145-146,145,146,125,185,IMG20260826124408.jpg,IMG20260826125241.jpg,60,84,28,0.3333333333333333,1,0,aliked_lightglue
145-146,145,146,126,167,IMG20260826124412.jpg,IMG20260826125018.jpg,41,43,15,0.3488372093023256,1,0,aliked_lightglue
145-146,145,146,126,168,IMG20260826124412.jpg,IMG20260826125103.jpg,42,69,37,0.5362318840579711,1,0,aliked_lightglue
145-146,145,146,126,169,IMG20260826124412.jpg,IMG20260826125108.jpg,43,137,77,0.5620437956204379,1,0,aliked_lightglue
145-146,145,146,126,170,IMG20260826124412.jpg,IMG20260826125111.jpg,44,116,77,0.6637931034482759,1,0,aliked_lightglue
145-146,145,146,126,171,IMG20260826124412.jpg,IMG20260826125124.jpg,45,152,62,0.40789473684210525,1,0,aliked_lightglue
145-146,145,146,126,172,IMG20260826124412.jpg,IMG20260826125127.jpg,46,103,46,0.44660194174757284,1,0,aliked_lightglue
145-146,145,146,126,173,IMG20260826124412.jpg,IMG20260826125130.jpg,47,132,73,0.553030303030303,1,0,aliked_lightglue
145-146,145,146,126,174,IMG20260826124412.jpg,IMG20260826125133.jpg,48,53,0,0.0,0,0,aliked_lightglue
145-146,145,146,126,175,IMG20260826124412.jpg,IMG20260826125137.jpg,49,29,0,0.0,0,0,aliked_lightglue
145-146,145,146,126,176,IMG20260826124412.jpg,IMG20260826125139.jpg,50,37,0,0.0,0,0,aliked_lightglue
145-146,145,146,126,177,IMG20260826124412.jpg,IMG20260826125146.jpg,51,83,28,0.3373493975903614,1,0,aliked_lightglue
145-146,145,146,126,178,IMG20260826124412.jpg,IMG20260826125151.jpg,52,30,0,0.0,0,0,aliked_lightglue
145-146,145,146,126,179,IMG20260826124412.jpg,IMG20260826125156.jpg,53,97,54,0.5567010309278351,1,0,aliked_lightglue
145-146,145,146,126,180,IMG20260826124412.jpg,IMG20260826125224.jpg,54,165,98,0.593939393939394,1,0,aliked_lightglue
145-146,145,146,126,181,IMG20260826124412.jpg,IMG20260826125228.jpg,55,183,115,0.6284153005464481,1,1,aliked_lightglue
145-146,145,146,126,182,IMG20260826124412.jpg,IMG20260826125230.jpg,56,121,66,0.5454545454545454,1,0,aliked_lightglue
145-146,145,146,126,183,IMG20260826124412.jpg,IMG20260826125234.jpg,57,260,120,0.46153846153846156,1,1,aliked_lightglue
145-146,145,146,126,184,IMG20260826124412.jpg,IMG20260826125237.jpg,58,223,109,0.48878923766816146,1,0,aliked_lightglue
145-146,145,146,126,185,IMG20260826124412.jpg,IMG20260826125241.jpg,59,158,69,0.43670886075949367,1,0,aliked_lightglue
145-146,145,146,127,168,IMG20260826124416.jpg,IMG20260826125103.jpg,41,57,31,0.543859649122807,1,0,aliked_lightglue
145-146,145,146,127,169,IMG20260826124416.jpg,IMG20260826125108.jpg,42,109,51,0.46788990825688076,1,0,aliked_lightglue
145-146,145,146,127,170,IMG20260826124416.jpg,IMG20260826125111.jpg,43,127,73,0.5748031496062992,1,0,aliked_lightglue
145-146,145,146,127,171,IMG20260826124416.jpg,IMG20260826125124.jpg,44,135,58,0.42962962962962964,1,0,aliked_lightglue
145-146,145,146,127,172,IMG20260826124416.jpg,IMG20260826125127.jpg,45,43,21,0.4883720930232558,1,0,aliked_lightglue
145-146,145,146,127,173,IMG20260826124416.jpg,IMG20260826125130.jpg,46,31,0,0.0,0,0,aliked_lightglue
145-146,145,146,127,174,IMG20260826124416.jpg,IMG20260826125133.jpg,47,51,0,0.0,0,0,aliked_lightglue
145-146,145,146,127,175,IMG20260826124416.jpg,IMG20260826125137.jpg,48,21,0,0.0,0,0,aliked_lightglue
145-146,145,146,127,176,IMG20260826124416.jpg,IMG20260826125139.jpg,49,52,0,0.0,0,0,aliked_lightglue
145-146,145,146,127,177,IMG20260826124416.jpg,IMG20260826125146.jpg,50,39,0,0.0,0,0,aliked_lightglue
145-146,145,146,127,178,IMG20260826124416.jpg,IMG20260826125151.jpg,51,29,0,0.0,0,0,aliked_lightglue
145-146,145,146,127,179,IMG20260826124416.jpg,IMG20260826125156.jpg,52,42,16,0.38095238095238093,1,0,aliked_lightglue
145-146,145,146,127,180,IMG20260826124416.jpg,IMG20260826125224.jpg,53,66,34,0.5151515151515151,1,0,aliked_lightglue
145-146,145,146,127,181,IMG20260826124416.jpg,IMG20260826125228.jpg,54,149,74,0.4966442953020134,1,1,aliked_lightglue
145-146,145,146,127,182,IMG20260826124416.jpg,IMG20260826125230.jpg,55,70,32,0.45714285714285713,1,0,aliked_lightglue
145-146,145,146,127,183,IMG20260826124416.jpg,IMG20260826125234.jpg,56,107,53,0.4953271028037383,1,0,aliked_lightglue
145-146,145,146,127,184,IMG20260826124416.jpg,IMG20260826125237.jpg,57,164,78,0.47560975609756095,1,1,aliked_lightglue
145-146,145,146,127,185,IMG20260826124416.jpg,IMG20260826125241.jpg,58,80,43,0.5375,1,0,aliked_lightglue
145-146,145,146,128,169,IMG20260826124422.jpg,IMG20260826125108.jpg,41,37,16,0.43243243243243246,1,0,aliked_lightglue
145-146,145,146,128,170,IMG20260826124422.jpg,IMG20260826125111.jpg,42,75,36,0.48,1,0,aliked_lightglue
145-146,145,146,128,171,IMG20260826124422.jpg,IMG20260826125124.jpg,43,45,20,0.4444444444444444,1,0,aliked_lightglue
145-146,145,146,128,172,IMG20260826124422.jpg,IMG20260826125127.jpg,44,117,57,0.48717948717948717,1,0,aliked_lightglue
145-146,145,146,128,173,IMG20260826124422.jpg,IMG20260826125130.jpg,45,75,34,0.4533333333333333,1,0,aliked_lightglue
145-146,145,146,128,174,IMG20260826124422.jpg,IMG20260826125133.jpg,46,86,37,0.43023255813953487,1,0,aliked_lightglue
145-146,145,146,128,175,IMG20260826124422.jpg,IMG20260826125137.jpg,47,26,0,0.0,0,0,aliked_lightglue
145-146,145,146,128,176,IMG20260826124422.jpg,IMG20260826125139.jpg,48,40,15,0.375,1,0,aliked_lightglue
145-146,145,146,128,177,IMG20260826124422.jpg,IMG20260826125146.jpg,49,32,0,0.0,0,0,aliked_lightglue
145-146,145,146,128,178,IMG20260826124422.jpg,IMG20260826125151.jpg,50,25,0,0.0,0,0,aliked_lightglue
145-146,145,146,128,179,IMG20260826124422.jpg,IMG20260826125156.jpg,51,53,15,0.2830188679245283,1,0,aliked_lightglue
145-146,145,146,128,180,IMG20260826124422.jpg,IMG20260826125224.jpg,52,43,16,0.37209302325581395,1,0,aliked_lightglue
145-146,145,146,128,181,IMG20260826124422.jpg,IMG20260826125228.jpg,53,58,18,0.3103448275862069,1,0,aliked_lightglue
145-146,145,146,128,182,IMG20260826124422.jpg,IMG20260826125230.jpg,54,91,53,0.5824175824175825,1,0,aliked_lightglue
145-146,145,146,128,183,IMG20260826124422.jpg,IMG20260826125234.jpg,55,117,52,0.4444444444444444,1,0,aliked_lightglue
145-146,145,146,128,184,IMG20260826124422.jpg,IMG20260826125237.jpg,56,39,24,0.6153846153846154,1,0,aliked_lightglue
145-146,145,146,128,185,IMG20260826124422.jpg,IMG20260826125241.jpg,57,37,24,0.6486486486486487,1,0,aliked_lightglue
145-146,145,146,129,170,IMG20260826124425.jpg,IMG20260826125111.jpg,41,88,47,0.5340909090909091,1,0,aliked_lightglue
145-146,145,146,129,171,IMG20260826124425.jpg,IMG20260826125124.jpg,42,73,41,0.5616438356164384,1,0,aliked_lightglue
145-146,145,146,129,172,IMG20260826124425.jpg,IMG20260826125127.jpg,43,27,16,0.5925925925925926,1,0,aliked_lightglue
145-146,145,146,129,173,IMG20260826124425.jpg,IMG20260826125130.jpg,44,50,25,0.5,1,0,aliked_lightglue
145-146,145,146,129,174,IMG20260826124425.jpg,IMG20260826125133.jpg,45,41,0,0.0,0,0,aliked_lightglue
145-146,145,146,129,175,IMG20260826124425.jpg,IMG20260826125137.jpg,46,29,0,0.0,0,0,aliked_lightglue
145-146,145,146,129,176,IMG20260826124425.jpg,IMG20260826125139.jpg,47,73,20,0.273972602739726,1,0,aliked_lightglue
145-146,145,146,129,177,IMG20260826124425.jpg,IMG20260826125146.jpg,48,67,21,0.31343283582089554,1,0,aliked_lightglue
145-146,145,146,129,178,IMG20260826124425.jpg,IMG20260826125151.jpg,49,24,0,0.0,0,0,aliked_lightglue
145-146,145,146,129,179,IMG20260826124425.jpg,IMG20260826125156.jpg,50,64,15,0.234375,1,0,aliked_lightglue
145-146,145,146,129,180,IMG20260826124425.jpg,IMG20260826125224.jpg,51,49,19,0.3877551020408163,1,0,aliked_lightglue
145-146,145,146,129,181,IMG20260826124425.jpg,IMG20260826125228.jpg,52,32,19,0.59375,1,0,aliked_lightglue
145-146,145,146,129,182,IMG20260826124425.jpg,IMG20260826125230.jpg,53,82,40,0.4878048780487805,1,0,aliked_lightglue
145-146,145,146,129,183,IMG20260826124425.jpg,IMG20260826125234.jpg,54,87,40,0.45977011494252873,1,0,aliked_lightglue
145-146,145,146,129,184,IMG20260826124425.jpg,IMG20260826125237.jpg,55,113,59,0.5221238938053098,1,0,aliked_lightglue
145-146,145,146,129,185,IMG20260826124425.jpg,IMG20260826125241.jpg,56,99,53,0.5353535353535354,1,0,aliked_lightglue
145-146,145,146,130,171,IMG20260826124428.jpg,IMG20260826125124.jpg,41,68,16,0.23529411764705882,1,0,aliked_lightglue
145-146,145,146,130,172,IMG20260826124428.jpg,IMG20260826125127.jpg,42,48,16,0.3333333333333333,1,0,aliked_lightglue
145-146,145,146,130,173,IMG20260826124428.jpg,IMG20260826125130.jpg,43,25,0,0.0,0,0,aliked_lightglue
145-146,145,146,130,174,IMG20260826124428.jpg,IMG20260826125133.jpg,44,55,17,0.3090909090909091,1,0,aliked_lightglue
145-146,145,146,130,175,IMG20260826124428.jpg,IMG20260826125137.jpg,45,71,24,0.3380281690140845,1,0,aliked_lightglue
145-146,145,146,130,176,IMG20260826124428.jpg,IMG20260826125139.jpg,46,70,19,0.2714285714285714,1,0,aliked_lightglue
145-146,145,146,130,177,IMG20260826124428.jpg,IMG20260826125146.jpg,47,45,0,0.0,0,0,aliked_lightglue
145-146,145,146,130,178,IMG20260826124428.jpg,IMG20260826125151.jpg,48,43,0,0.0,0,0,aliked_lightglue
145-146,145,146,130,179,IMG20260826124428.jpg,IMG20260826125156.jpg,49,60,15,0.25,1,0,aliked_lightglue
145-146,145,146,130,180,IMG20260826124428.jpg,IMG20260826125224.jpg,50,53,16,0.3018867924528302,1,0,aliked_lightglue
145-146,145,146,130,181,IMG20260826124428.jpg,IMG20260826125228.jpg,51,53,0,0.0,0,0,aliked_lightglue
145-146,145,146,130,182,IMG20260826124428.jpg,IMG20260826125230.jpg,52,59,24,0.4067796610169492,1,0,aliked_lightglue
145-146,145,146,130,183,IMG20260826124428.jpg,IMG20260826125234.jpg,53,74,32,0.43243243243243246,1,0,aliked_lightglue
145-146,145,146,130,184,IMG20260826124428.jpg,IMG20260826125237.jpg,54,162,72,0.4444444444444444,1,0,aliked_lightglue
145-146,145,146,130,185,IMG20260826124428.jpg,IMG20260826125241.jpg,55,55,24,0.43636363636363634,1,0,aliked_lightglue
145-146,145,146,131,172,IMG20260826124431.jpg,IMG20260826125127.jpg,41,39,0,0.0,0,0,aliked_lightglue
145-146,145,146,131,173,IMG20260826124431.jpg,IMG20260826125130.jpg,42,47,0,0.0,0,0,aliked_lightglue
145-146,145,146,131,174,IMG20260826124431.jpg,IMG20260826125133.jpg,43,41,0,0.0,0,0,aliked_lightglue
145-146,145,146,131,175,IMG20260826124431.jpg,IMG20260826125137.jpg,44,50,27,0.54,1,0,aliked_lightglue
145-146,145,146,131,176,IMG20260826124431.jpg,IMG20260826125139.jpg,45,47,19,0.40425531914893614,1,0,aliked_lightglue
145-146,145,146,131,177,IMG20260826124431.jpg,IMG20260826125146.jpg,46,34,0,0.0,0,0,aliked_lightglue
145-146,145,146,131,178,IMG20260826124431.jpg,IMG20260826125151.jpg,47,33,0,0.0,0,0,aliked_lightglue
145-146,145,146,131,179,IMG20260826124431.jpg,IMG20260826125156.jpg,48,41,0,0.0,0,0,aliked_lightglue
145-146,145,146,131,180,IMG20260826124431.jpg,IMG20260826125224.jpg,49,34,15,0.4411764705882353,1,0,aliked_lightglue
145-146,145,146,131,181,IMG20260826124431.jpg,IMG20260826125228.jpg,50,27,16,0.5925925925925926,1,0,aliked_lightglue
145-146,145,146,131,182,IMG20260826124431.jpg,IMG20260826125230.jpg,51,64,21,0.328125,1,0,aliked_lightglue
145-146,145,146,131,183,IMG20260826124431.jpg,IMG20260826125234.jpg,52,36,19,0.5277777777777778,1,0,aliked_lightglue
145-146,145,146,131,184,IMG20260826124431.jpg,IMG20260826125237.jpg,53,47,31,0.6595744680851063,1,0,aliked_lightglue
145-146,145,146,131,185,IMG20260826124431.jpg,IMG20260826125241.jpg,54,39,19,0.48717948717948717,1,0,aliked_lightglue
145-146,145,146,132,173,IMG20260826124434.jpg,IMG20260826125130.jpg,41,26,0,0.0,0,0,aliked_lightglue
145-146,145,146,132,174,IMG20260826124434.jpg,IMG20260826125133.jpg,42,32,0,0.0,0,0,aliked_lightglue
145-146,145,146,132,175,IMG20260826124434.jpg,IMG20260826125137.jpg,43,33,0,0.0,0,0,aliked_lightglue
145-146,145,146,132,176,IMG20260826124434.jpg,IMG20260826125139.jpg,44,45,17,0.37777777777777777,1,0,aliked_lightglue
145-146,145,146,132,177,IMG20260826124434.jpg,IMG20260826125146.jpg,45,31,0,0.0,0,0,aliked_lightglue
145-146,145,146,132,178,IMG20260826124434.jpg,IMG20260826125151.jpg,46,55,17,0.3090909090909091,1,0,aliked_lightglue
145-146,145,146,132,179,IMG20260826124434.jpg,IMG20260826125156.jpg,47,49,15,0.30612244897959184,1,0,aliked_lightglue
145-146,145,146,132,180,IMG20260826124434.jpg,IMG20260826125224.jpg,48,24,0,0.0,0,0,aliked_lightglue
145-146,145,146,132,181,IMG20260826124434.jpg,IMG20260826125228.jpg,49,21,0,0.0,0,0,aliked_lightglue
145-146,145,146,132,182,IMG20260826124434.jpg,IMG20260826125230.jpg,50,33,0,0.0,0,0,aliked_lightglue
145-146,145,146,132,183,IMG20260826124434.jpg,IMG20260826125234.jpg,51,26,16,0.6153846153846154,1,0,aliked_lightglue
145-146,145,146,132,184,IMG20260826124434.jpg,IMG20260826125237.jpg,52,24,0,0.0,0,0,aliked_lightglue
145-146,145,146,132,185,IMG20260826124434.jpg,IMG20260826125241.jpg,53,57,16,0.2807017543859649,1,0,aliked_lightglue
145-146,145,146,133,174,IMG20260826124442.jpg,IMG20260826125133.jpg,41,32,0,0.0,0,0,aliked_lightglue
145-146,145,146,133,175,IMG20260826124442.jpg,IMG20260826125137.jpg,42,23,0,0.0,0,0,aliked_lightglue
145-146,145,146,133,176,IMG20260826124442.jpg,IMG20260826125139.jpg,43,31,0,0.0,0,0,aliked_lightglue
145-146,145,146,133,177,IMG20260826124442.jpg,IMG20260826125146.jpg,44,32,0,0.0,0,0,aliked_lightglue
145-146,145,146,133,178,IMG20260826124442.jpg,IMG20260826125151.jpg,45,28,0,0.0,0,0,aliked_lightglue
145-146,145,146,133,179,IMG20260826124442.jpg,IMG20260826125156.jpg,46,50,18,0.36,1,0,aliked_lightglue
145-146,145,146,133,180,IMG20260826124442.jpg,IMG20260826125224.jpg,47,37,17,0.4594594594594595,1,0,aliked_lightglue
145-146,145,146,133,181,IMG20260826124442.jpg,IMG20260826125228.jpg,48,31,0,0.0,0,0,aliked_lightglue
145-146,145,146,133,182,IMG20260826124442.jpg,IMG20260826125230.jpg,49,45,16,0.35555555555555557,1,0,aliked_lightglue
145-146,145,146,133,183,IMG20260826124442.jpg,IMG20260826125234.jpg,50,20,0,0.0,0,0,aliked_lightglue
145-146,145,146,133,184,IMG20260826124442.jpg,IMG20260826125237.jpg,51,20,0,0.0,0,0,aliked_lightglue
145-146,145,146,133,185,IMG20260826124442.jpg,IMG20260826125241.jpg,52,21,0,0.0,0,0,aliked_lightglue
145-146,145,146,134,175,IMG20260826124455.jpg,IMG20260826125137.jpg,41,41,0,0.0,0,0,aliked_lightglue
145-146,145,146,134,176,IMG20260826124455.jpg,IMG20260826125139.jpg,42,43,17,0.3953488372093023,1,0,aliked_lightglue
145-146,145,146,134,177,IMG20260826124455.jpg,IMG20260826125146.jpg,43,48,0,0.0,0,0,aliked_lightglue
145-146,145,146,134,178,IMG20260826124455.jpg,IMG20260826125151.jpg,44,75,17,0.22666666666666666,1,0,aliked_lightglue
145-146,145,146,134,179,IMG20260826124455.jpg,IMG20260826125156.jpg,45,62,16,0.25806451612903225,1,0,aliked_lightglue
145-146,145,146,134,180,IMG20260826124455.jpg,IMG20260826125224.jpg,46,35,0,0.0,0,0,aliked_lightglue
145-146,145,146,134,181,IMG20260826124455.jpg,IMG20260826125228.jpg,47,40,16,0.4,1,0,aliked_lightglue
145-146,145,146,134,182,IMG20260826124455.jpg,IMG20260826125230.jpg,48,56,0,0.0,0,0,aliked_lightglue
145-146,145,146,134,183,IMG20260826124455.jpg,IMG20260826125234.jpg,49,27,0,0.0,0,0,aliked_lightglue
145-146,145,146,134,184,IMG20260826124455.jpg,IMG20260826125237.jpg,50,30,0,0.0,0,0,aliked_lightglue
145-146,145,146,134,185,IMG20260826124455.jpg,IMG20260826125241.jpg,51,43,15,0.3488372093023256,1,0,aliked_lightglue
145-146,145,146,135,176,IMG20260826124458.jpg,IMG20260826125139.jpg,41,44,0,0.0,0,0,aliked_lightglue
145-146,145,146,135,177,IMG20260826124458.jpg,IMG20260826125146.jpg,42,56,0,0.0,0,0,aliked_lightglue
145-146,145,146,135,178,IMG20260826124458.jpg,IMG20260826125151.jpg,43,108,20,0.18518518518518517,1,0,aliked_lightglue
145-146,145,146,135,179,IMG20260826124458.jpg,IMG20260826125156.jpg,44,57,17,0.2982456140350877,1,0,aliked_lightglue
145-146,145,146,135,180,IMG20260826124458.jpg,IMG20260826125224.jpg,45,47,20,0.425531914893617,1,0,aliked_lightglue
145-146,145,146,135,181,IMG20260826124458.jpg,IMG20260826125228.jpg,46,91,48,0.5274725274725275,1,0,aliked_lightglue
145-146,145,146,135,182,IMG20260826124458.jpg,IMG20260826125230.jpg,47,57,0,0.0,0,0,aliked_lightglue
145-146,145,146,135,183,IMG20260826124458.jpg,IMG20260826125234.jpg,48,26,0,0.0,0,0,aliked_lightglue
145-146,145,146,135,184,IMG20260826124458.jpg,IMG20260826125237.jpg,49,31,0,0.0,0,0,aliked_lightglue
145-146,145,146,135,185,IMG20260826124458.jpg,IMG20260826125241.jpg,50,38,0,0.0,0,0,aliked_lightglue
145-146,145,146,136,177,IMG20260826124501.jpg,IMG20260826125146.jpg,41,33,0,0.0,0,0,aliked_lightglue
145-146,145,146,136,178,IMG20260826124501.jpg,IMG20260826125151.jpg,42,49,15,0.30612244897959184,1,0,aliked_lightglue
145-146,145,146,136,179,IMG20260826124501.jpg,IMG20260826125156.jpg,43,59,15,0.2542372881355932,1,0,aliked_lightglue
145-146,145,146,136,180,IMG20260826124501.jpg,IMG20260826125224.jpg,44,95,26,0.2736842105263158,1,0,aliked_lightglue
145-146,145,146,136,181,IMG20260826124501.jpg,IMG20260826125228.jpg,45,58,16,0.27586206896551724,1,0,aliked_lightglue
145-146,145,146,136,182,IMG20260826124501.jpg,IMG20260826125230.jpg,46,49,15,0.30612244897959184,1,0,aliked_lightglue
145-146,145,146,136,183,IMG20260826124501.jpg,IMG20260826125234.jpg,47,44,0,0.0,0,0,aliked_lightglue
145-146,145,146,136,184,IMG20260826124501.jpg,IMG20260826125237.jpg,48,83,21,0.25301204819277107,1,0,aliked_lightglue
145-146,145,146,136,185,IMG20260826124501.jpg,IMG20260826125241.jpg,49,42,16,0.38095238095238093,1,0,aliked_lightglue
145-146,145,146,137,178,IMG20260826124504.jpg,IMG20260826125151.jpg,41,32,0,0.0,0,0,aliked_lightglue
145-146,145,146,137,179,IMG20260826124504.jpg,IMG20260826125156.jpg,42,52,15,0.28846153846153844,1,0,aliked_lightglue
145-146,145,146,137,180,IMG20260826124504.jpg,IMG20260826125224.jpg,43,32,0,0.0,0,0,aliked_lightglue
145-146,145,146,137,181,IMG20260826124504.jpg,IMG20260826125228.jpg,44,18,0,0.0,0,0,aliked_lightglue
145-146,145,146,137,182,IMG20260826124504.jpg,IMG20260826125230.jpg,45,39,17,0.4358974358974359,1,0,aliked_lightglue
145-146,145,146,137,183,IMG20260826124504.jpg,IMG20260826125234.jpg,46,24,0,0.0,0,0,aliked_lightglue
145-146,145,146,137,184,IMG20260826124504.jpg,IMG20260826125237.jpg,47,0,0,0.0,0,0,aliked_lightglue
145-146,145,146,137,185,IMG20260826124504.jpg,IMG20260826125241.jpg,48,26,0,0.0,0,0,aliked_lightglue
145-146,145,146,138,179,IMG20260826124507.jpg,IMG20260826125156.jpg,41,43,0,0.0,0,0,aliked_lightglue
145-146,145,146,138,180,IMG20260826124507.jpg,IMG20260826125224.jpg,42,72,17,0.2361111111111111,1,0,aliked_lightglue
145-146,145,146,138,181,IMG20260826124507.jpg,IMG20260826125228.jpg,43,83,17,0.20481927710843373,1,0,aliked_lightglue
145-146,145,146,138,182,IMG20260826124507.jpg,IMG20260826125230.jpg,44,50,16,0.32,1,0,aliked_lightglue
145-146,145,146,138,183,IMG20260826124507.jpg,IMG20260826125234.jpg,45,56,32,0.5714285714285714,1,0,aliked_lightglue
145-146,145,146,138,184,IMG20260826124507.jpg,IMG20260826125237.jpg,46,27,19,0.7037037037037037,1,0,aliked_lightglue
145-146,145,146,138,185,IMG20260826124507.jpg,IMG20260826125241.jpg,47,47,15,0.3191489361702128,1,0,aliked_lightglue
145-146,145,146,139,180,IMG20260826124510.jpg,IMG20260826125224.jpg,41,26,15,0.5769230769230769,1,0,aliked_lightglue
145-146,145,146,139,181,IMG20260826124510.jpg,IMG20260826125228.jpg,42,24,0,0.0,0,0,aliked_lightglue
145-146,145,146,139,182,IMG20260826124510.jpg,IMG20260826125230.jpg,43,39,17,0.4358974358974359,1,0,aliked_lightglue
145-146,145,146,139,183,IMG20260826124510.jpg,IMG20260826125234.jpg,44,50,22,0.44,1,0,aliked_lightglue
145-146,145,146,139,184,IMG20260826124510.jpg,IMG20260826125237.jpg,45,46,25,0.5434782608695652,1,0,aliked_lightglue
145-146,145,146,139,185,IMG20260826124510.jpg,IMG20260826125241.jpg,46,37,0,0.0,0,0,aliked_lightglue
145-146,145,146,140,181,IMG20260826124745.jpg,IMG20260826125228.jpg,41,44,15,0.3409090909090909,1,0,aliked_lightglue
145-146,145,146,140,182,IMG20260826124745.jpg,IMG20260826125230.jpg,42,64,21,0.328125,1,0,aliked_lightglue
145-146,145,146,140,183,IMG20260826124745.jpg,IMG20260826125234.jpg,43,31,0,0.0,0,0,aliked_lightglue
145-146,145,146,140,184,IMG20260826124745.jpg,IMG20260826125237.jpg,44,52,17,0.3269230769230769,1,0,aliked_lightglue
145-146,145,146,140,185,IMG20260826124745.jpg,IMG20260826125241.jpg,45,36,0,0.0,0,0,aliked_lightglue
145-146,145,146,141,182,IMG20260826124750.jpg,IMG20260826125230.jpg,41,61,23,0.3770491803278688,1,0,aliked_lightglue
145-146,145,146,141,183,IMG20260826124750.jpg,IMG20260826125234.jpg,42,29,0,0.0,0,0,aliked_lightglue
145-146,145,146,141,184,IMG20260826124750.jpg,IMG20260826125237.jpg,43,38,24,0.631578947368421,1,0,aliked_lightglue
145-146,145,146,141,185,IMG20260826124750.jpg,IMG20260826125241.jpg,44,25,0,0.0,0,0,aliked_lightglue
145-146,145,146,142,183,IMG20260826124754.jpg,IMG20260826125234.jpg,41,19,0,0.0,0,0,aliked_lightglue
145-146,145,146,142,184,IMG20260826124754.jpg,IMG20260826125237.jpg,42,57,26,0.45614035087719296,1,0,aliked_lightglue
145-146,145,146,142,185,IMG20260826124754.jpg,IMG20260826125241.jpg,43,33,0,0.0,0,0,aliked_lightglue
145-146,145,146,143,184,IMG20260826124757.jpg,IMG20260826125237.jpg,41,30,0,0.0,0,0,aliked_lightglue
145-146,145,146,143,185,IMG20260826124757.jpg,IMG20260826125241.jpg,42,48,15,0.3125,1,0,aliked_lightglue
145-146,145,146,144,185,IMG20260826124801.jpg,IMG20260826125241.jpg,41,34,0,0.0,0,0,aliked_lightglue
203-204,203,204,164,205,IMG20260826125007.jpg,IMG20260826125524.jpg,41,142,61,0.4295774647887324,1,0,aliked_lightglue
203-204,203,204,164,206,IMG20260826125007.jpg,IMG20260826125527.jpg,42,80,30,0.375,1,0,aliked_lightglue
203-204,203,204,164,207,IMG20260826125007.jpg,IMG20260826125529.jpg,43,56,23,0.4107142857142857,1,0,aliked_lightglue
203-204,203,204,164,208,IMG20260826125007.jpg,IMG20260826125532.jpg,44,130,49,0.3769230769230769,1,0,aliked_lightglue
203-204,203,204,164,209,IMG20260826125007.jpg,IMG20260826125534.jpg,45,67,31,0.4626865671641791,1,0,aliked_lightglue
203-204,203,204,164,210,IMG20260826125007.jpg,IMG20260826125538.jpg,46,51,21,0.4117647058823529,1,0,aliked_lightglue
203-204,203,204,164,211,IMG20260826125007.jpg,IMG20260826125616.jpg,47,53,31,0.5849056603773585,1,0,aliked_lightglue
203-204,203,204,164,212,IMG20260826125007.jpg,IMG20260826125619.jpg,48,38,18,0.47368421052631576,1,0,aliked_lightglue
203-204,203,204,164,213,IMG20260826125007.jpg,IMG20260826125624.jpg,49,27,15,0.5555555555555556,1,0,aliked_lightglue
203-204,203,204,164,214,IMG20260826125007.jpg,IMG20260826125628.jpg,50,55,23,0.41818181818181815,1,0,aliked_lightglue
203-204,203,204,164,215,IMG20260826125007.jpg,IMG20260826125631.jpg,51,23,0,0.0,0,0,aliked_lightglue
203-204,203,204,164,216,IMG20260826125007.jpg,IMG20260826125634.jpg,52,31,15,0.4838709677419355,1,0,aliked_lightglue
203-204,203,204,164,217,IMG20260826125007.jpg,IMG20260826125638.jpg,53,64,25,0.390625,1,0,aliked_lightglue
203-204,203,204,164,218,IMG20260826125007.jpg,IMG20260826125640.jpg,54,284,108,0.38028169014084506,1,0,aliked_lightglue
203-204,203,204,164,219,IMG20260826125007.jpg,IMG20260826125643.jpg,55,212,84,0.39622641509433965,1,0,aliked_lightglue
203-204,203,204,164,220,IMG20260826125007.jpg,IMG20260826125647.jpg,56,193,88,0.45595854922279794,1,0,aliked_lightglue
203-204,203,204,164,221,IMG20260826125007.jpg,IMG20260826125650.jpg,57,332,162,0.4879518072289157,1,0,aliked_lightglue
203-204,203,204,164,222,IMG20260826125007.jpg,IMG20260826125653.jpg,58,266,112,0.42105263157894735,1,0,aliked_lightglue
203-204,203,204,164,223,IMG20260826125007.jpg,IMG20260826125657.jpg,59,145,56,0.38620689655172413,1,0,aliked_lightglue
203-204,203,204,164,224,IMG20260826125007.jpg,IMG20260826125737.jpg,60,50,21,0.42,1,0,aliked_lightglue
203-204,203,204,164,225,IMG20260826125007.jpg,IMG20260826125739.jpg,61,55,28,0.509090909090909,1,0,aliked_lightglue
203-204,203,204,164,226,IMG20260826125007.jpg,IMG20260826125741.jpg,62,65,31,0.47692307692307695,1,0,aliked_lightglue
203-204,203,204,164,227,IMG20260826125007.jpg,IMG20260826125743.jpg,63,54,27,0.5,1,0,aliked_lightglue
203-204,203,204,164,228,IMG20260826125007.jpg,IMG20260826125746.jpg,64,263,115,0.4372623574144487,1,0,aliked_lightglue
203-204,203,204,164,229,IMG20260826125007.jpg,IMG20260826125749.jpg,65,605,360,0.5950413223140496,1,0,aliked_lightglue
203-204,203,204,164,230,IMG20260826125007.jpg,IMG20260826125845.jpg,66,582,295,0.506872852233677,1,0,aliked_lightglue
203-204,203,204,164,231,IMG20260826125007.jpg,IMG20260826125849.jpg,67,554,234,0.4223826714801444,1,0,aliked_lightglue
203-204,203,204,164,232,IMG20260826125007.jpg,IMG20260826125852.jpg,68,505,299,0.592079207920792,1,0,aliked_lightglue
203-204,203,204,164,233,IMG20260826125007.jpg,IMG20260826125854.jpg,69,252,133,0.5277777777777778,1,0,aliked_lightglue
203-204,203,204,164,234,IMG20260826125007.jpg,IMG20260826125857.jpg,70,175,98,0.56,1,0,aliked_lightglue
203-204,203,204,164,235,IMG20260826125007.jpg,IMG20260826125901.jpg,71,127,61,0.48031496062992124,1,0,aliked_lightglue
203-204,203,204,164,236,IMG20260826125007.jpg,IMG20260826125910.jpg,72,203,101,0.4975369458128079,1,0,aliked_lightglue
203-204,203,204,164,237,IMG20260826125007.jpg,IMG20260826125914.jpg,73,232,96,0.41379310344827586,1,0,aliked_lightglue
203-204,203,204,164,238,IMG20260826125007.jpg,IMG20260826125922.jpg,74,274,119,0.4343065693430657,1,0,aliked_lightglue
203-204,203,204,164,239,IMG20260826125007.jpg,IMG20260826125925.jpg,75,387,142,0.3669250645994832,1,0,aliked_lightglue
203-204,203,204,164,240,IMG20260826125007.jpg,IMG20260826125930.jpg,76,824,299,0.3628640776699029,1,0,aliked_lightglue
203-204,203,204,164,241,IMG20260826125007.jpg,IMG20260826125936.jpg,77,871,412,0.4730195177956372,1,0,aliked_lightglue
203-204,203,204,164,242,IMG20260826125007.jpg,IMG20260826125940.jpg,78,482,198,0.4107883817427386,1,0,aliked_lightglue
203-204,203,204,164,243,IMG20260826125007.jpg,IMG20260826125942.jpg,79,468,183,0.391025641025641,1,0,aliked_lightglue
203-204,203,204,165,206,IMG20260826125013.jpg,IMG20260826125527.jpg,41,86,38,0.4418604651162791,1,0,aliked_lightglue
203-204,203,204,165,207,IMG20260826125013.jpg,IMG20260826125529.jpg,42,35,19,0.5428571428571428,1,0,aliked_lightglue
203-204,203,204,165,208,IMG20260826125013.jpg,IMG20260826125532.jpg,43,39,18,0.46153846153846156,1,0,aliked_lightglue
203-204,203,204,165,209,IMG20260826125013.jpg,IMG20260826125534.jpg,44,30,15,0.5,1,0,aliked_lightglue
203-204,203,204,165,210,IMG20260826125013.jpg,IMG20260826125538.jpg,45,29,15,0.5172413793103449,1,0,aliked_lightglue
203-204,203,204,165,211,IMG20260826125013.jpg,IMG20260826125616.jpg,46,59,25,0.423728813559322,1,0,aliked_lightglue
203-204,203,204,165,212,IMG20260826125013.jpg,IMG20260826125619.jpg,47,36,20,0.5555555555555556,1,0,aliked_lightglue
203-204,203,204,165,213,IMG20260826125013.jpg,IMG20260826125624.jpg,48,94,49,0.5212765957446809,1,0,aliked_lightglue
203-204,203,204,165,214,IMG20260826125013.jpg,IMG20260826125628.jpg,49,68,38,0.5588235294117647,1,0,aliked_lightglue
203-204,203,204,165,215,IMG20260826125013.jpg,IMG20260826125631.jpg,50,28,0,0.0,0,0,aliked_lightglue
203-204,203,204,165,216,IMG20260826125013.jpg,IMG20260826125634.jpg,51,70,35,0.5,1,0,aliked_lightglue
203-204,203,204,165,217,IMG20260826125013.jpg,IMG20260826125638.jpg,52,73,42,0.5753424657534246,1,0,aliked_lightglue
203-204,203,204,165,218,IMG20260826125013.jpg,IMG20260826125640.jpg,53,105,45,0.42857142857142855,1,0,aliked_lightglue
203-204,203,204,165,219,IMG20260826125013.jpg,IMG20260826125643.jpg,54,63,31,0.49206349206349204,1,0,aliked_lightglue
203-204,203,204,165,220,IMG20260826125013.jpg,IMG20260826125647.jpg,55,242,108,0.4462809917355372,1,0,aliked_lightglue
203-204,203,204,165,221,IMG20260826125013.jpg,IMG20260826125650.jpg,56,252,116,0.4603174603174603,1,0,aliked_lightglue
203-204,203,204,165,222,IMG20260826125013.jpg,IMG20260826125653.jpg,57,186,74,0.3978494623655914,1,0,aliked_lightglue
203-204,203,204,165,223,IMG20260826125013.jpg,IMG20260826125657.jpg,58,201,74,0.3681592039800995,1,0,aliked_lightglue
203-204,203,204,165,224,IMG20260826125013.jpg,IMG20260826125737.jpg,59,112,49,0.4375,1,0,aliked_lightglue
203-204,203,204,165,225,IMG20260826125013.jpg,IMG20260826125739.jpg,60,79,38,0.4810126582278481,1,0,aliked_lightglue
203-204,203,204,165,226,IMG20260826125013.jpg,IMG20260826125741.jpg,61,63,24,0.38095238095238093,1,0,aliked_lightglue
203-204,203,204,165,227,IMG20260826125013.jpg,IMG20260826125743.jpg,62,39,24,0.6153846153846154,1,0,aliked_lightglue
203-204,203,204,165,228,IMG20260826125013.jpg,IMG20260826125746.jpg,63,84,45,0.5357142857142857,1,0,aliked_lightglue
203-204,203,204,165,229,IMG20260826125013.jpg,IMG20260826125749.jpg,64,146,66,0.4520547945205479,1,0,aliked_lightglue
203-204,203,204,165,230,IMG20260826125013.jpg,IMG20260826125845.jpg,65,295,156,0.5288135593220339,1,0,aliked_lightglue
203-204,203,204,165,231,IMG20260826125013.jpg,IMG20260826125849.jpg,66,715,469,0.6559440559440559,1,0,aliked_lightglue
203-204,203,204,165,232,IMG20260826125013.jpg,IMG20260826125852.jpg,67,370,172,0.4648648648648649,1,0,aliked_lightglue
203-204,203,204,165,233,IMG20260826125013.jpg,IMG20260826125854.jpg,68,384,183,0.4765625,1,0,aliked_lightglue
203-204,203,204,165,234,IMG20260826125013.jpg,IMG20260826125857.jpg,69,447,205,0.45861297539149887,1,0,aliked_lightglue
203-204,203,204,165,235,IMG20260826125013.jpg,IMG20260826125901.jpg,70,207,98,0.47342995169082125,1,0,aliked_lightglue
203-204,203,204,165,236,IMG20260826125013.jpg,IMG20260826125910.jpg,71,259,106,0.4092664092664093,1,0,aliked_lightglue
203-204,203,204,165,237,IMG20260826125013.jpg,IMG20260826125914.jpg,72,205,74,0.36097560975609755,1,0,aliked_lightglue
203-204,203,204,165,238,IMG20260826125013.jpg,IMG20260826125922.jpg,73,313,165,0.5271565495207667,1,0,aliked_lightglue
203-204,203,204,165,239,IMG20260826125013.jpg,IMG20260826125925.jpg,74,238,127,0.5336134453781513,1,0,aliked_lightglue
203-204,203,204,165,240,IMG20260826125013.jpg,IMG20260826125930.jpg,75,239,86,0.3598326359832636,1,0,aliked_lightglue
203-204,203,204,165,241,IMG20260826125013.jpg,IMG20260826125936.jpg,76,572,212,0.3706293706293706,1,0,aliked_lightglue
203-204,203,204,165,242,IMG20260826125013.jpg,IMG20260826125940.jpg,77,923,434,0.47020585048754066,1,0,aliked_lightglue
203-204,203,204,165,243,IMG20260826125013.jpg,IMG20260826125942.jpg,78,1055,521,0.4938388625592417,1,0,aliked_lightglue
203-204,203,204,166,207,IMG20260826125016.jpg,IMG20260826125529.jpg,41,47,22,0.46808510638297873,1,0,aliked_lightglue
203-204,203,204,166,208,IMG20260826125016.jpg,IMG20260826125532.jpg,42,41,16,0.3902439024390244,1,0,aliked_lightglue
203-204,203,204,166,209,IMG20260826125016.jpg,IMG20260826125534.jpg,43,28,16,0.5714285714285714,1,0,aliked_lightglue
203-204,203,204,166,210,IMG20260826125016.jpg,IMG20260826125538.jpg,44,44,17,0.38636363636363635,1,0,aliked_lightglue
203-204,203,204,166,211,IMG20260826125016.jpg,IMG20260826125616.jpg,45,28,15,0.5357142857142857,1,0,aliked_lightglue
203-204,203,204,166,212,IMG20260826125016.jpg,IMG20260826125619.jpg,46,38,17,0.4473684210526316,1,0,aliked_lightglue
203-204,203,204,166,213,IMG20260826125016.jpg,IMG20260826125624.jpg,47,21,0,0.0,0,0,aliked_lightglue
203-204,203,204,166,214,IMG20260826125016.jpg,IMG20260826125628.jpg,48,35,21,0.6,1,0,aliked_lightglue
203-204,203,204,166,215,IMG20260826125016.jpg,IMG20260826125631.jpg,49,43,24,0.5581395348837209,1,0,aliked_lightglue
203-204,203,204,166,216,IMG20260826125016.jpg,IMG20260826125634.jpg,50,36,19,0.5277777777777778,1,0,aliked_lightglue
203-204,203,204,166,217,IMG20260826125016.jpg,IMG20260826125638.jpg,51,43,25,0.5813953488372093,1,0,aliked_lightglue
203-204,203,204,166,218,IMG20260826125016.jpg,IMG20260826125640.jpg,52,41,23,0.5609756097560976,1,0,aliked_lightglue
203-204,203,204,166,219,IMG20260826125016.jpg,IMG20260826125643.jpg,53,82,30,0.36585365853658536,1,0,aliked_lightglue
203-204,203,204,166,220,IMG20260826125016.jpg,IMG20260826125647.jpg,54,93,44,0.4731182795698925,1,0,aliked_lightglue
203-204,203,204,166,221,IMG20260826125016.jpg,IMG20260826125650.jpg,55,144,62,0.4305555555555556,1,0,aliked_lightglue
203-204,203,204,166,222,IMG20260826125016.jpg,IMG20260826125653.jpg,56,86,43,0.5,1,0,aliked_lightglue
203-204,203,204,166,223,IMG20260826125016.jpg,IMG20260826125657.jpg,57,204,86,0.4215686274509804,1,0,aliked_lightglue
203-204,203,204,166,224,IMG20260826125016.jpg,IMG20260826125737.jpg,58,122,52,0.4262295081967213,1,0,aliked_lightglue
203-204,203,204,166,225,IMG20260826125016.jpg,IMG20260826125739.jpg,59,94,48,0.5106382978723404,1,0,aliked_lightglue
203-204,203,204,166,226,IMG20260826125016.jpg,IMG20260826125741.jpg,60,56,23,0.4107142857142857,1,0,aliked_lightglue
203-204,203,204,166,227,IMG20260826125016.jpg,IMG20260826125743.jpg,61,29,15,0.5172413793103449,1,0,aliked_lightglue
203-204,203,204,166,228,IMG20260826125016.jpg,IMG20260826125746.jpg,62,23,0,0.0,0,0,aliked_lightglue
203-204,203,204,166,229,IMG20260826125016.jpg,IMG20260826125749.jpg,63,59,26,0.4406779661016949,1,0,aliked_lightglue
203-204,203,204,166,230,IMG20260826125016.jpg,IMG20260826125845.jpg,64,64,31,0.484375,1,0,aliked_lightglue
203-204,203,204,166,231,IMG20260826125016.jpg,IMG20260826125849.jpg,65,118,58,0.4915254237288136,1,0,aliked_lightglue
203-204,203,204,166,232,IMG20260826125016.jpg,IMG20260826125852.jpg,66,170,85,0.5,1,0,aliked_lightglue
203-204,203,204,166,233,IMG20260826125016.jpg,IMG20260826125854.jpg,67,299,139,0.46488294314381273,1,0,aliked_lightglue
203-204,203,204,166,234,IMG20260826125016.jpg,IMG20260826125857.jpg,68,274,124,0.45255474452554745,1,0,aliked_lightglue
203-204,203,204,166,235,IMG20260826125016.jpg,IMG20260826125901.jpg,69,171,86,0.5029239766081871,1,0,aliked_lightglue
203-204,203,204,166,236,IMG20260826125016.jpg,IMG20260826125910.jpg,70,157,76,0.4840764331210191,1,0,aliked_lightglue
203-204,203,204,166,237,IMG20260826125016.jpg,IMG20260826125914.jpg,71,222,90,0.40540540540540543,1,0,aliked_lightglue
203-204,203,204,166,238,IMG20260826125016.jpg,IMG20260826125922.jpg,72,515,243,0.47184466019417476,1,0,aliked_lightglue
203-204,203,204,166,239,IMG20260826125016.jpg,IMG20260826125925.jpg,73,472,222,0.4703389830508475,1,0,aliked_lightglue
203-204,203,204,166,240,IMG20260826125016.jpg,IMG20260826125930.jpg,74,247,112,0.4534412955465587,1,0,aliked_lightglue
203-204,203,204,166,241,IMG20260826125016.jpg,IMG20260826125936.jpg,75,305,118,0.38688524590163936,1,0,aliked_lightglue
203-204,203,204,166,242,IMG20260826125016.jpg,IMG20260826125940.jpg,76,963,475,0.4932502596053998,1,0,aliked_lightglue
203-204,203,204,166,243,IMG20260826125016.jpg,IMG20260826125942.jpg,77,964,496,0.5145228215767634,1,0,aliked_lightglue
203-204,203,204,167,208,IMG20260826125018.jpg,IMG20260826125532.jpg,41,16,0,0.0,0,0,aliked_lightglue
203-204,203,204,167,209,IMG20260826125018.jpg,IMG20260826125534.jpg,42,23,0,0.0,0,0,aliked_lightglue
203-204,203,204,167,210,IMG20260826125018.jpg,IMG20260826125538.jpg,43,30,15,0.5,1,0,aliked_lightglue
203-204,203,204,167,211,IMG20260826125018.jpg,IMG20260826125616.jpg,44,16,0,0.0,0,0,aliked_lightglue
203-204,203,204,167,212,IMG20260826125018.jpg,IMG20260826125619.jpg,45,55,17,0.3090909090909091,1,0,aliked_lightglue
203-204,203,204,167,213,IMG20260826125018.jpg,IMG20260826125624.jpg,46,56,27,0.48214285714285715,1,0,aliked_lightglue
203-204,203,204,167,214,IMG20260826125018.jpg,IMG20260826125628.jpg,47,67,40,0.5970149253731343,1,0,aliked_lightglue
203-204,203,204,167,215,IMG20260826125018.jpg,IMG20260826125631.jpg,48,21,0,0.0,0,0,aliked_lightglue
203-204,203,204,167,216,IMG20260826125018.jpg,IMG20260826125634.jpg,49,28,17,0.6071428571428571,1,0,aliked_lightglue
203-204,203,204,167,217,IMG20260826125018.jpg,IMG20260826125638.jpg,50,94,39,0.4148936170212766,1,0,aliked_lightglue
203-204,203,204,167,218,IMG20260826125018.jpg,IMG20260826125640.jpg,51,64,28,0.4375,1,0,aliked_lightglue
203-204,203,204,167,219,IMG20260826125018.jpg,IMG20260826125643.jpg,52,91,40,0.43956043956043955,1,0,aliked_lightglue
203-204,203,204,167,220,IMG20260826125018.jpg,IMG20260826125647.jpg,53,89,39,0.43820224719101125,1,0,aliked_lightglue
203-204,203,204,167,221,IMG20260826125018.jpg,IMG20260826125650.jpg,54,219,88,0.4018264840182648,1,0,aliked_lightglue
203-204,203,204,167,222,IMG20260826125018.jpg,IMG20260826125653.jpg,55,301,142,0.4717607973421927,1,0,aliked_lightglue
203-204,203,204,167,223,IMG20260826125018.jpg,IMG20260826125657.jpg,56,467,247,0.5289079229122056,1,0,aliked_lightglue
203-204,203,204,167,224,IMG20260826125018.jpg,IMG20260826125737.jpg,57,103,45,0.4368932038834951,1,0,aliked_lightglue
203-204,203,204,167,225,IMG20260826125018.jpg,IMG20260826125739.jpg,58,222,109,0.49099099099099097,1,0,aliked_lightglue
203-204,203,204,167,226,IMG20260826125018.jpg,IMG20260826125741.jpg,59,121,55,0.45454545454545453,1,0,aliked_lightglue
203-204,203,204,167,227,IMG20260826125018.jpg,IMG20260826125743.jpg,60,44,21,0.4772727272727273,1,0,aliked_lightglue
203-204,203,204,167,228,IMG20260826125018.jpg,IMG20260826125746.jpg,61,39,24,0.6153846153846154,1,0,aliked_lightglue
203-204,203,204,167,229,IMG20260826125018.jpg,IMG20260826125749.jpg,62,54,23,0.42592592592592593,1,0,aliked_lightglue
203-204,203,204,167,230,IMG20260826125018.jpg,IMG20260826125845.jpg,63,69,35,0.5072463768115942,1,0,aliked_lightglue
203-204,203,204,167,231,IMG20260826125018.jpg,IMG20260826125849.jpg,64,150,68,0.4533333333333333,1,0,aliked_lightglue
203-204,203,204,167,232,IMG20260826125018.jpg,IMG20260826125852.jpg,65,126,70,0.5555555555555556,1,0,aliked_lightglue
203-204,203,204,167,233,IMG20260826125018.jpg,IMG20260826125854.jpg,66,290,148,0.5103448275862069,1,0,aliked_lightglue
203-204,203,204,167,234,IMG20260826125018.jpg,IMG20260826125857.jpg,67,413,223,0.5399515738498789,1,0,aliked_lightglue
203-204,203,204,167,235,IMG20260826125018.jpg,IMG20260826125901.jpg,68,561,284,0.5062388591800356,1,0,aliked_lightglue
203-204,203,204,167,236,IMG20260826125018.jpg,IMG20260826125910.jpg,69,176,78,0.4431818181818182,1,0,aliked_lightglue
203-204,203,204,167,237,IMG20260826125018.jpg,IMG20260826125914.jpg,70,103,42,0.4077669902912621,1,0,aliked_lightglue
203-204,203,204,167,238,IMG20260826125018.jpg,IMG20260826125922.jpg,71,499,238,0.47695390781563124,1,0,aliked_lightglue
203-204,203,204,167,239,IMG20260826125018.jpg,IMG20260826125925.jpg,72,421,204,0.4845605700712589,1,0,aliked_lightglue
203-204,203,204,167,240,IMG20260826125018.jpg,IMG20260826125930.jpg,73,212,94,0.44339622641509435,1,0,aliked_lightglue
203-204,203,204,167,241,IMG20260826125018.jpg,IMG20260826125936.jpg,74,232,97,0.41810344827586204,1,0,aliked_lightglue
203-204,203,204,167,242,IMG20260826125018.jpg,IMG20260826125940.jpg,75,585,272,0.46495726495726497,1,0,aliked_lightglue
203-204,203,204,167,243,IMG20260826125018.jpg,IMG20260826125942.jpg,76,989,496,0.5015166835187057,1,0,aliked_lightglue
203-204,203,204,168,209,IMG20260826125103.jpg,IMG20260826125534.jpg,41,25,15,0.6,1,0,aliked_lightglue
203-204,203,204,168,210,IMG20260826125103.jpg,IMG20260826125538.jpg,42,22,0,0.0,0,0,aliked_lightglue
203-204,203,204,168,211,IMG20260826125103.jpg,IMG20260826125616.jpg,43,49,29,0.5918367346938775,1,0,aliked_lightglue
203-204,203,204,168,212,IMG20260826125103.jpg,IMG20260826125619.jpg,44,34,15,0.4411764705882353,1,0,aliked_lightglue
203-204,203,204,168,213,IMG20260826125103.jpg,IMG20260826125624.jpg,45,38,0,0.0,0,0,aliked_lightglue
203-204,203,204,168,214,IMG20260826125103.jpg,IMG20260826125628.jpg,46,52,24,0.46153846153846156,1,0,aliked_lightglue
203-204,203,204,168,215,IMG20260826125103.jpg,IMG20260826125631.jpg,47,25,0,0.0,0,0,aliked_lightglue
203-204,203,204,168,216,IMG20260826125103.jpg,IMG20260826125634.jpg,48,46,21,0.45652173913043476,1,0,aliked_lightglue
203-204,203,204,168,217,IMG20260826125103.jpg,IMG20260826125638.jpg,49,39,21,0.5384615384615384,1,0,aliked_lightglue
203-204,203,204,168,218,IMG20260826125103.jpg,IMG20260826125640.jpg,50,38,18,0.47368421052631576,1,0,aliked_lightglue
203-204,203,204,168,219,IMG20260826125103.jpg,IMG20260826125643.jpg,51,28,17,0.6071428571428571,1,0,aliked_lightglue
203-204,203,204,168,220,IMG20260826125103.jpg,IMG20260826125647.jpg,52,45,25,0.5555555555555556,1,0,aliked_lightglue
203-204,203,204,168,221,IMG20260826125103.jpg,IMG20260826125650.jpg,53,58,28,0.4827586206896552,1,0,aliked_lightglue
203-204,203,204,168,222,IMG20260826125103.jpg,IMG20260826125653.jpg,54,37,15,0.40540540540540543,1,0,aliked_lightglue
203-204,203,204,168,223,IMG20260826125103.jpg,IMG20260826125657.jpg,55,48,26,0.5416666666666666,1,0,aliked_lightglue
203-204,203,204,168,224,IMG20260826125103.jpg,IMG20260826125737.jpg,56,80,39,0.4875,1,0,aliked_lightglue
203-204,203,204,168,225,IMG20260826125103.jpg,IMG20260826125739.jpg,57,233,118,0.5064377682403434,1,0,aliked_lightglue
203-204,203,204,168,226,IMG20260826125103.jpg,IMG20260826125741.jpg,58,72,41,0.5694444444444444,1,0,aliked_lightglue
203-204,203,204,168,227,IMG20260826125103.jpg,IMG20260826125743.jpg,59,23,15,0.6521739130434783,1,0,aliked_lightglue
203-204,203,204,168,228,IMG20260826125103.jpg,IMG20260826125746.jpg,60,24,17,0.7083333333333334,1,0,aliked_lightglue
203-204,203,204,168,229,IMG20260826125103.jpg,IMG20260826125749.jpg,61,23,0,0.0,0,0,aliked_lightglue
203-204,203,204,168,230,IMG20260826125103.jpg,IMG20260826125845.jpg,62,35,19,0.5428571428571428,1,0,aliked_lightglue
203-204,203,204,168,231,IMG20260826125103.jpg,IMG20260826125849.jpg,63,61,26,0.4262295081967213,1,0,aliked_lightglue
203-204,203,204,168,232,IMG20260826125103.jpg,IMG20260826125852.jpg,64,42,18,0.42857142857142855,1,0,aliked_lightglue
203-204,203,204,168,233,IMG20260826125103.jpg,IMG20260826125854.jpg,65,246,111,0.45121951219512196,1,0,aliked_lightglue
203-204,203,204,168,234,IMG20260826125103.jpg,IMG20260826125857.jpg,66,124,56,0.45161290322580644,1,0,aliked_lightglue
203-204,203,204,168,235,IMG20260826125103.jpg,IMG20260826125901.jpg,67,451,215,0.47671840354767187,1,0,aliked_lightglue
203-204,203,204,168,236,IMG20260826125103.jpg,IMG20260826125910.jpg,68,94,48,0.5106382978723404,1,0,aliked_lightglue
203-204,203,204,168,237,IMG20260826125103.jpg,IMG20260826125914.jpg,69,80,44,0.55,1,0,aliked_lightglue
203-204,203,204,168,238,IMG20260826125103.jpg,IMG20260826125922.jpg,70,166,85,0.5120481927710844,1,0,aliked_lightglue
203-204,203,204,168,239,IMG20260826125103.jpg,IMG20260826125925.jpg,71,260,168,0.6461538461538462,1,0,aliked_lightglue
203-204,203,204,168,240,IMG20260826125103.jpg,IMG20260826125930.jpg,72,138,80,0.5797101449275363,1,0,aliked_lightglue
203-204,203,204,168,241,IMG20260826125103.jpg,IMG20260826125936.jpg,73,219,97,0.4429223744292237,1,0,aliked_lightglue
203-204,203,204,168,242,IMG20260826125103.jpg,IMG20260826125940.jpg,74,176,79,0.44886363636363635,1,0,aliked_lightglue
203-204,203,204,168,243,IMG20260826125103.jpg,IMG20260826125942.jpg,75,187,83,0.44385026737967914,1,0,aliked_lightglue
203-204,203,204,169,210,IMG20260826125108.jpg,IMG20260826125538.jpg,41,30,18,0.6,1,0,aliked_lightglue
203-204,203,204,169,211,IMG20260826125108.jpg,IMG20260826125616.jpg,42,63,24,0.38095238095238093,1,0,aliked_lightglue
203-204,203,204,169,212,IMG20260826125108.jpg,IMG20260826125619.jpg,43,19,0,0.0,0,0,aliked_lightglue
203-204,203,204,169,213,IMG20260826125108.jpg,IMG20260826125624.jpg,44,45,19,0.4222222222222222,1,0,aliked_lightglue
203-204,203,204,169,214,IMG20260826125108.jpg,IMG20260826125628.jpg,45,57,20,0.3508771929824561,1,0,aliked_lightglue
203-204,203,204,169,215,IMG20260826125108.jpg,IMG20260826125631.jpg,46,35,0,0.0,0,0,aliked_lightglue
203-204,203,204,169,216,IMG20260826125108.jpg,IMG20260826125634.jpg,47,60,19,0.31666666666666665,1,0,aliked_lightglue
203-204,203,204,169,217,IMG20260826125108.jpg,IMG20260826125638.jpg,48,34,17,0.5,1,0,aliked_lightglue
203-204,203,204,169,218,IMG20260826125108.jpg,IMG20260826125640.jpg,49,27,16,0.5925925925925926,1,0,aliked_lightglue
203-204,203,204,169,219,IMG20260826125108.jpg,IMG20260826125643.jpg,50,57,26,0.45614035087719296,1,0,aliked_lightglue
203-204,203,204,169,220,IMG20260826125108.jpg,IMG20260826125647.jpg,51,99,43,0.43434343434343436,1,0,aliked_lightglue
203-204,203,204,169,221,IMG20260826125108.jpg,IMG20260826125650.jpg,52,130,62,0.47692307692307695,1,0,aliked_lightglue
203-204,203,204,169,222,IMG20260826125108.jpg,IMG20260826125653.jpg,53,80,32,0.4,1,0,aliked_lightglue
203-204,203,204,169,223,IMG20260826125108.jpg,IMG20260826125657.jpg,54,48,23,0.4791666666666667,1,0,aliked_lightglue
203-204,203,204,169,224,IMG20260826125108.jpg,IMG20260826125737.jpg,55,106,52,0.49056603773584906,1,0,aliked_lightglue
203-204,203,204,169,225,IMG20260826125108.jpg,IMG20260826125739.jpg,56,96,56,0.5833333333333334,1,0,aliked_lightglue
203-204,203,204,169,226,IMG20260826125108.jpg,IMG20260826125741.jpg,57,60,33,0.55,1,0,aliked_lightglue
203-204,203,204,169,227,IMG20260826125108.jpg,IMG20260826125743.jpg,58,69,31,0.4492753623188406,1,0,aliked_lightglue
203-204,203,204,169,228,IMG20260826125108.jpg,IMG20260826125746.jpg,59,61,36,0.5901639344262295,1,0,aliked_lightglue
203-204,203,204,169,229,IMG20260826125108.jpg,IMG20260826125749.jpg,60,46,23,0.5,1,0,aliked_lightglue
203-204,203,204,169,230,IMG20260826125108.jpg,IMG20260826125845.jpg,61,72,31,0.4305555555555556,1,0,aliked_lightglue
203-204,203,204,169,231,IMG20260826125108.jpg,IMG20260826125849.jpg,62,58,28,0.4827586206896552,1,0,aliked_lightglue
203-204,203,204,169,232,IMG20260826125108.jpg,IMG20260826125852.jpg,63,102,36,0.35294117647058826,1,0,aliked_lightglue
203-204,203,204,169,233,IMG20260826125108.jpg,IMG20260826125854.jpg,64,152,82,0.5394736842105263,1,0,aliked_lightglue
203-204,203,204,169,234,IMG20260826125108.jpg,IMG20260826125857.jpg,65,135,64,0.4740740740740741,1,0,aliked_lightglue
203-204,203,204,169,235,IMG20260826125108.jpg,IMG20260826125901.jpg,66,73,29,0.3972602739726027,1,0,aliked_lightglue
203-204,203,204,169,236,IMG20260826125108.jpg,IMG20260826125910.jpg,67,89,37,0.4157303370786517,1,0,aliked_lightglue
203-204,203,204,169,237,IMG20260826125108.jpg,IMG20260826125914.jpg,68,105,51,0.4857142857142857,1,0,aliked_lightglue
203-204,203,204,169,238,IMG20260826125108.jpg,IMG20260826125922.jpg,69,102,54,0.5294117647058824,1,0,aliked_lightglue
203-204,203,204,169,239,IMG20260826125108.jpg,IMG20260826125925.jpg,70,167,86,0.5149700598802395,1,0,aliked_lightglue
203-204,203,204,169,240,IMG20260826125108.jpg,IMG20260826125930.jpg,71,214,97,0.4532710280373832,1,0,aliked_lightglue
203-204,203,204,169,241,IMG20260826125108.jpg,IMG20260826125936.jpg,72,125,61,0.488,1,0,aliked_lightglue
203-204,203,204,169,242,IMG20260826125108.jpg,IMG20260826125940.jpg,73,172,76,0.4418604651162791,1,0,aliked_lightglue
203-204,203,204,169,243,IMG20260826125108.jpg,IMG20260826125942.jpg,74,105,49,0.4666666666666667,1,0,aliked_lightglue
203-204,203,204,170,211,IMG20260826125111.jpg,IMG20260826125616.jpg,41,22,0,0.0,0,0,aliked_lightglue
203-204,203,204,170,212,IMG20260826125111.jpg,IMG20260826125619.jpg,42,0,0,0.0,0,0,aliked_lightglue
203-204,203,204,170,213,IMG20260826125111.jpg,IMG20260826125624.jpg,43,38,0,0.0,0,0,aliked_lightglue
203-204,203,204,170,214,IMG20260826125111.jpg,IMG20260826125628.jpg,44,36,0,0.0,0,0,aliked_lightglue
203-204,203,204,170,215,IMG20260826125111.jpg,IMG20260826125631.jpg,45,18,0,0.0,0,0,aliked_lightglue
203-204,203,204,170,216,IMG20260826125111.jpg,IMG20260826125634.jpg,46,65,25,0.38461538461538464,1,0,aliked_lightglue
203-204,203,204,170,217,IMG20260826125111.jpg,IMG20260826125638.jpg,47,29,0,0.0,0,0,aliked_lightglue
203-204,203,204,170,218,IMG20260826125111.jpg,IMG20260826125640.jpg,48,50,24,0.48,1,0,aliked_lightglue
203-204,203,204,170,219,IMG20260826125111.jpg,IMG20260826125643.jpg,49,32,18,0.5625,1,0,aliked_lightglue
203-204,203,204,170,220,IMG20260826125111.jpg,IMG20260826125647.jpg,50,59,30,0.5084745762711864,1,0,aliked_lightglue
203-204,203,204,170,221,IMG20260826125111.jpg,IMG20260826125650.jpg,51,117,49,0.4188034188034188,1,0,aliked_lightglue
203-204,203,204,170,222,IMG20260826125111.jpg,IMG20260826125653.jpg,52,58,30,0.5172413793103449,1,0,aliked_lightglue
203-204,203,204,170,223,IMG20260826125111.jpg,IMG20260826125657.jpg,53,57,25,0.43859649122807015,1,0,aliked_lightglue
203-204,203,204,170,224,IMG20260826125111.jpg,IMG20260826125737.jpg,54,146,60,0.410958904109589,1,0,aliked_lightglue
203-204,203,204,170,225,IMG20260826125111.jpg,IMG20260826125739.jpg,55,51,27,0.5294117647058824,1,0,aliked_lightglue
203-204,203,204,170,226,IMG20260826125111.jpg,IMG20260826125741.jpg,56,30,16,0.5333333333333333,1,0,aliked_lightglue
203-204,203,204,170,227,IMG20260826125111.jpg,IMG20260826125743.jpg,57,28,18,0.6428571428571429,1,0,aliked_lightglue
203-204,203,204,170,228,IMG20260826125111.jpg,IMG20260826125746.jpg,58,37,22,0.5945945945945946,1,0,aliked_lightglue
203-204,203,204,170,229,IMG20260826125111.jpg,IMG20260826125749.jpg,59,41,27,0.6585365853658537,1,0,aliked_lightglue
203-204,203,204,170,230,IMG20260826125111.jpg,IMG20260826125845.jpg,60,43,25,0.5813953488372093,1,0,aliked_lightglue
203-204,203,204,170,231,IMG20260826125111.jpg,IMG20260826125849.jpg,61,68,32,0.47058823529411764,1,0,aliked_lightglue
203-204,203,204,170,232,IMG20260826125111.jpg,IMG20260826125852.jpg,62,61,25,0.4098360655737705,1,0,aliked_lightglue
203-204,203,204,170,233,IMG20260826125111.jpg,IMG20260826125854.jpg,63,108,56,0.5185185185185185,1,0,aliked_lightglue
203-204,203,204,170,234,IMG20260826125111.jpg,IMG20260826125857.jpg,64,113,48,0.4247787610619469,1,0,aliked_lightglue
203-204,203,204,170,235,IMG20260826125111.jpg,IMG20260826125901.jpg,65,88,45,0.5113636363636364,1,0,aliked_lightglue
203-204,203,204,170,236,IMG20260826125111.jpg,IMG20260826125910.jpg,66,236,120,0.5084745762711864,1,0,aliked_lightglue
203-204,203,204,170,237,IMG20260826125111.jpg,IMG20260826125914.jpg,67,128,60,0.46875,1,0,aliked_lightglue
203-204,203,204,170,238,IMG20260826125111.jpg,IMG20260826125922.jpg,68,73,41,0.5616438356164384,1,0,aliked_lightglue
203-204,203,204,170,239,IMG20260826125111.jpg,IMG20260826125925.jpg,69,98,57,0.5816326530612245,1,0,aliked_lightglue
203-204,203,204,170,240,IMG20260826125111.jpg,IMG20260826125930.jpg,70,180,101,0.5611111111111111,1,0,aliked_lightglue
203-204,203,204,170,241,IMG20260826125111.jpg,IMG20260826125936.jpg,71,80,46,0.575,1,0,aliked_lightglue
203-204,203,204,170,242,IMG20260826125111.jpg,IMG20260826125940.jpg,72,111,55,0.4954954954954955,1,0,aliked_lightglue
203-204,203,204,170,243,IMG20260826125111.jpg,IMG20260826125942.jpg,73,196,102,0.5204081632653061,1,0,aliked_lightglue
203-204,203,204,171,212,IMG20260826125124.jpg,IMG20260826125619.jpg,41,0,0,0.0,0,0,aliked_lightglue
203-204,203,204,171,213,IMG20260826125124.jpg,IMG20260826125624.jpg,42,49,21,0.42857142857142855,1,0,aliked_lightglue
203-204,203,204,171,214,IMG20260826125124.jpg,IMG20260826125628.jpg,43,36,19,0.5277777777777778,1,0,aliked_lightglue
203-204,203,204,171,215,IMG20260826125124.jpg,IMG20260826125631.jpg,44,32,17,0.53125,1,0,aliked_lightglue
203-204,203,204,171,216,IMG20260826125124.jpg,IMG20260826125634.jpg,45,104,40,0.38461538461538464,1,0,aliked_lightglue
203-204,203,204,171,217,IMG20260826125124.jpg,IMG20260826125638.jpg,46,61,31,0.5081967213114754,1,0,aliked_lightglue
203-204,203,204,171,218,IMG20260826125124.jpg,IMG20260826125640.jpg,47,43,20,0.46511627906976744,1,0,aliked_lightglue
203-204,203,204,171,219,IMG20260826125124.jpg,IMG20260826125643.jpg,48,25,0,0.0,0,0,aliked_lightglue
203-204,203,204,171,220,IMG20260826125124.jpg,IMG20260826125647.jpg,49,66,31,0.4696969696969697,1,0,aliked_lightglue
203-204,203,204,171,221,IMG20260826125124.jpg,IMG20260826125650.jpg,50,203,100,0.49261083743842365,1,0,aliked_lightglue
203-204,203,204,171,222,IMG20260826125124.jpg,IMG20260826125653.jpg,51,601,366,0.6089850249584027,1,0,aliked_lightglue
203-204,203,204,171,223,IMG20260826125124.jpg,IMG20260826125657.jpg,52,93,56,0.6021505376344086,1,0,aliked_lightglue
203-204,203,204,171,224,IMG20260826125124.jpg,IMG20260826125737.jpg,53,722,409,0.5664819944598338,1,0,aliked_lightglue
203-204,203,204,171,225,IMG20260826125124.jpg,IMG20260826125739.jpg,54,514,272,0.5291828793774319,1,0,aliked_lightglue
203-204,203,204,171,226,IMG20260826125124.jpg,IMG20260826125741.jpg,55,542,287,0.5295202952029521,1,0,aliked_lightglue
203-204,203,204,171,227,IMG20260826125124.jpg,IMG20260826125743.jpg,56,294,144,0.4897959183673469,1,0,aliked_lightglue
203-204,203,204,171,228,IMG20260826125124.jpg,IMG20260826125746.jpg,57,63,29,0.4603174603174603,1,0,aliked_lightglue
203-204,203,204,171,229,IMG20260826125124.jpg,IMG20260826125749.jpg,58,125,72,0.576,1,0,aliked_lightglue
203-204,203,204,171,230,IMG20260826125124.jpg,IMG20260826125845.jpg,59,180,88,0.4888888888888889,1,0,aliked_lightglue
203-204,203,204,171,231,IMG20260826125124.jpg,IMG20260826125849.jpg,60,246,119,0.483739837398374,1,0,aliked_lightglue
203-204,203,204,171,232,IMG20260826125124.jpg,IMG20260826125852.jpg,61,86,44,0.5116279069767442,1,0,aliked_lightglue
203-204,203,204,171,233,IMG20260826125124.jpg,IMG20260826125854.jpg,62,98,44,0.4489795918367347,1,0,aliked_lightglue
203-204,203,204,171,234,IMG20260826125124.jpg,IMG20260826125857.jpg,63,166,72,0.43373493975903615,1,0,aliked_lightglue
203-204,203,204,171,235,IMG20260826125124.jpg,IMG20260826125901.jpg,64,192,90,0.46875,1,0,aliked_lightglue
203-204,203,204,171,236,IMG20260826125124.jpg,IMG20260826125910.jpg,65,262,116,0.44274809160305345,1,0,aliked_lightglue
203-204,203,204,171,237,IMG20260826125124.jpg,IMG20260826125914.jpg,66,282,124,0.4397163120567376,1,0,aliked_lightglue
203-204,203,204,171,238,IMG20260826125124.jpg,IMG20260826125922.jpg,67,219,95,0.4337899543378995,1,0,aliked_lightglue
203-204,203,204,171,239,IMG20260826125124.jpg,IMG20260826125925.jpg,68,173,77,0.44508670520231214,1,0,aliked_lightglue
203-204,203,204,171,240,IMG20260826125124.jpg,IMG20260826125930.jpg,69,254,134,0.5275590551181102,1,0,aliked_lightglue
203-204,203,204,171,241,IMG20260826125124.jpg,IMG20260826125936.jpg,70,224,114,0.5089285714285714,1,0,aliked_lightglue
203-204,203,204,171,242,IMG20260826125124.jpg,IMG20260826125940.jpg,71,275,119,0.43272727272727274,1,0,aliked_lightglue
203-204,203,204,171,243,IMG20260826125124.jpg,IMG20260826125942.jpg,72,175,77,0.44,1,0,aliked_lightglue
203-204,203,204,172,213,IMG20260826125127.jpg,IMG20260826125624.jpg,41,79,45,0.569620253164557,1,0,aliked_lightglue
203-204,203,204,172,214,IMG20260826125127.jpg,IMG20260826125628.jpg,42,26,17,0.6538461538461539,1,0,aliked_lightglue
203-204,203,204,172,215,IMG20260826125127.jpg,IMG20260826125631.jpg,43,0,0,0.0,0,0,aliked_lightglue
203-204,203,204,172,216,IMG20260826125127.jpg,IMG20260826125634.jpg,44,560,322,0.575,1,0,aliked_lightglue
203-204,203,204,172,217,IMG20260826125127.jpg,IMG20260826125638.jpg,45,34,17,0.5,1,0,aliked_lightglue
203-204,203,204,172,218,IMG20260826125127.jpg,IMG20260826125640.jpg,46,39,19,0.48717948717948717,1,0,aliked_lightglue
203-204,203,204,172,219,IMG20260826125127.jpg,IMG20260826125643.jpg,47,20,0,0.0,0,0,aliked_lightglue
203-204,203,204,172,220,IMG20260826125127.jpg,IMG20260826125647.jpg,48,35,19,0.5428571428571428,1,0,aliked_lightglue
203-204,203,204,172,221,IMG20260826125127.jpg,IMG20260826125650.jpg,49,43,22,0.5116279069767442,1,0,aliked_lightglue
203-204,203,204,172,222,IMG20260826125127.jpg,IMG20260826125653.jpg,50,225,99,0.44,1,0,aliked_lightglue
203-204,203,204,172,223,IMG20260826125127.jpg,IMG20260826125657.jpg,51,190,99,0.5210526315789473,1,0,aliked_lightglue
203-204,203,204,172,224,IMG20260826125127.jpg,IMG20260826125737.jpg,52,227,112,0.4933920704845815,1,0,aliked_lightglue
203-204,203,204,172,225,IMG20260826125127.jpg,IMG20260826125739.jpg,53,950,545,0.5736842105263158,1,0,aliked_lightglue
203-204,203,204,172,226,IMG20260826125127.jpg,IMG20260826125741.jpg,54,847,559,0.6599763872491146,1,0,aliked_lightglue
203-204,203,204,172,227,IMG20260826125127.jpg,IMG20260826125743.jpg,55,280,134,0.4785714285714286,1,0,aliked_lightglue
203-204,203,204,172,228,IMG20260826125127.jpg,IMG20260826125746.jpg,56,231,129,0.5584415584415584,1,0,aliked_lightglue
203-204,203,204,172,229,IMG20260826125127.jpg,IMG20260826125749.jpg,57,128,62,0.484375,1,0,aliked_lightglue
203-204,203,204,172,230,IMG20260826125127.jpg,IMG20260826125845.jpg,58,173,90,0.5202312138728323,1,0,aliked_lightglue
203-204,203,204,172,231,IMG20260826125127.jpg,IMG20260826125849.jpg,59,239,128,0.5355648535564853,1,0,aliked_lightglue
203-204,203,204,172,232,IMG20260826125127.jpg,IMG20260826125852.jpg,60,76,36,0.47368421052631576,1,0,aliked_lightglue
203-204,203,204,172,233,IMG20260826125127.jpg,IMG20260826125854.jpg,61,155,71,0.45806451612903226,1,0,aliked_lightglue
203-204,203,204,172,234,IMG20260826125127.jpg,IMG20260826125857.jpg,62,134,60,0.44776119402985076,1,0,aliked_lightglue
203-204,203,204,172,235,IMG20260826125127.jpg,IMG20260826125901.jpg,63,133,73,0.5488721804511278,1,0,aliked_lightglue
203-204,203,204,172,236,IMG20260826125127.jpg,IMG20260826125910.jpg,64,259,135,0.5212355212355212,1,0,aliked_lightglue
203-204,203,204,172,237,IMG20260826125127.jpg,IMG20260826125914.jpg,65,292,142,0.4863013698630137,1,0,aliked_lightglue
203-204,203,204,172,238,IMG20260826125127.jpg,IMG20260826125922.jpg,66,186,100,0.5376344086021505,1,0,aliked_lightglue
203-204,203,204,172,239,IMG20260826125127.jpg,IMG20260826125925.jpg,67,130,67,0.5153846153846153,1,0,aliked_lightglue
203-204,203,204,172,240,IMG20260826125127.jpg,IMG20260826125930.jpg,68,191,113,0.5916230366492147,1,0,aliked_lightglue
203-204,203,204,172,241,IMG20260826125127.jpg,IMG20260826125936.jpg,69,354,162,0.4576271186440678,1,0,aliked_lightglue
203-204,203,204,172,242,IMG20260826125127.jpg,IMG20260826125940.jpg,70,277,149,0.5379061371841155,1,0,aliked_lightglue
203-204,203,204,172,243,IMG20260826125127.jpg,IMG20260826125942.jpg,71,143,64,0.44755244755244755,1,0,aliked_lightglue
203-204,203,204,173,214,IMG20260826125130.jpg,IMG20260826125628.jpg,41,77,34,0.44155844155844154,1,0,aliked_lightglue
203-204,203,204,173,215,IMG20260826125130.jpg,IMG20260826125631.jpg,42,23,0,0.0,0,0,aliked_lightglue
203-204,203,204,173,216,IMG20260826125130.jpg,IMG20260826125634.jpg,43,298,143,0.4798657718120805,1,0,aliked_lightglue
203-204,203,204,173,217,IMG20260826125130.jpg,IMG20260826125638.jpg,44,106,43,0.4056603773584906,1,0,aliked_lightglue
203-204,203,204,173,218,IMG20260826125130.jpg,IMG20260826125640.jpg,45,61,25,0.4098360655737705,1,0,aliked_lightglue
203-204,203,204,173,219,IMG20260826125130.jpg,IMG20260826125643.jpg,46,46,23,0.5,1,0,aliked_lightglue
203-204,203,204,173,220,IMG20260826125130.jpg,IMG20260826125647.jpg,47,60,27,0.45,1,0,aliked_lightglue
203-204,203,204,173,221,IMG20260826125130.jpg,IMG20260826125650.jpg,48,32,18,0.5625,1,0,aliked_lightglue
203-204,203,204,173,222,IMG20260826125130.jpg,IMG20260826125653.jpg,49,48,22,0.4583333333333333,1,0,aliked_lightglue
203-204,203,204,173,223,IMG20260826125130.jpg,IMG20260826125657.jpg,50,361,177,0.4903047091412742,1,0,aliked_lightglue
203-204,203,204,173,224,IMG20260826125130.jpg,IMG20260826125737.jpg,51,220,88,0.4,1,0,aliked_lightglue
203-204,203,204,173,225,IMG20260826125130.jpg,IMG20260826125739.jpg,52,366,165,0.45081967213114754,1,0,aliked_lightglue
203-204,203,204,173,226,IMG20260826125130.jpg,IMG20260826125741.jpg,53,607,329,0.5420098846787479,1,0,aliked_lightglue
203-204,203,204,173,227,IMG20260826125130.jpg,IMG20260826125743.jpg,54,489,259,0.5296523517382413,1,0,aliked_lightglue
203-204,203,204,173,228,IMG20260826125130.jpg,IMG20260826125746.jpg,55,922,599,0.6496746203904555,1,0,aliked_lightglue
203-204,203,204,173,229,IMG20260826125130.jpg,IMG20260826125749.jpg,56,222,126,0.5675675675675675,1,0,aliked_lightglue
203-204,203,204,173,230,IMG20260826125130.jpg,IMG20260826125845.jpg,57,110,46,0.41818181818181815,1,0,aliked_lightglue
203-204,203,204,173,231,IMG20260826125130.jpg,IMG20260826125849.jpg,58,163,73,0.44785276073619634,1,0,aliked_lightglue
203-204,203,204,173,232,IMG20260826125130.jpg,IMG20260826125852.jpg,59,255,117,0.4588235294117647,1,0,aliked_lightglue
203-204,203,204,173,233,IMG20260826125130.jpg,IMG20260826125854.jpg,60,143,78,0.5454545454545454,1,0,aliked_lightglue
203-204,203,204,173,234,IMG20260826125130.jpg,IMG20260826125857.jpg,61,121,49,0.4049586776859504,1,0,aliked_lightglue
203-204,203,204,173,235,IMG20260826125130.jpg,IMG20260826125901.jpg,62,159,81,0.5094339622641509,1,0,aliked_lightglue
203-204,203,204,173,236,IMG20260826125130.jpg,IMG20260826125910.jpg,63,246,125,0.508130081300813,1,0,aliked_lightglue
203-204,203,204,173,237,IMG20260826125130.jpg,IMG20260826125914.jpg,64,296,141,0.47635135135135137,1,0,aliked_lightglue
203-204,203,204,173,238,IMG20260826125130.jpg,IMG20260826125922.jpg,65,285,143,0.5017543859649123,1,0,aliked_lightglue
203-204,203,204,173,239,IMG20260826125130.jpg,IMG20260826125925.jpg,66,131,74,0.5648854961832062,1,0,aliked_lightglue
203-204,203,204,173,240,IMG20260826125130.jpg,IMG20260826125930.jpg,67,338,156,0.46153846153846156,1,0,aliked_lightglue
203-204,203,204,173,241,IMG20260826125130.jpg,IMG20260826125936.jpg,68,183,74,0.40437158469945356,1,0,aliked_lightglue
203-204,203,204,173,242,IMG20260826125130.jpg,IMG20260826125940.jpg,69,305,137,0.4491803278688525,1,0,aliked_lightglue
203-204,203,204,173,243,IMG20260826125130.jpg,IMG20260826125942.jpg,70,210,91,0.43333333333333335,1,0,aliked_lightglue
203-204,203,204,174,215,IMG20260826125133.jpg,IMG20260826125631.jpg,41,15,0,0.0,0,0,aliked_lightglue
203-204,203,204,174,216,IMG20260826125133.jpg,IMG20260826125634.jpg,42,120,54,0.45,1,0,aliked_lightglue
203-204,203,204,174,217,IMG20260826125133.jpg,IMG20260826125638.jpg,43,272,109,0.4007352941176471,1,0,aliked_lightglue
203-204,203,204,174,218,IMG20260826125133.jpg,IMG20260826125640.jpg,44,67,32,0.47761194029850745,1,0,aliked_lightglue
203-204,203,204,174,219,IMG20260826125133.jpg,IMG20260826125643.jpg,45,39,18,0.46153846153846156,1,0,aliked_lightglue
203-204,203,204,174,220,IMG20260826125133.jpg,IMG20260826125647.jpg,46,81,39,0.48148148148148145,1,0,aliked_lightglue
203-204,203,204,174,221,IMG20260826125133.jpg,IMG20260826125650.jpg,47,39,18,0.46153846153846156,1,0,aliked_lightglue
203-204,203,204,174,222,IMG20260826125133.jpg,IMG20260826125653.jpg,48,37,0,0.0,0,0,aliked_lightglue
203-204,203,204,174,223,IMG20260826125133.jpg,IMG20260826125657.jpg,49,79,31,0.3924050632911392,1,0,aliked_lightglue
203-204,203,204,174,224,IMG20260826125133.jpg,IMG20260826125737.jpg,50,64,28,0.4375,1,0,aliked_lightglue
203-204,203,204,174,225,IMG20260826125133.jpg,IMG20260826125739.jpg,51,96,42,0.4375,1,0,aliked_lightglue
203-204,203,204,174,226,IMG20260826125133.jpg,IMG20260826125741.jpg,52,524,331,0.6316793893129771,1,0,aliked_lightglue
203-204,203,204,174,227,IMG20260826125133.jpg,IMG20260826125743.jpg,53,567,320,0.564373897707231,1,0,aliked_lightglue
203-204,203,204,174,228,IMG20260826125133.jpg,IMG20260826125746.jpg,54,777,448,0.5765765765765766,1,0,aliked_lightglue
203-204,203,204,174,229,IMG20260826125133.jpg,IMG20260826125749.jpg,55,451,249,0.5521064301552107,1,0,aliked_lightglue
203-204,203,204,174,230,IMG20260826125133.jpg,IMG20260826125845.jpg,56,428,225,0.5257009345794392,1,0,aliked_lightglue
203-204,203,204,174,231,IMG20260826125133.jpg,IMG20260826125849.jpg,57,103,53,0.5145631067961165,1,0,aliked_lightglue
203-204,203,204,174,232,IMG20260826125133.jpg,IMG20260826125852.jpg,58,198,84,0.42424242424242425,1,0,aliked_lightglue
203-204,203,204,174,233,IMG20260826125133.jpg,IMG20260826125854.jpg,59,181,86,0.47513812154696133,1,0,aliked_lightglue
203-204,203,204,174,234,IMG20260826125133.jpg,IMG20260826125857.jpg,60,193,104,0.538860103626943,1,0,aliked_lightglue
203-204,203,204,174,235,IMG20260826125133.jpg,IMG20260826125901.jpg,61,131,74,0.5648854961832062,1,0,aliked_lightglue
203-204,203,204,174,236,IMG20260826125133.jpg,IMG20260826125910.jpg,62,151,62,0.4105960264900662,1,0,aliked_lightglue
203-204,203,204,174,237,IMG20260826125133.jpg,IMG20260826125914.jpg,63,228,99,0.4342105263157895,1,0,aliked_lightglue
203-204,203,204,174,238,IMG20260826125133.jpg,IMG20260826125922.jpg,64,414,219,0.5289855072463768,1,0,aliked_lightglue
203-204,203,204,174,239,IMG20260826125133.jpg,IMG20260826125925.jpg,65,215,98,0.4558139534883721,1,0,aliked_lightglue
203-204,203,204,174,240,IMG20260826125133.jpg,IMG20260826125930.jpg,66,237,104,0.4388185654008439,1,0,aliked_lightglue
203-204,203,204,174,241,IMG20260826125133.jpg,IMG20260826125936.jpg,67,156,73,0.46794871794871795,1,0,aliked_lightglue
203-204,203,204,174,242,IMG20260826125133.jpg,IMG20260826125940.jpg,68,400,173,0.4325,1,0,aliked_lightglue
203-204,203,204,174,243,IMG20260826125133.jpg,IMG20260826125942.jpg,69,332,168,0.5060240963855421,1,0,aliked_lightglue
203-204,203,204,175,216,IMG20260826125137.jpg,IMG20260826125634.jpg,41,44,21,0.4772727272727273,1,0,aliked_lightglue
203-204,203,204,175,217,IMG20260826125137.jpg,IMG20260826125638.jpg,42,52,19,0.36538461538461536,1,0,aliked_lightglue
203-204,203,204,175,218,IMG20260826125137.jpg,IMG20260826125640.jpg,43,116,48,0.41379310344827586,1,0,aliked_lightglue
203-204,203,204,175,219,IMG20260826125137.jpg,IMG20260826125643.jpg,44,65,27,0.4153846153846154,1,0,aliked_lightglue
203-204,203,204,175,220,IMG20260826125137.jpg,IMG20260826125647.jpg,45,42,22,0.5238095238095238,1,0,aliked_lightglue
203-204,203,204,175,221,IMG20260826125137.jpg,IMG20260826125650.jpg,46,36,15,0.4166666666666667,1,0,aliked_lightglue
203-204,203,204,175,222,IMG20260826125137.jpg,IMG20260826125653.jpg,47,52,18,0.34615384615384615,1,0,aliked_lightglue
203-204,203,204,175,223,IMG20260826125137.jpg,IMG20260826125657.jpg,48,42,16,0.38095238095238093,1,0,aliked_lightglue
203-204,203,204,175,224,IMG20260826125137.jpg,IMG20260826125737.jpg,49,46,19,0.41304347826086957,1,0,aliked_lightglue
203-204,203,204,175,225,IMG20260826125137.jpg,IMG20260826125739.jpg,50,61,36,0.5901639344262295,1,0,aliked_lightglue
203-204,203,204,175,226,IMG20260826125137.jpg,IMG20260826125741.jpg,51,232,126,0.5431034482758621,1,0,aliked_lightglue
203-204,203,204,175,227,IMG20260826125137.jpg,IMG20260826125743.jpg,52,533,315,0.5909943714821764,1,0,aliked_lightglue
203-204,203,204,175,228,IMG20260826125137.jpg,IMG20260826125746.jpg,53,1298,854,0.6579352850539292,1,1,aliked_lightglue
203-204,203,204,175,229,IMG20260826125137.jpg,IMG20260826125749.jpg,54,747,359,0.48058902275769744,1,0,aliked_lightglue
203-204,203,204,175,230,IMG20260826125137.jpg,IMG20260826125845.jpg,55,763,391,0.5124508519003932,1,0,aliked_lightglue
203-204,203,204,175,231,IMG20260826125137.jpg,IMG20260826125849.jpg,56,204,78,0.38235294117647056,1,0,aliked_lightglue
203-204,203,204,175,232,IMG20260826125137.jpg,IMG20260826125852.jpg,57,48,20,0.4166666666666667,1,0,aliked_lightglue
203-204,203,204,175,233,IMG20260826125137.jpg,IMG20260826125854.jpg,58,96,34,0.3541666666666667,1,0,aliked_lightglue
203-204,203,204,175,234,IMG20260826125137.jpg,IMG20260826125857.jpg,59,124,59,0.47580645161290325,1,0,aliked_lightglue
203-204,203,204,175,235,IMG20260826125137.jpg,IMG20260826125901.jpg,60,192,95,0.4947916666666667,1,0,aliked_lightglue
203-204,203,204,175,236,IMG20260826125137.jpg,IMG20260826125910.jpg,61,110,46,0.41818181818181815,1,0,aliked_lightglue
203-204,203,204,175,237,IMG20260826125137.jpg,IMG20260826125914.jpg,62,155,66,0.4258064516129032,1,0,aliked_lightglue
203-204,203,204,175,238,IMG20260826125137.jpg,IMG20260826125922.jpg,63,970,531,0.5474226804123712,1,0,aliked_lightglue
203-204,203,204,175,239,IMG20260826125137.jpg,IMG20260826125925.jpg,64,699,327,0.4678111587982833,1,0,aliked_lightglue
203-204,203,204,175,240,IMG20260826125137.jpg,IMG20260826125930.jpg,65,152,61,0.40131578947368424,1,0,aliked_lightglue
203-204,203,204,175,241,IMG20260826125137.jpg,IMG20260826125936.jpg,66,144,65,0.4513888888888889,1,0,aliked_lightglue
203-204,203,204,175,242,IMG20260826125137.jpg,IMG20260826125940.jpg,67,149,47,0.31543624161073824,1,0,aliked_lightglue
203-204,203,204,175,243,IMG20260826125137.jpg,IMG20260826125942.jpg,68,206,98,0.47572815533980584,1,0,aliked_lightglue
203-204,203,204,176,217,IMG20260826125139.jpg,IMG20260826125638.jpg,41,85,32,0.3764705882352941,1,0,aliked_lightglue
203-204,203,204,176,218,IMG20260826125139.jpg,IMG20260826125640.jpg,42,80,44,0.55,1,0,aliked_lightglue
203-204,203,204,176,219,IMG20260826125139.jpg,IMG20260826125643.jpg,43,39,25,0.6410256410256411,1,0,aliked_lightglue
203-204,203,204,176,220,IMG20260826125139.jpg,IMG20260826125647.jpg,44,84,32,0.38095238095238093,1,0,aliked_lightglue
203-204,203,204,176,221,IMG20260826125139.jpg,IMG20260826125650.jpg,45,45,22,0.4888888888888889,1,0,aliked_lightglue
203-204,203,204,176,222,IMG20260826125139.jpg,IMG20260826125653.jpg,46,55,29,0.5272727272727272,1,0,aliked_lightglue
203-204,203,204,176,223,IMG20260826125139.jpg,IMG20260826125657.jpg,47,46,21,0.45652173913043476,1,0,aliked_lightglue
203-204,203,204,176,224,IMG20260826125139.jpg,IMG20260826125737.jpg,48,25,0,0.0,0,0,aliked_lightglue
203-204,203,204,176,225,IMG20260826125139.jpg,IMG20260826125739.jpg,49,38,18,0.47368421052631576,1,0,aliked_lightglue
203-204,203,204,176,226,IMG20260826125139.jpg,IMG20260826125741.jpg,50,85,42,0.49411764705882355,1,0,aliked_lightglue
203-204,203,204,176,227,IMG20260826125139.jpg,IMG20260826125743.jpg,51,121,51,0.4214876033057851,1,0,aliked_lightglue
203-204,203,204,176,228,IMG20260826125139.jpg,IMG20260826125746.jpg,52,832,443,0.5324519230769231,1,0,aliked_lightglue
203-204,203,204,176,229,IMG20260826125139.jpg,IMG20260826125749.jpg,53,1189,761,0.6400336417157275,1,0,aliked_lightglue
203-204,203,204,176,230,IMG20260826125139.jpg,IMG20260826125845.jpg,54,1353,870,0.6430155210643016,1,1,aliked_lightglue
203-204,203,204,176,231,IMG20260826125139.jpg,IMG20260826125849.jpg,55,270,122,0.45185185185185184,1,0,aliked_lightglue
203-204,203,204,176,232,IMG20260826125139.jpg,IMG20260826125852.jpg,56,139,50,0.3597122302158273,1,0,aliked_lightglue
203-204,203,204,176,233,IMG20260826125139.jpg,IMG20260826125854.jpg,57,65,33,0.5076923076923077,1,0,aliked_lightglue
203-204,203,204,176,234,IMG20260826125139.jpg,IMG20260826125857.jpg,58,156,86,0.5512820512820513,1,0,aliked_lightglue
203-204,203,204,176,235,IMG20260826125139.jpg,IMG20260826125901.jpg,59,51,26,0.5098039215686274,1,0,aliked_lightglue
203-204,203,204,176,236,IMG20260826125139.jpg,IMG20260826125910.jpg,60,96,46,0.4791666666666667,1,0,aliked_lightglue
203-204,203,204,176,237,IMG20260826125139.jpg,IMG20260826125914.jpg,61,90,39,0.43333333333333335,1,0,aliked_lightglue
203-204,203,204,176,238,IMG20260826125139.jpg,IMG20260826125922.jpg,62,767,379,0.4941329856584094,1,0,aliked_lightglue
203-204,203,204,176,239,IMG20260826125139.jpg,IMG20260826125925.jpg,63,532,277,0.5206766917293233,1,0,aliked_lightglue
203-204,203,204,176,240,IMG20260826125139.jpg,IMG20260826125930.jpg,64,138,65,0.47101449275362317,1,0,aliked_lightglue
203-204,203,204,176,241,IMG20260826125139.jpg,IMG20260826125936.jpg,65,228,83,0.36403508771929827,1,0,aliked_lightglue
203-204,203,204,176,242,IMG20260826125139.jpg,IMG20260826125940.jpg,66,329,138,0.4194528875379939,1,0,aliked_lightglue
203-204,203,204,176,243,IMG20260826125139.jpg,IMG20260826125942.jpg,67,206,79,0.38349514563106796,1,0,aliked_lightglue
203-204,203,204,177,218,IMG20260826125146.jpg,IMG20260826125640.jpg,41,29,15,0.5172413793103449,1,0,aliked_lightglue
203-204,203,204,177,219,IMG20260826125146.jpg,IMG20260826125643.jpg,42,37,21,0.5675675675675675,1,0,aliked_lightglue
203-204,203,204,177,220,IMG20260826125146.jpg,IMG20260826125647.jpg,43,78,29,0.3717948717948718,1,0,aliked_lightglue
203-204,203,204,177,221,IMG20260826125146.jpg,IMG20260826125650.jpg,44,134,61,0.4552238805970149,1,0,aliked_lightglue
203-204,203,204,177,222,IMG20260826125146.jpg,IMG20260826125653.jpg,45,55,18,0.32727272727272727,1,0,aliked_lightglue
203-204,203,204,177,223,IMG20260826125146.jpg,IMG20260826125657.jpg,46,35,21,0.6,1,0,aliked_lightglue
203-204,203,204,177,224,IMG20260826125146.jpg,IMG20260826125737.jpg,47,18,0,0.0,0,0,aliked_lightglue
203-204,203,204,177,225,IMG20260826125146.jpg,IMG20260826125739.jpg,48,47,25,0.5319148936170213,1,0,aliked_lightglue
203-204,203,204,177,226,IMG20260826125146.jpg,IMG20260826125741.jpg,49,30,19,0.6333333333333333,1,0,aliked_lightglue
203-204,203,204,177,227,IMG20260826125146.jpg,IMG20260826125743.jpg,50,36,16,0.4444444444444444,1,0,aliked_lightglue
203-204,203,204,177,228,IMG20260826125146.jpg,IMG20260826125746.jpg,51,318,185,0.5817610062893082,1,0,aliked_lightglue
203-204,203,204,177,229,IMG20260826125146.jpg,IMG20260826125749.jpg,52,698,396,0.5673352435530086,1,0,aliked_lightglue
203-204,203,204,177,230,IMG20260826125146.jpg,IMG20260826125845.jpg,53,983,462,0.46998982706002035,1,0,aliked_lightglue
203-204,203,204,177,231,IMG20260826125146.jpg,IMG20260826125849.jpg,54,1313,845,0.6435643564356436,1,0,aliked_lightglue
203-204,203,204,177,232,IMG20260826125146.jpg,IMG20260826125852.jpg,55,539,274,0.5083487940630798,1,0,aliked_lightglue
203-204,203,204,177,233,IMG20260826125146.jpg,IMG20260826125854.jpg,56,371,167,0.4501347708894879,1,0,aliked_lightglue
203-204,203,204,177,234,IMG20260826125146.jpg,IMG20260826125857.jpg,57,115,53,0.4608695652173913,1,0,aliked_lightglue
203-204,203,204,177,235,IMG20260826125146.jpg,IMG20260826125901.jpg,58,240,143,0.5958333333333333,1,0,aliked_lightglue
203-204,203,204,177,236,IMG20260826125146.jpg,IMG20260826125910.jpg,59,50,27,0.54,1,0,aliked_lightglue
203-204,203,204,177,237,IMG20260826125146.jpg,IMG20260826125914.jpg,60,117,39,0.3333333333333333,1,0,aliked_lightglue
203-204,203,204,177,238,IMG20260826125146.jpg,IMG20260826125922.jpg,61,466,217,0.4656652360515021,1,0,aliked_lightglue
203-204,203,204,177,239,IMG20260826125146.jpg,IMG20260826125925.jpg,62,414,188,0.45410628019323673,1,0,aliked_lightglue
203-204,203,204,177,240,IMG20260826125146.jpg,IMG20260826125930.jpg,63,341,158,0.4633431085043988,1,0,aliked_lightglue
203-204,203,204,177,241,IMG20260826125146.jpg,IMG20260826125936.jpg,64,486,254,0.522633744855967,1,0,aliked_lightglue
203-204,203,204,177,242,IMG20260826125146.jpg,IMG20260826125940.jpg,65,178,70,0.39325842696629215,1,0,aliked_lightglue
203-204,203,204,177,243,IMG20260826125146.jpg,IMG20260826125942.jpg,66,124,54,0.43548387096774194,1,0,aliked_lightglue
203-204,203,204,178,219,IMG20260826125151.jpg,IMG20260826125643.jpg,41,24,0,0.0,0,0,aliked_lightglue
203-204,203,204,178,220,IMG20260826125151.jpg,IMG20260826125647.jpg,42,70,26,0.37142857142857144,1,0,aliked_lightglue
203-204,203,204,178,221,IMG20260826125151.jpg,IMG20260826125650.jpg,43,60,29,0.48333333333333334,1,0,aliked_lightglue
203-204,203,204,178,222,IMG20260826125151.jpg,IMG20260826125653.jpg,44,38,24,0.631578947368421,1,0,aliked_lightglue
203-204,203,204,178,223,IMG20260826125151.jpg,IMG20260826125657.jpg,45,46,21,0.45652173913043476,1,0,aliked_lightglue
203-204,203,204,178,224,IMG20260826125151.jpg,IMG20260826125737.jpg,46,32,15,0.46875,1,0,aliked_lightglue
203-204,203,204,178,225,IMG20260826125151.jpg,IMG20260826125739.jpg,47,47,20,0.425531914893617,1,0,aliked_lightglue
203-204,203,204,178,226,IMG20260826125151.jpg,IMG20260826125741.jpg,48,0,0,0.0,0,0,aliked_lightglue
203-204,203,204,178,227,IMG20260826125151.jpg,IMG20260826125743.jpg,49,87,43,0.4942528735632184,1,0,aliked_lightglue
203-204,203,204,178,228,IMG20260826125151.jpg,IMG20260826125746.jpg,50,89,33,0.3707865168539326,1,0,aliked_lightglue
203-204,203,204,178,229,IMG20260826125151.jpg,IMG20260826125749.jpg,51,216,105,0.4861111111111111,1,0,aliked_lightglue
203-204,203,204,178,230,IMG20260826125151.jpg,IMG20260826125845.jpg,52,634,349,0.5504731861198738,1,0,aliked_lightglue
203-204,203,204,178,231,IMG20260826125151.jpg,IMG20260826125849.jpg,53,920,442,0.48043478260869565,1,0,aliked_lightglue
203-204,203,204,178,232,IMG20260826125151.jpg,IMG20260826125852.jpg,54,1168,682,0.583904109589041,1,0,aliked_lightglue
203-204,203,204,178,233,IMG20260826125151.jpg,IMG20260826125854.jpg,55,561,249,0.44385026737967914,1,0,aliked_lightglue
203-204,203,204,178,234,IMG20260826125151.jpg,IMG20260826125857.jpg,56,188,81,0.4308510638297872,1,0,aliked_lightglue
203-204,203,204,178,235,IMG20260826125151.jpg,IMG20260826125901.jpg,57,97,41,0.422680412371134,1,0,aliked_lightglue
203-204,203,204,178,236,IMG20260826125151.jpg,IMG20260826125910.jpg,58,45,24,0.5333333333333333,1,0,aliked_lightglue
203-204,203,204,178,237,IMG20260826125151.jpg,IMG20260826125914.jpg,59,69,39,0.5652173913043478,1,0,aliked_lightglue
203-204,203,204,178,238,IMG20260826125151.jpg,IMG20260826125922.jpg,60,210,94,0.44761904761904764,1,0,aliked_lightglue
203-204,203,204,178,239,IMG20260826125151.jpg,IMG20260826125925.jpg,61,246,116,0.4715447154471545,1,0,aliked_lightglue
203-204,203,204,178,240,IMG20260826125151.jpg,IMG20260826125930.jpg,62,580,267,0.4603448275862069,1,0,aliked_lightglue
203-204,203,204,178,241,IMG20260826125151.jpg,IMG20260826125936.jpg,63,442,212,0.4796380090497738,1,0,aliked_lightglue
203-204,203,204,178,242,IMG20260826125151.jpg,IMG20260826125940.jpg,64,435,214,0.49195402298850577,1,0,aliked_lightglue
203-204,203,204,178,243,IMG20260826125151.jpg,IMG20260826125942.jpg,65,197,94,0.47715736040609136,1,0,aliked_lightglue
203-204,203,204,179,220,IMG20260826125156.jpg,IMG20260826125647.jpg,41,69,29,0.42028985507246375,1,0,aliked_lightglue
203-204,203,204,179,221,IMG20260826125156.jpg,IMG20260826125650.jpg,42,155,60,0.3870967741935484,1,0,aliked_lightglue
203-204,203,204,179,222,IMG20260826125156.jpg,IMG20260826125653.jpg,43,34,17,0.5,1,0,aliked_lightglue
203-204,203,204,179,223,IMG20260826125156.jpg,IMG20260826125657.jpg,44,117,67,0.5726495726495726,1,0,aliked_lightglue
203-204,203,204,179,224,IMG20260826125156.jpg,IMG20260826125737.jpg,45,28,15,0.5357142857142857,1,0,aliked_lightglue
203-204,203,204,179,225,IMG20260826125156.jpg,IMG20260826125739.jpg,46,68,40,0.5882352941176471,1,0,aliked_lightglue
203-204,203,204,179,226,IMG20260826125156.jpg,IMG20260826125741.jpg,47,49,25,0.5102040816326531,1,0,aliked_lightglue
203-204,203,204,179,227,IMG20260826125156.jpg,IMG20260826125743.jpg,48,122,58,0.47540983606557374,1,0,aliked_lightglue
203-204,203,204,179,228,IMG20260826125156.jpg,IMG20260826125746.jpg,49,159,83,0.5220125786163522,1,0,aliked_lightglue
203-204,203,204,179,229,IMG20260826125156.jpg,IMG20260826125749.jpg,50,210,93,0.44285714285714284,1,0,aliked_lightglue
203-204,203,204,179,230,IMG20260826125156.jpg,IMG20260826125845.jpg,51,243,106,0.43621399176954734,1,0,aliked_lightglue
203-204,203,204,179,231,IMG20260826125156.jpg,IMG20260826125849.jpg,52,597,274,0.45896147403685095,1,0,aliked_lightglue
203-204,203,204,179,232,IMG20260826125156.jpg,IMG20260826125852.jpg,53,1102,597,0.5417422867513612,1,0,aliked_lightglue
203-204,203,204,179,233,IMG20260826125156.jpg,IMG20260826125854.jpg,54,1268,817,0.6443217665615142,1,0,aliked_lightglue
203-204,203,204,179,234,IMG20260826125156.jpg,IMG20260826125857.jpg,55,523,310,0.5927342256214149,1,0,aliked_lightglue
203-204,203,204,179,235,IMG20260826125156.jpg,IMG20260826125901.jpg,56,482,235,0.487551867219917,1,0,aliked_lightglue
203-204,203,204,179,236,IMG20260826125156.jpg,IMG20260826125910.jpg,57,161,63,0.391304347826087,1,0,aliked_lightglue
203-204,203,204,179,237,IMG20260826125156.jpg,IMG20260826125914.jpg,58,110,51,0.4636363636363636,1,0,aliked_lightglue
203-204,203,204,179,238,IMG20260826125156.jpg,IMG20260826125922.jpg,59,132,60,0.45454545454545453,1,0,aliked_lightglue
203-204,203,204,179,239,IMG20260826125156.jpg,IMG20260826125925.jpg,60,186,71,0.3817204301075269,1,0,aliked_lightglue
203-204,203,204,179,240,IMG20260826125156.jpg,IMG20260826125930.jpg,61,210,97,0.46190476190476193,1,0,aliked_lightglue
203-204,203,204,179,241,IMG20260826125156.jpg,IMG20260826125936.jpg,62,354,171,0.4830508474576271,1,0,aliked_lightglue
203-204,203,204,179,242,IMG20260826125156.jpg,IMG20260826125940.jpg,63,561,303,0.5401069518716578,1,0,aliked_lightglue
203-204,203,204,179,243,IMG20260826125156.jpg,IMG20260826125942.jpg,64,647,314,0.4853168469860896,1,0,aliked_lightglue
203-204,203,204,180,221,IMG20260826125224.jpg,IMG20260826125650.jpg,41,48,21,0.4375,1,0,aliked_lightglue
203-204,203,204,180,222,IMG20260826125224.jpg,IMG20260826125653.jpg,42,37,15,0.40540540540540543,1,0,aliked_lightglue
203-204,203,204,180,223,IMG20260826125224.jpg,IMG20260826125657.jpg,43,139,58,0.4172661870503597,1,0,aliked_lightglue
203-204,203,204,180,224,IMG20260826125224.jpg,IMG20260826125737.jpg,44,20,0,0.0,0,0,aliked_lightglue
203-204,203,204,180,225,IMG20260826125224.jpg,IMG20260826125739.jpg,45,64,25,0.390625,1,0,aliked_lightglue
203-204,203,204,180,226,IMG20260826125224.jpg,IMG20260826125741.jpg,46,29,17,0.5862068965517241,1,0,aliked_lightglue
203-204,203,204,180,227,IMG20260826125224.jpg,IMG20260826125743.jpg,47,96,45,0.46875,1,0,aliked_lightglue
203-204,203,204,180,228,IMG20260826125224.jpg,IMG20260826125746.jpg,48,63,37,0.5873015873015873,1,0,aliked_lightglue
203-204,203,204,180,229,IMG20260826125224.jpg,IMG20260826125749.jpg,49,164,88,0.5365853658536586,1,0,aliked_lightglue
203-204,203,204,180,230,IMG20260826125224.jpg,IMG20260826125845.jpg,50,165,77,0.4666666666666667,1,0,aliked_lightglue
203-204,203,204,180,231,IMG20260826125224.jpg,IMG20260826125849.jpg,51,284,135,0.4753521126760563,1,0,aliked_lightglue
203-204,203,204,180,232,IMG20260826125224.jpg,IMG20260826125852.jpg,52,578,254,0.43944636678200694,1,0,aliked_lightglue
203-204,203,204,180,233,IMG20260826125224.jpg,IMG20260826125854.jpg,53,992,493,0.4969758064516129,1,0,aliked_lightglue
203-204,203,204,180,234,IMG20260826125224.jpg,IMG20260826125857.jpg,54,835,474,0.5676646706586826,1,0,aliked_lightglue
203-204,203,204,180,235,IMG20260826125224.jpg,IMG20260826125901.jpg,55,376,189,0.5026595744680851,1,0,aliked_lightglue
203-204,203,204,180,236,IMG20260826125224.jpg,IMG20260826125910.jpg,56,231,85,0.36796536796536794,1,0,aliked_lightglue
203-204,203,204,180,237,IMG20260826125224.jpg,IMG20260826125914.jpg,57,138,52,0.37681159420289856,1,0,aliked_lightglue
203-204,203,204,180,238,IMG20260826125224.jpg,IMG20260826125922.jpg,58,76,35,0.4605263157894737,1,0,aliked_lightglue
203-204,203,204,180,239,IMG20260826125224.jpg,IMG20260826125925.jpg,59,111,48,0.43243243243243246,1,0,aliked_lightglue
203-204,203,204,180,240,IMG20260826125224.jpg,IMG20260826125930.jpg,60,120,58,0.48333333333333334,1,0,aliked_lightglue
203-204,203,204,180,241,IMG20260826125224.jpg,IMG20260826125936.jpg,61,286,108,0.3776223776223776,1,0,aliked_lightglue
203-204,203,204,180,242,IMG20260826125224.jpg,IMG20260826125940.jpg,62,548,310,0.5656934306569343,1,0,aliked_lightglue
203-204,203,204,180,243,IMG20260826125224.jpg,IMG20260826125942.jpg,63,665,385,0.5789473684210527,1,0,aliked_lightglue
203-204,203,204,181,222,IMG20260826125228.jpg,IMG20260826125653.jpg,41,25,0,0.0,0,0,aliked_lightglue
203-204,203,204,181,223,IMG20260826125228.jpg,IMG20260826125657.jpg,42,71,31,0.43661971830985913,1,0,aliked_lightglue
203-204,203,204,181,224,IMG20260826125228.jpg,IMG20260826125737.jpg,43,37,16,0.43243243243243246,1,0,aliked_lightglue
203-204,203,204,181,225,IMG20260826125228.jpg,IMG20260826125739.jpg,44,48,23,0.4791666666666667,1,0,aliked_lightglue
203-204,203,204,181,226,IMG20260826125228.jpg,IMG20260826125741.jpg,45,31,18,0.5806451612903226,1,0,aliked_lightglue
203-204,203,204,181,227,IMG20260826125228.jpg,IMG20260826125743.jpg,46,45,26,0.5777777777777777,1,0,aliked_lightglue
203-204,203,204,181,228,IMG20260826125228.jpg,IMG20260826125746.jpg,47,37,20,0.5405405405405406,1,0,aliked_lightglue
203-204,203,204,181,229,IMG20260826125228.jpg,IMG20260826125749.jpg,48,63,30,0.47619047619047616,1,0,aliked_lightglue
203-204,203,204,181,230,IMG20260826125228.jpg,IMG20260826125845.jpg,49,192,93,0.484375,1,0,aliked_lightglue
203-204,203,204,181,231,IMG20260826125228.jpg,IMG20260826125849.jpg,50,333,134,0.4024024024024024,1,0,aliked_lightglue
203-204,203,204,181,232,IMG20260826125228.jpg,IMG20260826125852.jpg,51,436,215,0.49311926605504586,1,0,aliked_lightglue
203-204,203,204,181,233,IMG20260826125228.jpg,IMG20260826125854.jpg,52,1053,499,0.47388414055080724,1,0,aliked_lightglue
203-204,203,204,181,234,IMG20260826125228.jpg,IMG20260826125857.jpg,53,913,473,0.5180722891566265,1,0,aliked_lightglue
203-204,203,204,181,235,IMG20260826125228.jpg,IMG20260826125901.jpg,54,692,418,0.6040462427745664,1,0,aliked_lightglue
203-204,203,204,181,236,IMG20260826125228.jpg,IMG20260826125910.jpg,55,228,91,0.3991228070175439,1,0,aliked_lightglue
203-204,203,204,181,237,IMG20260826125228.jpg,IMG20260826125914.jpg,56,189,73,0.3862433862433862,1,0,aliked_lightglue
203-204,203,204,181,238,IMG20260826125228.jpg,IMG20260826125922.jpg,57,179,72,0.4022346368715084,1,0,aliked_lightglue
203-204,203,204,181,239,IMG20260826125228.jpg,IMG20260826125925.jpg,58,158,63,0.3987341772151899,1,0,aliked_lightglue
203-204,203,204,181,240,IMG20260826125228.jpg,IMG20260826125930.jpg,59,256,109,0.42578125,1,0,aliked_lightglue
203-204,203,204,181,241,IMG20260826125228.jpg,IMG20260826125936.jpg,60,151,56,0.3708609271523179,1,0,aliked_lightglue
203-204,203,204,181,242,IMG20260826125228.jpg,IMG20260826125940.jpg,61,236,107,0.4533898305084746,1,0,aliked_lightglue
203-204,203,204,181,243,IMG20260826125228.jpg,IMG20260826125942.jpg,62,459,239,0.5206971677559913,1,0,aliked_lightglue
203-204,203,204,182,223,IMG20260826125230.jpg,IMG20260826125657.jpg,41,69,30,0.43478260869565216,1,0,aliked_lightglue
203-204,203,204,182,224,IMG20260826125230.jpg,IMG20260826125737.jpg,42,108,36,0.3333333333333333,1,0,aliked_lightglue
203-204,203,204,182,225,IMG20260826125230.jpg,IMG20260826125739.jpg,43,68,27,0.39705882352941174,1,0,aliked_lightglue
203-204,203,204,182,226,IMG20260826125230.jpg,IMG20260826125741.jpg,44,52,22,0.4230769230769231,1,0,aliked_lightglue
203-204,203,204,182,227,IMG20260826125230.jpg,IMG20260826125743.jpg,45,57,30,0.5263157894736842,1,0,aliked_lightglue
203-204,203,204,182,228,IMG20260826125230.jpg,IMG20260826125746.jpg,46,128,61,0.4765625,1,0,aliked_lightglue
203-204,203,204,182,229,IMG20260826125230.jpg,IMG20260826125749.jpg,47,84,37,0.44047619047619047,1,0,aliked_lightglue
203-204,203,204,182,230,IMG20260826125230.jpg,IMG20260826125845.jpg,48,61,28,0.45901639344262296,1,0,aliked_lightglue
203-204,203,204,182,231,IMG20260826125230.jpg,IMG20260826125849.jpg,49,98,45,0.45918367346938777,1,0,aliked_lightglue
203-204,203,204,182,232,IMG20260826125230.jpg,IMG20260826125852.jpg,50,222,103,0.46396396396396394,1,0,aliked_lightglue
203-204,203,204,182,233,IMG20260826125230.jpg,IMG20260826125854.jpg,51,457,227,0.49671772428884026,1,0,aliked_lightglue
203-204,203,204,182,234,IMG20260826125230.jpg,IMG20260826125857.jpg,52,796,413,0.5188442211055276,1,0,aliked_lightglue
203-204,203,204,182,235,IMG20260826125230.jpg,IMG20260826125901.jpg,53,1114,491,0.440754039497307,1,0,aliked_lightglue
203-204,203,204,182,236,IMG20260826125230.jpg,IMG20260826125910.jpg,54,237,75,0.31645569620253167,1,0,aliked_lightglue
203-204,203,204,182,237,IMG20260826125230.jpg,IMG20260826125914.jpg,55,127,48,0.3779527559055118,1,0,aliked_lightglue
203-204,203,204,182,238,IMG20260826125230.jpg,IMG20260826125922.jpg,56,200,100,0.5,1,0,aliked_lightglue
203-204,203,204,182,239,IMG20260826125230.jpg,IMG20260826125925.jpg,57,134,54,0.40298507462686567,1,0,aliked_lightglue
203-204,203,204,182,240,IMG20260826125230.jpg,IMG20260826125930.jpg,58,169,65,0.38461538461538464,1,0,aliked_lightglue
203-204,203,204,182,241,IMG20260826125230.jpg,IMG20260826125936.jpg,59,243,89,0.3662551440329218,1,0,aliked_lightglue
203-204,203,204,182,242,IMG20260826125230.jpg,IMG20260826125940.jpg,60,178,64,0.3595505617977528,1,0,aliked_lightglue
203-204,203,204,182,243,IMG20260826125230.jpg,IMG20260826125942.jpg,61,360,151,0.41944444444444445,1,0,aliked_lightglue
203-204,203,204,183,224,IMG20260826125234.jpg,IMG20260826125737.jpg,41,85,26,0.3058823529411765,1,0,aliked_lightglue
203-204,203,204,183,225,IMG20260826125234.jpg,IMG20260826125739.jpg,42,77,39,0.5064935064935064,1,0,aliked_lightglue
203-204,203,204,183,226,IMG20260826125234.jpg,IMG20260826125741.jpg,43,69,28,0.4057971014492754,1,0,aliked_lightglue
203-204,203,204,183,227,IMG20260826125234.jpg,IMG20260826125743.jpg,44,35,18,0.5142857142857142,1,0,aliked_lightglue
203-204,203,204,183,228,IMG20260826125234.jpg,IMG20260826125746.jpg,45,18,0,0.0,0,0,aliked_lightglue
203-204,203,204,183,229,IMG20260826125234.jpg,IMG20260826125749.jpg,46,35,16,0.45714285714285713,1,0,aliked_lightglue
203-204,203,204,183,230,IMG20260826125234.jpg,IMG20260826125845.jpg,47,42,21,0.5,1,0,aliked_lightglue
203-204,203,204,183,231,IMG20260826125234.jpg,IMG20260826125849.jpg,48,234,91,0.3888888888888889,1,0,aliked_lightglue
203-204,203,204,183,232,IMG20260826125234.jpg,IMG20260826125852.jpg,49,314,138,0.4394904458598726,1,0,aliked_lightglue
203-204,203,204,183,233,IMG20260826125234.jpg,IMG20260826125854.jpg,50,304,124,0.40789473684210525,1,0,aliked_lightglue
203-204,203,204,183,234,IMG20260826125234.jpg,IMG20260826125857.jpg,51,268,96,0.3582089552238806,1,0,aliked_lightglue
203-204,203,204,183,235,IMG20260826125234.jpg,IMG20260826125901.jpg,52,241,124,0.5145228215767634,1,0,aliked_lightglue
203-204,203,204,183,236,IMG20260826125234.jpg,IMG20260826125910.jpg,53,1040,467,0.44903846153846155,1,0,aliked_lightglue
203-204,203,204,183,237,IMG20260826125234.jpg,IMG20260826125914.jpg,54,507,193,0.3806706114398422,1,0,aliked_lightglue
203-204,203,204,183,238,IMG20260826125234.jpg,IMG20260826125922.jpg,55,260,108,0.4153846153846154,1,0,aliked_lightglue
203-204,203,204,183,239,IMG20260826125234.jpg,IMG20260826125925.jpg,56,220,116,0.5272727272727272,1,0,aliked_lightglue
203-204,203,204,183,240,IMG20260826125234.jpg,IMG20260826125930.jpg,57,277,141,0.5090252707581228,1,0,aliked_lightglue
203-204,203,204,183,241,IMG20260826125234.jpg,IMG20260826125936.jpg,58,161,71,0.4409937888198758,1,0,aliked_lightglue
203-204,203,204,183,242,IMG20260826125234.jpg,IMG20260826125940.jpg,59,162,69,0.42592592592592593,1,0,aliked_lightglue
203-204,203,204,183,243,IMG20260826125234.jpg,IMG20260826125942.jpg,60,194,68,0.35051546391752575,1,0,aliked_lightglue
203-204,203,204,184,225,IMG20260826125237.jpg,IMG20260826125739.jpg,41,77,29,0.37662337662337664,1,0,aliked_lightglue
203-204,203,204,184,226,IMG20260826125237.jpg,IMG20260826125741.jpg,42,74,36,0.4864864864864865,1,0,aliked_lightglue
203-204,203,204,184,227,IMG20260826125237.jpg,IMG20260826125743.jpg,43,0,0,0.0,0,0,aliked_lightglue
203-204,203,204,184,228,IMG20260826125237.jpg,IMG20260826125746.jpg,44,60,27,0.45,1,0,aliked_lightglue
203-204,203,204,184,229,IMG20260826125237.jpg,IMG20260826125749.jpg,45,39,20,0.5128205128205128,1,0,aliked_lightglue
203-204,203,204,184,230,IMG20260826125237.jpg,IMG20260826125845.jpg,46,39,20,0.5128205128205128,1,0,aliked_lightglue
203-204,203,204,184,231,IMG20260826125237.jpg,IMG20260826125849.jpg,47,137,58,0.4233576642335766,1,0,aliked_lightglue
203-204,203,204,184,232,IMG20260826125237.jpg,IMG20260826125852.jpg,48,264,115,0.4356060606060606,1,0,aliked_lightglue
203-204,203,204,184,233,IMG20260826125237.jpg,IMG20260826125854.jpg,49,330,104,0.3151515151515151,1,0,aliked_lightglue
203-204,203,204,184,234,IMG20260826125237.jpg,IMG20260826125857.jpg,50,157,52,0.33121019108280253,1,0,aliked_lightglue
203-204,203,204,184,235,IMG20260826125237.jpg,IMG20260826125901.jpg,51,213,88,0.4131455399061033,1,0,aliked_lightglue
203-204,203,204,184,236,IMG20260826125237.jpg,IMG20260826125910.jpg,52,1251,867,0.6930455635491607,1,1,aliked_lightglue
203-204,203,204,184,237,IMG20260826125237.jpg,IMG20260826125914.jpg,53,849,378,0.4452296819787986,1,0,aliked_lightglue
203-204,203,204,184,238,IMG20260826125237.jpg,IMG20260826125922.jpg,54,345,122,0.3536231884057971,1,0,aliked_lightglue
203-204,203,204,184,239,IMG20260826125237.jpg,IMG20260826125925.jpg,55,174,59,0.3390804597701149,1,0,aliked_lightglue
203-204,203,204,184,240,IMG20260826125237.jpg,IMG20260826125930.jpg,56,356,168,0.47191011235955055,1,0,aliked_lightglue
203-204,203,204,184,241,IMG20260826125237.jpg,IMG20260826125936.jpg,57,196,90,0.45918367346938777,1,0,aliked_lightglue
203-204,203,204,184,242,IMG20260826125237.jpg,IMG20260826125940.jpg,58,181,81,0.44751381215469616,1,0,aliked_lightglue
203-204,203,204,184,243,IMG20260826125237.jpg,IMG20260826125942.jpg,59,239,90,0.37656903765690375,1,0,aliked_lightglue
203-204,203,204,185,226,IMG20260826125241.jpg,IMG20260826125741.jpg,41,440,205,0.4659090909090909,1,0,aliked_lightglue
203-204,203,204,185,227,IMG20260826125241.jpg,IMG20260826125743.jpg,42,290,130,0.4482758620689655,1,0,aliked_lightglue
203-204,203,204,185,228,IMG20260826125241.jpg,IMG20260826125746.jpg,43,176,65,0.3693181818181818,1,0,aliked_lightglue
203-204,203,204,185,229,IMG20260826125241.jpg,IMG20260826125749.jpg,44,74,30,0.40540540540540543,1,0,aliked_lightglue
203-204,203,204,185,230,IMG20260826125241.jpg,IMG20260826125845.jpg,45,187,79,0.42245989304812837,1,0,aliked_lightglue
203-204,203,204,185,231,IMG20260826125241.jpg,IMG20260826125849.jpg,46,401,216,0.5386533665835411,1,0,aliked_lightglue
203-204,203,204,185,232,IMG20260826125241.jpg,IMG20260826125852.jpg,47,214,90,0.4205607476635514,1,0,aliked_lightglue
203-204,203,204,185,233,IMG20260826125241.jpg,IMG20260826125854.jpg,48,143,53,0.3706293706293706,1,0,aliked_lightglue
203-204,203,204,185,234,IMG20260826125241.jpg,IMG20260826125857.jpg,49,165,77,0.4666666666666667,1,0,aliked_lightglue
203-204,203,204,185,235,IMG20260826125241.jpg,IMG20260826125901.jpg,50,181,87,0.48066298342541436,1,0,aliked_lightglue
203-204,203,204,185,236,IMG20260826125241.jpg,IMG20260826125910.jpg,51,1235,613,0.49635627530364373,1,0,aliked_lightglue
203-204,203,204,185,237,IMG20260826125241.jpg,IMG20260826125914.jpg,52,1286,789,0.6135303265940902,1,0,aliked_lightglue
203-204,203,204,185,238,IMG20260826125241.jpg,IMG20260826125922.jpg,53,576,270,0.46875,1,0,aliked_lightglue
203-204,203,204,185,239,IMG20260826125241.jpg,IMG20260826125925.jpg,54,400,192,0.48,1,0,aliked_lightglue
203-204,203,204,185,240,IMG20260826125241.jpg,IMG20260826125930.jpg,55,381,200,0.5249343832020997,1,0,aliked_lightglue
203-204,203,204,185,241,IMG20260826125241.jpg,IMG20260826125936.jpg,56,304,175,0.5756578947368421,1,0,aliked_lightglue
203-204,203,204,185,242,IMG20260826125241.jpg,IMG20260826125940.jpg,57,366,168,0.45901639344262296,1,0,aliked_lightglue
203-204,203,204,185,243,IMG20260826125241.jpg,IMG20260826125942.jpg,58,299,109,0.36454849498327757,1,0,aliked_lightglue
203-204,203,204,186,227,IMG20260826125244.jpg,IMG20260826125743.jpg,41,192,90,0.46875,1,0,aliked_lightglue
203-204,203,204,186,228,IMG20260826125244.jpg,IMG20260826125746.jpg,42,24,16,0.6666666666666666,1,0,aliked_lightglue
203-204,203,204,186,229,IMG20260826125244.jpg,IMG20260826125749.jpg,43,45,22,0.4888888888888889,1,0,aliked_lightglue
203-204,203,204,186,230,IMG20260826125244.jpg,IMG20260826125845.jpg,44,68,24,0.35294117647058826,1,0,aliked_lightglue
203-204,203,204,186,231,IMG20260826125244.jpg,IMG20260826125849.jpg,45,320,150,0.46875,1,0,aliked_lightglue
203-204,203,204,186,232,IMG20260826125244.jpg,IMG20260826125852.jpg,46,250,115,0.46,1,0,aliked_lightglue
203-204,203,204,186,233,IMG20260826125244.jpg,IMG20260826125854.jpg,47,165,72,0.43636363636363634,1,0,aliked_lightglue
203-204,203,204,186,234,IMG20260826125244.jpg,IMG20260826125857.jpg,48,152,72,0.47368421052631576,1,0,aliked_lightglue
203-204,203,204,186,235,IMG20260826125244.jpg,IMG20260826125901.jpg,49,118,50,0.423728813559322,1,0,aliked_lightglue
203-204,203,204,186,236,IMG20260826125244.jpg,IMG20260826125910.jpg,50,1080,405,0.375,1,0,aliked_lightglue
203-204,203,204,186,237,IMG20260826125244.jpg,IMG20260826125914.jpg,51,1076,588,0.5464684014869888,1,0,aliked_lightglue
203-204,203,204,186,238,IMG20260826125244.jpg,IMG20260826125922.jpg,52,836,398,0.47607655502392343,1,0,aliked_lightglue
203-204,203,204,186,239,IMG20260826125244.jpg,IMG20260826125925.jpg,53,671,319,0.47540983606557374,1,0,aliked_lightglue
203-204,203,204,186,240,IMG20260826125244.jpg,IMG20260826125930.jpg,54,325,172,0.5292307692307693,1,0,aliked_lightglue
203-204,203,204,186,241,IMG20260826125244.jpg,IMG20260826125936.jpg,55,349,164,0.4699140401146132,1,0,aliked_lightglue
203-204,203,204,186,242,IMG20260826125244.jpg,IMG20260826125940.jpg,56,409,210,0.5134474327628362,1,0,aliked_lightglue
203-204,203,204,186,243,IMG20260826125244.jpg,IMG20260826125942.jpg,57,257,108,0.42023346303501946,1,0,aliked_lightglue
203-204,203,204,187,228,IMG20260826125246.jpg,IMG20260826125746.jpg,41,468,241,0.5149572649572649,1,0,aliked_lightglue
203-204,203,204,187,229,IMG20260826125246.jpg,IMG20260826125749.jpg,42,185,82,0.44324324324324327,1,0,aliked_lightglue
203-204,203,204,187,230,IMG20260826125246.jpg,IMG20260826125845.jpg,43,151,77,0.5099337748344371,1,0,aliked_lightglue
203-204,203,204,187,231,IMG20260826125246.jpg,IMG20260826125849.jpg,44,215,101,0.4697674418604651,1,0,aliked_lightglue
203-204,203,204,187,232,IMG20260826125246.jpg,IMG20260826125852.jpg,45,246,129,0.524390243902439,1,0,aliked_lightglue
203-204,203,204,187,233,IMG20260826125246.jpg,IMG20260826125854.jpg,46,212,103,0.4858490566037736,1,0,aliked_lightglue
203-204,203,204,187,234,IMG20260826125246.jpg,IMG20260826125857.jpg,47,203,97,0.47783251231527096,1,0,aliked_lightglue
203-204,203,204,187,235,IMG20260826125246.jpg,IMG20260826125901.jpg,48,122,42,0.3442622950819672,1,0,aliked_lightglue
203-204,203,204,187,236,IMG20260826125246.jpg,IMG20260826125910.jpg,49,506,197,0.3893280632411067,1,0,aliked_lightglue
203-204,203,204,187,237,IMG20260826125246.jpg,IMG20260826125914.jpg,50,765,284,0.3712418300653595,1,0,aliked_lightglue
203-204,203,204,187,238,IMG20260826125246.jpg,IMG20260826125922.jpg,51,1409,836,0.5933286018452804,1,0,aliked_lightglue
203-204,203,204,187,239,IMG20260826125246.jpg,IMG20260826125925.jpg,52,943,388,0.41145281018027574,1,0,aliked_lightglue
203-204,203,204,187,240,IMG20260826125246.jpg,IMG20260826125930.jpg,53,425,142,0.3341176470588235,1,0,aliked_lightglue
203-204,203,204,187,241,IMG20260826125246.jpg,IMG20260826125936.jpg,54,276,120,0.43478260869565216,1,0,aliked_lightglue
203-204,203,204,187,242,IMG20260826125246.jpg,IMG20260826125940.jpg,55,297,138,0.46464646464646464,1,0,aliked_lightglue
203-204,203,204,187,243,IMG20260826125246.jpg,IMG20260826125942.jpg,56,313,160,0.5111821086261981,1,0,aliked_lightglue
203-204,203,204,188,229,IMG20260826125249.jpg,IMG20260826125749.jpg,41,118,57,0.4830508474576271,1,0,aliked_lightglue
203-204,203,204,188,230,IMG20260826125249.jpg,IMG20260826125845.jpg,42,247,117,0.47368421052631576,1,0,aliked_lightglue
203-204,203,204,188,231,IMG20260826125249.jpg,IMG20260826125849.jpg,43,118,53,0.4491525423728814,1,0,aliked_lightglue
203-204,203,204,188,232,IMG20260826125249.jpg,IMG20260826125852.jpg,44,210,91,0.43333333333333335,1,0,aliked_lightglue
203-204,203,204,188,233,IMG20260826125249.jpg,IMG20260826125854.jpg,45,65,31,0.47692307692307695,1,0,aliked_lightglue
203-204,203,204,188,234,IMG20260826125249.jpg,IMG20260826125857.jpg,46,130,60,0.46153846153846156,1,0,aliked_lightglue
203-204,203,204,188,235,IMG20260826125249.jpg,IMG20260826125901.jpg,47,170,84,0.49411764705882355,1,0,aliked_lightglue
203-204,203,204,188,236,IMG20260826125249.jpg,IMG20260826125910.jpg,48,318,125,0.39308176100628933,1,0,aliked_lightglue
203-204,203,204,188,237,IMG20260826125249.jpg,IMG20260826125914.jpg,49,535,278,0.5196261682242991,1,0,aliked_lightglue
203-204,203,204,188,238,IMG20260826125249.jpg,IMG20260826125922.jpg,50,1606,1129,0.702988792029888,1,1,aliked_lightglue
203-204,203,204,188,239,IMG20260826125249.jpg,IMG20260826125925.jpg,51,1405,880,0.6263345195729537,1,1,aliked_lightglue
203-204,203,204,188,240,IMG20260826125249.jpg,IMG20260826125930.jpg,52,808,413,0.5111386138613861,1,0,aliked_lightglue
203-204,203,204,188,241,IMG20260826125249.jpg,IMG20260826125936.jpg,53,166,71,0.42771084337349397,1,0,aliked_lightglue
203-204,203,204,188,242,IMG20260826125249.jpg,IMG20260826125940.jpg,54,174,85,0.4885057471264368,1,0,aliked_lightglue
203-204,203,204,188,243,IMG20260826125249.jpg,IMG20260826125942.jpg,55,266,127,0.4774436090225564,1,0,aliked_lightglue
203-204,203,204,189,230,IMG20260826125253.jpg,IMG20260826125845.jpg,41,325,142,0.4369230769230769,1,0,aliked_lightglue
203-204,203,204,189,231,IMG20260826125253.jpg,IMG20260826125849.jpg,42,246,117,0.47560975609756095,1,0,aliked_lightglue
203-204,203,204,189,232,IMG20260826125253.jpg,IMG20260826125852.jpg,43,204,80,0.39215686274509803,1,0,aliked_lightglue
203-204,203,204,189,233,IMG20260826125253.jpg,IMG20260826125854.jpg,44,95,35,0.3684210526315789,1,0,aliked_lightglue
203-204,203,204,189,234,IMG20260826125253.jpg,IMG20260826125857.jpg,45,68,31,0.45588235294117646,1,0,aliked_lightglue
203-204,203,204,189,235,IMG20260826125253.jpg,IMG20260826125901.jpg,46,115,43,0.3739130434782609,1,0,aliked_lightglue
203-204,203,204,189,236,IMG20260826125253.jpg,IMG20260826125910.jpg,47,52,34,0.6538461538461539,1,0,aliked_lightglue
203-204,203,204,189,237,IMG20260826125253.jpg,IMG20260826125914.jpg,48,159,71,0.44654088050314467,1,0,aliked_lightglue
203-204,203,204,189,238,IMG20260826125253.jpg,IMG20260826125922.jpg,49,1139,629,0.5522388059701493,1,0,aliked_lightglue
203-204,203,204,189,239,IMG20260826125253.jpg,IMG20260826125925.jpg,50,1470,1013,0.6891156462585034,1,1,aliked_lightglue
203-204,203,204,189,240,IMG20260826125253.jpg,IMG20260826125930.jpg,51,980,502,0.5122448979591837,1,0,aliked_lightglue
203-204,203,204,189,241,IMG20260826125253.jpg,IMG20260826125936.jpg,52,345,131,0.37971014492753624,1,0,aliked_lightglue
203-204,203,204,189,242,IMG20260826125253.jpg,IMG20260826125940.jpg,53,111,53,0.4774774774774775,1,0,aliked_lightglue
203-204,203,204,189,243,IMG20260826125253.jpg,IMG20260826125942.jpg,54,438,177,0.4041095890410959,1,0,aliked_lightglue
203-204,203,204,190,231,IMG20260826125257.jpg,IMG20260826125849.jpg,41,341,149,0.436950146627566,1,0,aliked_lightglue
203-204,203,204,190,232,IMG20260826125257.jpg,IMG20260826125852.jpg,42,202,93,0.4603960396039604,1,0,aliked_lightglue
203-204,203,204,190,233,IMG20260826125257.jpg,IMG20260826125854.jpg,43,121,45,0.371900826446281,1,0,aliked_lightglue
203-204,203,204,190,234,IMG20260826125257.jpg,IMG20260826125857.jpg,44,91,48,0.5274725274725275,1,0,aliked_lightglue
203-204,203,204,190,235,IMG20260826125257.jpg,IMG20260826125901.jpg,45,81,33,0.4074074074074074,1,0,aliked_lightglue
203-204,203,204,190,236,IMG20260826125257.jpg,IMG20260826125910.jpg,46,65,31,0.47692307692307695,1,0,aliked_lightglue
203-204,203,204,190,237,IMG20260826125257.jpg,IMG20260826125914.jpg,47,98,43,0.4387755102040816,1,0,aliked_lightglue
203-204,203,204,190,238,IMG20260826125257.jpg,IMG20260826125922.jpg,48,952,387,0.4065126050420168,1,0,aliked_lightglue
203-204,203,204,190,239,IMG20260826125257.jpg,IMG20260826125925.jpg,49,1099,502,0.456778889899909,1,0,aliked_lightglue
203-204,203,204,190,240,IMG20260826125257.jpg,IMG20260826125930.jpg,50,1241,813,0.6551168412570507,1,0,aliked_lightglue
203-204,203,204,190,241,IMG20260826125257.jpg,IMG20260826125936.jpg,51,548,236,0.4306569343065693,1,0,aliked_lightglue
203-204,203,204,190,242,IMG20260826125257.jpg,IMG20260826125940.jpg,52,287,115,0.40069686411149824,1,0,aliked_lightglue
203-204,203,204,190,243,IMG20260826125257.jpg,IMG20260826125942.jpg,53,141,60,0.425531914893617,1,0,aliked_lightglue
203-204,203,204,191,232,IMG20260826125302.jpg,IMG20260826125852.jpg,41,407,214,0.5257985257985258,1,0,aliked_lightglue
203-204,203,204,191,233,IMG20260826125302.jpg,IMG20260826125854.jpg,42,342,165,0.4824561403508772,1,0,aliked_lightglue
203-204,203,204,191,234,IMG20260826125302.jpg,IMG20260826125857.jpg,43,184,91,0.4945652173913043,1,0,aliked_lightglue
203-204,203,204,191,235,IMG20260826125302.jpg,IMG20260826125901.jpg,44,177,78,0.4406779661016949,1,0,aliked_lightglue
203-204,203,204,191,236,IMG20260826125302.jpg,IMG20260826125910.jpg,45,132,51,0.38636363636363635,1,0,aliked_lightglue
203-204,203,204,191,237,IMG20260826125302.jpg,IMG20260826125914.jpg,46,190,88,0.4631578947368421,1,0,aliked_lightglue
203-204,203,204,191,238,IMG20260826125302.jpg,IMG20260826125922.jpg,47,407,180,0.44226044226044225,1,0,aliked_lightglue
203-204,203,204,191,239,IMG20260826125302.jpg,IMG20260826125925.jpg,48,441,174,0.3945578231292517,1,0,aliked_lightglue
203-204,203,204,191,240,IMG20260826125302.jpg,IMG20260826125930.jpg,49,1126,506,0.4493783303730018,1,0,aliked_lightglue
203-204,203,204,191,241,IMG20260826125302.jpg,IMG20260826125936.jpg,50,1650,1124,0.6812121212121212,1,1,aliked_lightglue
203-204,203,204,191,242,IMG20260826125302.jpg,IMG20260826125940.jpg,51,1421,747,0.525686136523575,1,0,aliked_lightglue
203-204,203,204,191,243,IMG20260826125302.jpg,IMG20260826125942.jpg,52,582,255,0.4381443298969072,1,0,aliked_lightglue
203-204,203,204,192,233,IMG20260826125400.jpg,IMG20260826125854.jpg,41,544,287,0.5275735294117647,1,0,aliked_lightglue
203-204,203,204,192,234,IMG20260826125400.jpg,IMG20260826125857.jpg,42,435,240,0.5517241379310345,1,0,aliked_lightglue
203-204,203,204,192,235,IMG20260826125400.jpg,IMG20260826125901.jpg,43,378,206,0.544973544973545,1,0,aliked_lightglue
203-204,203,204,192,236,IMG20260826125400.jpg,IMG20260826125910.jpg,44,96,50,0.5208333333333334,1,0,aliked_lightglue
203-204,203,204,192,237,IMG20260826125400.jpg,IMG20260826125914.jpg,45,79,39,0.4936708860759494,1,0,aliked_lightglue
203-204,203,204,192,238,IMG20260826125400.jpg,IMG20260826125922.jpg,46,265,118,0.44528301886792454,1,0,aliked_lightglue
203-204,203,204,192,239,IMG20260826125400.jpg,IMG20260826125925.jpg,47,278,113,0.4064748201438849,1,0,aliked_lightglue
203-204,203,204,192,240,IMG20260826125400.jpg,IMG20260826125930.jpg,48,537,209,0.3891992551210428,1,0,aliked_lightglue
203-204,203,204,192,241,IMG20260826125400.jpg,IMG20260826125936.jpg,49,909,335,0.36853685368536854,1,0,aliked_lightglue
203-204,203,204,192,242,IMG20260826125400.jpg,IMG20260826125940.jpg,50,1275,654,0.5129411764705882,1,0,aliked_lightglue
203-204,203,204,192,243,IMG20260826125400.jpg,IMG20260826125942.jpg,51,1274,840,0.6593406593406593,1,0,aliked_lightglue
203-204,203,204,193,234,IMG20260826125402.jpg,IMG20260826125857.jpg,41,394,224,0.5685279187817259,1,0,aliked_lightglue
203-204,203,204,193,235,IMG20260826125402.jpg,IMG20260826125901.jpg,42,663,350,0.5279034690799397,1,0,aliked_lightglue
203-204,203,204,193,236,IMG20260826125402.jpg,IMG20260826125910.jpg,43,169,92,0.5443786982248521,1,0,aliked_lightglue
203-204,203,204,193,237,IMG20260826125402.jpg,IMG20260826125914.jpg,44,108,44,0.4074074074074074,1,0,aliked_lightglue
203-204,203,204,193,238,IMG20260826125402.jpg,IMG20260826125922.jpg,45,284,130,0.45774647887323944,1,0,aliked_lightglue
203-204,203,204,193,239,IMG20260826125402.jpg,IMG20260826125925.jpg,46,322,151,0.468944099378882,1,0,aliked_lightglue
203-204,203,204,193,240,IMG20260826125402.jpg,IMG20260826125930.jpg,47,323,145,0.44891640866873067,1,0,aliked_lightglue
203-204,203,204,193,241,IMG20260826125402.jpg,IMG20260826125936.jpg,48,736,297,0.40353260869565216,1,0,aliked_lightglue
203-204,203,204,193,242,IMG20260826125402.jpg,IMG20260826125940.jpg,49,923,397,0.4301191765980498,1,0,aliked_lightglue
203-204,203,204,193,243,IMG20260826125402.jpg,IMG20260826125942.jpg,50,1496,893,0.5969251336898396,1,1,aliked_lightglue
203-204,203,204,194,235,IMG20260826125404.jpg,IMG20260826125901.jpg,41,541,283,0.5231053604436229,1,0,aliked_lightglue
203-204,203,204,194,236,IMG20260826125404.jpg,IMG20260826125910.jpg,42,202,115,0.5693069306930693,1,0,aliked_lightglue
203-204,203,204,194,237,IMG20260826125404.jpg,IMG20260826125914.jpg,43,141,48,0.3404255319148936,1,0,aliked_lightglue
203-204,203,204,194,238,IMG20260826125404.jpg,IMG20260826125922.jpg,44,307,135,0.43973941368078173,1,0,aliked_lightglue
203-204,203,204,194,239,IMG20260826125404.jpg,IMG20260826125925.jpg,45,394,192,0.4873096446700508,1,0,aliked_lightglue
203-204,203,204,194,240,IMG20260826125404.jpg,IMG20260826125930.jpg,46,316,151,0.4778481012658228,1,0,aliked_lightglue
203-204,203,204,194,241,IMG20260826125404.jpg,IMG20260826125936.jpg,47,369,156,0.42276422764227645,1,0,aliked_lightglue
203-204,203,204,194,242,IMG20260826125404.jpg,IMG20260826125940.jpg,48,583,275,0.4716981132075472,1,0,aliked_lightglue
203-204,203,204,194,243,IMG20260826125404.jpg,IMG20260826125942.jpg,49,1009,500,0.49554013875123887,1,0,aliked_lightglue
203-204,203,204,195,236,IMG20260826125409.jpg,IMG20260826125910.jpg,41,142,71,0.5,1,0,aliked_lightglue
203-204,203,204,195,237,IMG20260826125409.jpg,IMG20260826125914.jpg,42,212,87,0.41037735849056606,1,0,aliked_lightglue
203-204,203,204,195,238,IMG20260826125409.jpg,IMG20260826125922.jpg,43,455,251,0.5516483516483517,1,0,aliked_lightglue
203-204,203,204,195,239,IMG20260826125409.jpg,IMG20260826125925.jpg,44,289,152,0.5259515570934256,1,0,aliked_lightglue
203-204,203,204,195,240,IMG20260826125409.jpg,IMG20260826125930.jpg,45,299,154,0.5150501672240803,1,0,aliked_lightglue
203-204,203,204,195,241,IMG20260826125409.jpg,IMG20260826125936.jpg,46,388,171,0.44072164948453607,1,0,aliked_lightglue
203-204,203,204,195,242,IMG20260826125409.jpg,IMG20260826125940.jpg,47,316,131,0.41455696202531644,1,0,aliked_lightglue
203-204,203,204,195,243,IMG20260826125409.jpg,IMG20260826125942.jpg,48,744,340,0.45698924731182794,1,0,aliked_lightglue
203-204,203,204,196,237,IMG20260826125412.jpg,IMG20260826125914.jpg,41,213,85,0.39906103286384975,1,0,aliked_lightglue
203-204,203,204,196,238,IMG20260826125412.jpg,IMG20260826125922.jpg,42,269,138,0.5130111524163569,1,0,aliked_lightglue
203-204,203,204,196,239,IMG20260826125412.jpg,IMG20260826125925.jpg,43,479,228,0.4759916492693111,1,0,aliked_lightglue
203-204,203,204,196,240,IMG20260826125412.jpg,IMG20260826125930.jpg,44,191,78,0.4083769633507853,1,0,aliked_lightglue
203-204,203,204,196,241,IMG20260826125412.jpg,IMG20260826125936.jpg,45,182,83,0.45604395604395603,1,0,aliked_lightglue
203-204,203,204,196,242,IMG20260826125412.jpg,IMG20260826125940.jpg,46,292,138,0.4726027397260274,1,0,aliked_lightglue
203-204,203,204,196,243,IMG20260826125412.jpg,IMG20260826125942.jpg,47,361,170,0.4709141274238227,1,0,aliked_lightglue
203-204,203,204,197,238,IMG20260826125415.jpg,IMG20260826125922.jpg,41,487,210,0.43121149897330596,1,0,aliked_lightglue
203-204,203,204,197,239,IMG20260826125415.jpg,IMG20260826125925.jpg,42,506,242,0.4782608695652174,1,0,aliked_lightglue
203-204,203,204,197,240,IMG20260826125415.jpg,IMG20260826125930.jpg,43,170,79,0.4647058823529412,1,0,aliked_lightglue
203-204,203,204,197,241,IMG20260826125415.jpg,IMG20260826125936.jpg,44,413,174,0.4213075060532688,1,0,aliked_lightglue
203-204,203,204,197,242,IMG20260826125415.jpg,IMG20260826125940.jpg,45,243,116,0.4773662551440329,1,0,aliked_lightglue
203-204,203,204,197,243,IMG20260826125415.jpg,IMG20260826125942.jpg,46,194,79,0.4072164948453608,1,0,aliked_lightglue
203-204,203,204,198,239,IMG20260826125417.jpg,IMG20260826125925.jpg,41,345,166,0.4811594202898551,1,0,aliked_lightglue
203-204,203,204,198,240,IMG20260826125417.jpg,IMG20260826125930.jpg,42,213,89,0.41784037558685444,1,0,aliked_lightglue
203-204,203,204,198,241,IMG20260826125417.jpg,IMG20260826125936.jpg,43,236,128,0.5423728813559322,1,0,aliked_lightglue
203-204,203,204,198,242,IMG20260826125417.jpg,IMG20260826125940.jpg,44,198,78,0.3939393939393939,1,0,aliked_lightglue
203-204,203,204,198,243,IMG20260826125417.jpg,IMG20260826125942.jpg,45,244,91,0.3729508196721312,1,0,aliked_lightglue
203-204,203,204,199,240,IMG20260826125419.jpg,IMG20260826125930.jpg,41,333,156,0.46846846846846846,1,0,aliked_lightglue
203-204,203,204,199,241,IMG20260826125419.jpg,IMG20260826125936.jpg,42,363,154,0.42424242424242425,1,0,aliked_lightglue
203-204,203,204,199,242,IMG20260826125419.jpg,IMG20260826125940.jpg,43,488,217,0.444672131147541,1,0,aliked_lightglue
203-204,203,204,199,243,IMG20260826125419.jpg,IMG20260826125942.jpg,44,426,184,0.431924882629108,1,0,aliked_lightglue
203-204,203,204,200,241,IMG20260826125422.jpg,IMG20260826125936.jpg,41,596,306,0.5134228187919463,1,0,aliked_lightglue
203-204,203,204,200,242,IMG20260826125422.jpg,IMG20260826125940.jpg,42,525,257,0.4895238095238095,1,0,aliked_lightglue
203-204,203,204,200,243,IMG20260826125422.jpg,IMG20260826125942.jpg,43,488,226,0.46311475409836067,1,0,aliked_lightglue
203-204,203,204,201,242,IMG20260826125425.jpg,IMG20260826125940.jpg,41,347,170,0.4899135446685879,1,0,aliked_lightglue
203-204,203,204,201,243,IMG20260826125425.jpg,IMG20260826125942.jpg,42,347,152,0.43804034582132567,1,0,aliked_lightglue
203-204,203,204,202,243,IMG20260826125427.jpg,IMG20260826125942.jpg,41,720,333,0.4625,1,0,aliked_lightglue
