boundary,boundary_left,boundary_right,left_index,right_index,left_filename,right_filename,sequence_gap,raw_matches,verified_inliers,inlier_ratio,qualified,selected
73-74,73,74,34,75,IMG20260826123308.jpg,IMG20260826124018.jpg,41,0,0,0.0,0,0
73-74,73,74,34,76,IMG20260826123308.jpg,IMG20260826124024.jpg,42,0,0,0.0,0,0
73-74,73,74,34,77,IMG20260826123308.jpg,IMG20260826124029.jpg,43,16,0,0.0,0,0
73-74,73,74,34,78,IMG20260826123308.jpg,IMG20260826124032.jpg,44,0,0,0.0,0,0
73-74,73,74,34,79,IMG20260826123308.jpg,IMG20260826124035.jpg,45,0,0,0.0,0,0
73-74,73,74,34,80,IMG20260826123308.jpg,IMG20260826124041.jpg,46,0,0,0.0,0,0
73-74,73,74,34,81,IMG20260826123308.jpg,IMG20260826124044.jpg,47,0,0,0.0,0,0
73-74,73,74,34,82,IMG20260826123308.jpg,IMG20260826124048.jpg,48,0,0,0.0,0,0
73-74,73,74,34,83,IMG20260826123308.jpg,IMG20260826124051.jpg,49,0,0,0.0,0,0
73-74,73,74,34,84,IMG20260826123308.jpg,IMG20260826124054.jpg,50,0,0,0.0,0,0
73-74,73,74,34,85,IMG20260826123308.jpg,IMG20260826124101.jpg,51,16,0,0.0,0,0
73-74,73,74,34,86,IMG20260826123308.jpg,IMG20260826124104.jpg,52,0,0,0.0,0,0
73-74,73,74,34,87,IMG20260826123308.jpg,IMG20260826124110.jpg,53,15,0,0.0,0,0
73-74,73,74,34,88,IMG20260826123308.jpg,IMG20260826124113.jpg,54,0,0,0.0,0,0
73-74,73,74,34,89,IMG20260826123308.jpg,IMG20260826124116.jpg,55,0,0,0.0,0,0
73-74,73,74,34,90,IMG20260826123308.jpg,IMG20260826124123.jpg,56,0,0,0.0,0,0
73-74,73,74,34,91,IMG20260826123308.jpg,IMG20260826124128.jpg,57,0,0,0.0,0,0
73-74,73,74,34,92,IMG20260826123308.jpg,IMG20260826124132.jpg,58,0,0,0.0,0,0
73-74,73,74,34,93,IMG20260826123308.jpg,IMG20260826124140.jpg,59,0,0,0.0,0,0
73-74,73,74,34,94,IMG20260826123308.jpg,IMG20260826124143.jpg,60,0,0,0.0,0,0
73-74,73,74,34,95,IMG20260826123308.jpg,IMG20260826124146.jpg,61,15,0,0.0,0,0
73-74,73,74,34,96,IMG20260826123308.jpg,IMG20260826124148.jpg,62,0,0,0.0,0,0
73-74,73,74,34,97,IMG20260826123308.jpg,IMG20260826124151.jpg,63,0,0,0.0,0,0
73-74,73,74,34,98,IMG20260826123308.jpg,IMG20260826124156.jpg,64,0,0,0.0,0,0
73-74,73,74,34,99,IMG20260826123308.jpg,IMG20260826124159.jpg,65,0,0,0.0,0,0
73-74,73,74,34,100,IMG20260826123308.jpg,IMG20260826124201.jpg,66,0,0,0.0,0,0
73-74,73,74,34,101,IMG20260826123308.jpg,IMG20260826124204.jpg,67,0,0,0.0,0,0
73-74,73,74,34,102,IMG20260826123308.jpg,IMG20260826124210.jpg,68,0,0,0.0,0,0
73-74,73,74,34,103,IMG20260826123308.jpg,IMG20260826124214.jpg,69,0,0,0.0,0,0
73-74,73,74,34,104,IMG20260826123308.jpg,IMG20260826124218.jpg,70,17,0,0.0,0,0
73-74,73,74,34,105,IMG20260826123308.jpg,IMG20260826124234.jpg,71,0,0,0.0,0,0
73-74,73,74,34,106,IMG20260826123308.jpg,IMG20260826124237.jpg,72,0,0,0.0,0,0
73-74,73,74,34,107,IMG20260826123308.jpg,IMG20260826124240.jpg,73,0,0,0.0,0,0
73-74,73,74,34,108,IMG20260826123308.jpg,IMG20260826124243.jpg,74,0,0,0.0,0,0
73-74,73,74,34,109,IMG20260826123308.jpg,IMG20260826124248.jpg,75,0,0,0.0,0,0
73-74,73,74,34,110,IMG20260826123308.jpg,IMG20260826124305.jpg,76,22,0,0.0,0,0
73-74,73,74,34,111,IMG20260826123308.jpg,IMG20260826124308.jpg,77,18,0,0.0,0,0
73-74,73,74,34,112,IMG20260826123308.jpg,IMG20260826124313.jpg,78,23,0,0.0,0,0
73-74,73,74,34,113,IMG20260826123308.jpg,IMG20260826124317.jpg,79,24,0,0.0,0,0
73-74,73,74,35,76,IMG20260826123316.jpg,IMG20260826124024.jpg,41,0,0,0.0,0,0
73-74,73,74,35,77,IMG20260826123316.jpg,IMG20260826124029.jpg,42,0,0,0.0,0,0
73-74,73,74,35,78,IMG20260826123316.jpg,IMG20260826124032.jpg,43,0,0,0.0,0,0
73-74,73,74,35,79,IMG20260826123316.jpg,IMG20260826124035.jpg,44,0,0,0.0,0,0
73-74,73,74,35,80,IMG20260826123316.jpg,IMG20260826124041.jpg,45,0,0,0.0,0,0
73-74,73,74,35,81,IMG20260826123316.jpg,IMG20260826124044.jpg,46,0,0,0.0,0,0
73-74,73,74,35,82,IMG20260826123316.jpg,IMG20260826124048.jpg,47,15,0,0.0,0,0
73-74,73,74,35,83,IMG20260826123316.jpg,IMG20260826124051.jpg,48,19,0,0.0,0,0
73-74,73,74,35,84,IMG20260826123316.jpg,IMG20260826124054.jpg,49,0,0,0.0,0,0
73-74,73,74,35,85,IMG20260826123316.jpg,IMG20260826124101.jpg,50,0,0,0.0,0,0
73-74,73,74,35,86,IMG20260826123316.jpg,IMG20260826124104.jpg,51,0,0,0.0,0,0
73-74,73,74,35,87,IMG20260826123316.jpg,IMG20260826124110.jpg,52,0,0,0.0,0,0
73-74,73,74,35,88,IMG20260826123316.jpg,IMG20260826124113.jpg,53,0,0,0.0,0,0
73-74,73,74,35,89,IMG20260826123316.jpg,IMG20260826124116.jpg,54,0,0,0.0,0,0
73-74,73,74,35,90,IMG20260826123316.jpg,IMG20260826124123.jpg,55,0,0,0.0,0,0
73-74,73,74,35,91,IMG20260826123316.jpg,IMG20260826124128.jpg,56,0,0,0.0,0,0
73-74,73,74,35,92,IMG20260826123316.jpg,IMG20260826124132.jpg,57,0,0,0.0,0,0
73-74,73,74,35,93,IMG20260826123316.jpg,IMG20260826124140.jpg,58,0,0,0.0,0,0
73-74,73,74,35,94,IMG20260826123316.jpg,IMG20260826124143.jpg,59,15,0,0.0,0,0
73-74,73,74,35,95,IMG20260826123316.jpg,IMG20260826124146.jpg,60,0,0,0.0,0,0
73-74,73,74,35,96,IMG20260826123316.jpg,IMG20260826124148.jpg,61,0,0,0.0,0,0
73-74,73,74,35,97,IMG20260826123316.jpg,IMG20260826124151.jpg,62,0,0,0.0,0,0
73-74,73,74,35,98,IMG20260826123316.jpg,IMG20260826124156.jpg,63,17,0,0.0,0,0
73-74,73,74,35,99,IMG20260826123316.jpg,IMG20260826124159.jpg,64,0,0,0.0,0,0
73-74,73,74,35,100,IMG20260826123316.jpg,IMG20260826124201.jpg,65,0,0,0.0,0,0
73-74,73,74,35,101,IMG20260826123316.jpg,IMG20260826124204.jpg,66,0,0,0.0,0,0
73-74,73,74,35,102,IMG20260826123316.jpg,IMG20260826124210.jpg,67,0,0,0.0,0,0
73-74,73,74,35,103,IMG20260826123316.jpg,IMG20260826124214.jpg,68,0,0,0.0,0,0
73-74,73,74,35,104,IMG20260826123316.jpg,IMG20260826124218.jpg,69,0,0,0.0,0,0
73-74,73,74,35,105,IMG20260826123316.jpg,IMG20260826124234.jpg,70,0,0,0.0,0,0
73-74,73,74,35,106,IMG20260826123316.jpg,IMG20260826124237.jpg,71,0,0,0.0,0,0
73-74,73,74,35,107,IMG20260826123316.jpg,IMG20260826124240.jpg,72,15,0,0.0,0,0
73-74,73,74,35,108,IMG20260826123316.jpg,IMG20260826124243.jpg,73,17,0,0.0,0,0
73-74,73,74,35,109,IMG20260826123316.jpg,IMG20260826124248.jpg,74,16,0,0.0,0,0
73-74,73,74,35,110,IMG20260826123316.jpg,IMG20260826124305.jpg,75,16,0,0.0,0,0
73-74,73,74,35,111,IMG20260826123316.jpg,IMG20260826124308.jpg,76,0,0,0.0,0,0
73-74,73,74,35,112,IMG20260826123316.jpg,IMG20260826124313.jpg,77,0,0,0.0,0,0
73-74,73,74,35,113,IMG20260826123316.jpg,IMG20260826124317.jpg,78,0,0,0.0,0,0
73-74,73,74,36,77,IMG20260826123320.jpg,IMG20260826124029.jpg,41,0,0,0.0,0,0
73-74,73,74,36,78,IMG20260826123320.jpg,IMG20260826124032.jpg,42,0,0,0.0,0,0
73-74,73,74,36,79,IMG20260826123320.jpg,IMG20260826124035.jpg,43,18,0,0.0,0,0
73-74,73,74,36,80,IMG20260826123320.jpg,IMG20260826124041.jpg,44,0,0,0.0,0,0
73-74,73,74,36,81,IMG20260826123320.jpg,IMG20260826124044.jpg,45,0,0,0.0,0,0
73-74,73,74,36,82,IMG20260826123320.jpg,IMG20260826124048.jpg,46,15,0,0.0,0,0
73-74,73,74,36,83,IMG20260826123320.jpg,IMG20260826124051.jpg,47,0,0,0.0,0,0
73-74,73,74,36,84,IMG20260826123320.jpg,IMG20260826124054.jpg,48,0,0,0.0,0,0
73-74,73,74,36,85,IMG20260826123320.jpg,IMG20260826124101.jpg,49,0,0,0.0,0,0
73-74,73,74,36,86,IMG20260826123320.jpg,IMG20260826124104.jpg,50,16,0,0.0,0,0
73-74,73,74,36,87,IMG20260826123320.jpg,IMG20260826124110.jpg,51,18,0,0.0,0,0
73-74,73,74,36,88,IMG20260826123320.jpg,IMG20260826124113.jpg,52,0,0,0.0,0,0
73-74,73,74,36,89,IMG20260826123320.jpg,IMG20260826124116.jpg,53,0,0,0.0,0,0
73-74,73,74,36,90,IMG20260826123320.jpg,IMG20260826124123.jpg,54,0,0,0.0,0,0
73-74,73,74,36,91,IMG20260826123320.jpg,IMG20260826124128.jpg,55,0,0,0.0,0,0
73-74,73,74,36,92,IMG20260826123320.jpg,IMG20260826124132.jpg,56,0,0,0.0,0,0
73-74,73,74,36,93,IMG20260826123320.jpg,IMG20260826124140.jpg,57,0,0,0.0,0,0
73-74,73,74,36,94,IMG20260826123320.jpg,IMG20260826124143.jpg,58,0,0,0.0,0,0
73-74,73,74,36,95,IMG20260826123320.jpg,IMG20260826124146.jpg,59,17,0,0.0,0,0
73-74,73,74,36,96,IMG20260826123320.jpg,IMG20260826124148.jpg,60,0,0,0.0,0,0
73-74,73,74,36,97,IMG20260826123320.jpg,IMG20260826124151.jpg,61,0,0,0.0,0,0
73-74,73,74,36,98,IMG20260826123320.jpg,IMG20260826124156.jpg,62,17,0,0.0,0,0
73-74,73,74,36,99,IMG20260826123320.jpg,IMG20260826124159.jpg,63,0,0,0.0,0,0
73-74,73,74,36,100,IMG20260826123320.jpg,IMG20260826124201.jpg,64,0,0,0.0,0,0
73-74,73,74,36,101,IMG20260826123320.jpg,IMG20260826124204.jpg,65,0,0,0.0,0,0
73-74,73,74,36,102,IMG20260826123320.jpg,IMG20260826124210.jpg,66,0,0,0.0,0,0
73-74,73,74,36,103,IMG20260826123320.jpg,IMG20260826124214.jpg,67,0,0,0.0,0,0
73-74,73,74,36,104,IMG20260826123320.jpg,IMG20260826124218.jpg,68,0,0,0.0,0,0
73-74,73,74,36,105,IMG20260826123320.jpg,IMG20260826124234.jpg,69,0,0,0.0,0,0
73-74,73,74,36,106,IMG20260826123320.jpg,IMG20260826124237.jpg,70,0,0,0.0,0,0
73-74,73,74,36,107,IMG20260826123320.jpg,IMG20260826124240.jpg,71,15,0,0.0,0,0
73-74,73,74,36,108,IMG20260826123320.jpg,IMG20260826124243.jpg,72,0,0,0.0,0,0
73-74,73,74,36,109,IMG20260826123320.jpg,IMG20260826124248.jpg,73,0,0,0.0,0,0
73-74,73,74,36,110,IMG20260826123320.jpg,IMG20260826124305.jpg,74,15,0,0.0,0,0
73-74,73,74,36,111,IMG20260826123320.jpg,IMG20260826124308.jpg,75,0,0,0.0,0,0
73-74,73,74,36,112,IMG20260826123320.jpg,IMG20260826124313.jpg,76,0,0,0.0,0,0
73-74,73,74,36,113,IMG20260826123320.jpg,IMG20260826124317.jpg,77,0,0,0.0,0,0
73-74,73,74,37,78,IMG20260826123324.jpg,IMG20260826124032.jpg,41,15,0,0.0,0,0
73-74,73,74,37,79,IMG20260826123324.jpg,IMG20260826124035.jpg,42,0,0,0.0,0,0
73-74,73,74,37,80,IMG20260826123324.jpg,IMG20260826124041.jpg,43,0,0,0.0,0,0
73-74,73,74,37,81,IMG20260826123324.jpg,IMG20260826124044.jpg,44,15,0,0.0,0,0
73-74,73,74,37,82,IMG20260826123324.jpg,IMG20260826124048.jpg,45,15,0,0.0,0,0
73-74,73,74,37,83,IMG20260826123324.jpg,IMG20260826124051.jpg,46,22,0,0.0,0,0
73-74,73,74,37,84,IMG20260826123324.jpg,IMG20260826124054.jpg,47,0,0,0.0,0,0
73-74,73,74,37,85,IMG20260826123324.jpg,IMG20260826124101.jpg,48,0,0,0.0,0,0
73-74,73,74,37,86,IMG20260826123324.jpg,IMG20260826124104.jpg,49,0,0,0.0,0,0
73-74,73,74,37,87,IMG20260826123324.jpg,IMG20260826124110.jpg,50,0,0,0.0,0,0
73-74,73,74,37,88,IMG20260826123324.jpg,IMG20260826124113.jpg,51,0,0,0.0,0,0
73-74,73,74,37,89,IMG20260826123324.jpg,IMG20260826124116.jpg,52,16,0,0.0,0,0
73-74,73,74,37,90,IMG20260826123324.jpg,IMG20260826124123.jpg,53,0,0,0.0,0,0
73-74,73,74,37,91,IMG20260826123324.jpg,IMG20260826124128.jpg,54,16,0,0.0,0,0
73-74,73,74,37,92,IMG20260826123324.jpg,IMG20260826124132.jpg,55,0,0,0.0,0,0
73-74,73,74,37,93,IMG20260826123324.jpg,IMG20260826124140.jpg,56,19,0,0.0,0,0
73-74,73,74,37,94,IMG20260826123324.jpg,IMG20260826124143.jpg,57,16,0,0.0,0,0
73-74,73,74,37,95,IMG20260826123324.jpg,IMG20260826124146.jpg,58,0,0,0.0,0,0
73-74,73,74,37,96,IMG20260826123324.jpg,IMG20260826124148.jpg,59,0,0,0.0,0,0
73-74,73,74,37,97,IMG20260826123324.jpg,IMG20260826124151.jpg,60,0,0,0.0,0,0
73-74,73,74,37,98,IMG20260826123324.jpg,IMG20260826124156.jpg,61,0,0,0.0,0,0
73-74,73,74,37,99,IMG20260826123324.jpg,IMG20260826124159.jpg,62,0,0,0.0,0,0
73-74,73,74,37,100,IMG20260826123324.jpg,IMG20260826124201.jpg,63,0,0,0.0,0,0
73-74,73,74,37,101,IMG20260826123324.jpg,IMG20260826124204.jpg,64,0,0,0.0,0,0
73-74,73,74,37,102,IMG20260826123324.jpg,IMG20260826124210.jpg,65,0,0,0.0,0,0
73-74,73,74,37,103,IMG20260826123324.jpg,IMG20260826124214.jpg,66,0,0,0.0,0,0
73-74,73,74,37,104,IMG20260826123324.jpg,IMG20260826124218.jpg,67,0,0,0.0,0,0
73-74,73,74,37,105,IMG20260826123324.jpg,IMG20260826124234.jpg,68,0,0,0.0,0,0
73-74,73,74,37,106,IMG20260826123324.jpg,IMG20260826124237.jpg,69,0,0,0.0,0,0
73-74,73,74,37,107,IMG20260826123324.jpg,IMG20260826124240.jpg,70,17,0,0.0,0,0
73-74,73,74,37,108,IMG20260826123324.jpg,IMG20260826124243.jpg,71,0,0,0.0,0,0
73-74,73,74,37,109,IMG20260826123324.jpg,IMG20260826124248.jpg,72,0,0,0.0,0,0
73-74,73,74,37,110,IMG20260826123324.jpg,IMG20260826124305.jpg,73,0,0,0.0,0,0
73-74,73,74,37,111,IMG20260826123324.jpg,IMG20260826124308.jpg,74,0,0,0.0,0,0
73-74,73,74,37,112,IMG20260826123324.jpg,IMG20260826124313.jpg,75,0,0,0.0,0,0
73-74,73,74,37,113,IMG20260826123324.jpg,IMG20260826124317.jpg,76,23,0,0.0,0,0
73-74,73,74,38,79,IMG20260826123329.jpg,IMG20260826124035.jpg,41,18,0,0.0,0,0
73-74,73,74,38,80,IMG20260826123329.jpg,IMG20260826124041.jpg,42,0,0,0.0,0,0
73-74,73,74,38,81,IMG20260826123329.jpg,IMG20260826124044.jpg,43,0,0,0.0,0,0
73-74,73,74,38,82,IMG20260826123329.jpg,IMG20260826124048.jpg,44,0,0,0.0,0,0
73-74,73,74,38,83,IMG20260826123329.jpg,IMG20260826124051.jpg,45,0,0,0.0,0,0
73-74,73,74,38,84,IMG20260826123329.jpg,IMG20260826124054.jpg,46,15,0,0.0,0,0
73-74,73,74,38,85,IMG20260826123329.jpg,IMG20260826124101.jpg,47,0,0,0.0,0,0
73-74,73,74,38,86,IMG20260826123329.jpg,IMG20260826124104.jpg,48,0,0,0.0,0,0
73-74,73,74,38,87,IMG20260826123329.jpg,IMG20260826124110.jpg,49,0,0,0.0,0,0
73-74,73,74,38,88,IMG20260826123329.jpg,IMG20260826124113.jpg,50,0,0,0.0,0,0
73-74,73,74,38,89,IMG20260826123329.jpg,IMG20260826124116.jpg,51,0,0,0.0,0,0
73-74,73,74,38,90,IMG20260826123329.jpg,IMG20260826124123.jpg,52,0,0,0.0,0,0
73-74,73,74,38,91,IMG20260826123329.jpg,IMG20260826124128.jpg,53,0,0,0.0,0,0
73-74,73,74,38,92,IMG20260826123329.jpg,IMG20260826124132.jpg,54,0,0,0.0,0,0
73-74,73,74,38,93,IMG20260826123329.jpg,IMG20260826124140.jpg,55,0,0,0.0,0,0
73-74,73,74,38,94,IMG20260826123329.jpg,IMG20260826124143.jpg,56,0,0,0.0,0,0
73-74,73,74,38,95,IMG20260826123329.jpg,IMG20260826124146.jpg,57,0,0,0.0,0,0
73-74,73,74,38,96,IMG20260826123329.jpg,IMG20260826124148.jpg,58,0,0,0.0,0,0
73-74,73,74,38,97,IMG20260826123329.jpg,IMG20260826124151.jpg,59,0,0,0.0,0,0
73-74,73,74,38,98,IMG20260826123329.jpg,IMG20260826124156.jpg,60,0,0,0.0,0,0
73-74,73,74,38,99,IMG20260826123329.jpg,IMG20260826124159.jpg,61,0,0,0.0,0,0
73-74,73,74,38,100,IMG20260826123329.jpg,IMG20260826124201.jpg,62,0,0,0.0,0,0
73-74,73,74,38,101,IMG20260826123329.jpg,IMG20260826124204.jpg,63,15,0,0.0,0,0
73-74,73,74,38,102,IMG20260826123329.jpg,IMG20260826124210.jpg,64,0,0,0.0,0,0
73-74,73,74,38,103,IMG20260826123329.jpg,IMG20260826124214.jpg,65,0,0,0.0,0,0
73-74,73,74,38,104,IMG20260826123329.jpg,IMG20260826124218.jpg,66,20,0,0.0,0,0
73-74,73,74,38,105,IMG20260826123329.jpg,IMG20260826124234.jpg,67,0,0,0.0,0,0
73-74,73,74,38,106,IMG20260826123329.jpg,IMG20260826124237.jpg,68,0,0,0.0,0,0
73-74,73,74,38,107,IMG20260826123329.jpg,IMG20260826124240.jpg,69,0,0,0.0,0,0
73-74,73,74,38,108,IMG20260826123329.jpg,IMG20260826124243.jpg,70,0,0,0.0,0,0
73-74,73,74,38,109,IMG20260826123329.jpg,IMG20260826124248.jpg,71,0,0,0.0,0,0
73-74,73,74,38,110,IMG20260826123329.jpg,IMG20260826124305.jpg,72,0,0,0.0,0,0
73-74,73,74,38,111,IMG20260826123329.jpg,IMG20260826124308.jpg,73,0,0,0.0,0,0
73-74,73,74,38,112,IMG20260826123329.jpg,IMG20260826124313.jpg,74,0,0,0.0,0,0
73-74,73,74,38,113,IMG20260826123329.jpg,IMG20260826124317.jpg,75,21,0,0.0,0,0
73-74,73,74,39,80,IMG20260826123333.jpg,IMG20260826124041.jpg,41,0,0,0.0,0,0
73-74,73,74,39,81,IMG20260826123333.jpg,IMG20260826124044.jpg,42,15,0,0.0,0,0
73-74,73,74,39,82,IMG20260826123333.jpg,IMG20260826124048.jpg,43,0,0,0.0,0,0
73-74,73,74,39,83,IMG20260826123333.jpg,IMG20260826124051.jpg,44,0,0,0.0,0,0
73-74,73,74,39,84,IMG20260826123333.jpg,IMG20260826124054.jpg,45,0,0,0.0,0,0
73-74,73,74,39,85,IMG20260826123333.jpg,IMG20260826124101.jpg,46,0,0,0.0,0,0
73-74,73,74,39,86,IMG20260826123333.jpg,IMG20260826124104.jpg,47,0,0,0.0,0,0
73-74,73,74,39,87,IMG20260826123333.jpg,IMG20260826124110.jpg,48,0,0,0.0,0,0
73-74,73,74,39,88,IMG20260826123333.jpg,IMG20260826124113.jpg,49,0,0,0.0,0,0
73-74,73,74,39,89,IMG20260826123333.jpg,IMG20260826124116.jpg,50,0,0,0.0,0,0
73-74,73,74,39,90,IMG20260826123333.jpg,IMG20260826124123.jpg,51,0,0,0.0,0,0
73-74,73,74,39,91,IMG20260826123333.jpg,IMG20260826124128.jpg,52,0,0,0.0,0,0
73-74,73,74,39,92,IMG20260826123333.jpg,IMG20260826124132.jpg,53,0,0,0.0,0,0
73-74,73,74,39,93,IMG20260826123333.jpg,IMG20260826124140.jpg,54,0,0,0.0,0,0
73-74,73,74,39,94,IMG20260826123333.jpg,IMG20260826124143.jpg,55,0,0,0.0,0,0
73-74,73,74,39,95,IMG20260826123333.jpg,IMG20260826124146.jpg,56,0,0,0.0,0,0
73-74,73,74,39,96,IMG20260826123333.jpg,IMG20260826124148.jpg,57,0,0,0.0,0,0
73-74,73,74,39,97,IMG20260826123333.jpg,IMG20260826124151.jpg,58,0,0,0.0,0,0
73-74,73,74,39,98,IMG20260826123333.jpg,IMG20260826124156.jpg,59,0,0,0.0,0,0
73-74,73,74,39,99,IMG20260826123333.jpg,IMG20260826124159.jpg,60,0,0,0.0,0,0
73-74,73,74,39,100,IMG20260826123333.jpg,IMG20260826124201.jpg,61,0,0,0.0,0,0
73-74,73,74,39,101,IMG20260826123333.jpg,IMG20260826124204.jpg,62,0,0,0.0,0,0
73-74,73,74,39,102,IMG20260826123333.jpg,IMG20260826124210.jpg,63,0,0,0.0,0,0
73-74,73,74,39,103,IMG20260826123333.jpg,IMG20260826124214.jpg,64,16,0,0.0,0,0
73-74,73,74,39,104,IMG20260826123333.jpg,IMG20260826124218.jpg,65,0,0,0.0,0,0
73-74,73,74,39,105,IMG20260826123333.jpg,IMG20260826124234.jpg,66,0,0,0.0,0,0
73-74,73,74,39,106,IMG20260826123333.jpg,IMG20260826124237.jpg,67,0,0,0.0,0,0
73-74,73,74,39,107,IMG20260826123333.jpg,IMG20260826124240.jpg,68,15,0,0.0,0,0
73-74,73,74,39,108,IMG20260826123333.jpg,IMG20260826124243.jpg,69,0,0,0.0,0,0
73-74,73,74,39,109,IMG20260826123333.jpg,IMG20260826124248.jpg,70,0,0,0.0,0,0
73-74,73,74,39,110,IMG20260826123333.jpg,IMG20260826124305.jpg,71,0,0,0.0,0,0
73-74,73,74,39,111,IMG20260826123333.jpg,IMG20260826124308.jpg,72,0,0,0.0,0,0
73-74,73,74,39,112,IMG20260826123333.jpg,IMG20260826124313.jpg,73,15,0,0.0,0,0
73-74,73,74,39,113,IMG20260826123333.jpg,IMG20260826124317.jpg,74,0,0,0.0,0,0
73-74,73,74,40,81,IMG20260826123344.jpg,IMG20260826124044.jpg,41,0,0,0.0,0,0
73-74,73,74,40,82,IMG20260826123344.jpg,IMG20260826124048.jpg,42,0,0,0.0,0,0
73-74,73,74,40,83,IMG20260826123344.jpg,IMG20260826124051.jpg,43,0,0,0.0,0,0
73-74,73,74,40,84,IMG20260826123344.jpg,IMG20260826124054.jpg,44,0,0,0.0,0,0
73-74,73,74,40,85,IMG20260826123344.jpg,IMG20260826124101.jpg,45,0,0,0.0,0,0
73-74,73,74,40,86,IMG20260826123344.jpg,IMG20260826124104.jpg,46,0,0,0.0,0,0
73-74,73,74,40,87,IMG20260826123344.jpg,IMG20260826124110.jpg,47,0,0,0.0,0,0
73-74,73,74,40,88,IMG20260826123344.jpg,IMG20260826124113.jpg,48,0,0,0.0,0,0
73-74,73,74,40,89,IMG20260826123344.jpg,IMG20260826124116.jpg,49,0,0,0.0,0,0
73-74,73,74,40,90,IMG20260826123344.jpg,IMG20260826124123.jpg,50,0,0,0.0,0,0
73-74,73,74,40,91,IMG20260826123344.jpg,IMG20260826124128.jpg,51,0,0,0.0,0,0
73-74,73,74,40,92,IMG20260826123344.jpg,IMG20260826124132.jpg,52,0,0,0.0,0,0
73-74,73,74,40,93,IMG20260826123344.jpg,IMG20260826124140.jpg,53,0,0,0.0,0,0
73-74,73,74,40,94,IMG20260826123344.jpg,IMG20260826124143.jpg,54,16,0,0.0,0,0
73-74,73,74,40,95,IMG20260826123344.jpg,IMG20260826124146.jpg,55,0,0,0.0,0,0
73-74,73,74,40,96,IMG20260826123344.jpg,IMG20260826124148.jpg,56,0,0,0.0,0,0
73-74,73,74,40,97,IMG20260826123344.jpg,IMG20260826124151.jpg,57,0,0,0.0,0,0
73-74,73,74,40,98,IMG20260826123344.jpg,IMG20260826124156.jpg,58,0,0,0.0,0,0
73-74,73,74,40,99,IMG20260826123344.jpg,IMG20260826124159.jpg,59,15,0,0.0,0,0
73-74,73,74,40,100,IMG20260826123344.jpg,IMG20260826124201.jpg,60,0,0,0.0,0,0
73-74,73,74,40,101,IMG20260826123344.jpg,IMG20260826124204.jpg,61,0,0,0.0,0,0
73-74,73,74,40,102,IMG20260826123344.jpg,IMG20260826124210.jpg,62,0,0,0.0,0,0
73-74,73,74,40,103,IMG20260826123344.jpg,IMG20260826124214.jpg,63,23,0,0.0,0,0
73-74,73,74,40,104,IMG20260826123344.jpg,IMG20260826124218.jpg,64,16,0,0.0,0,0
73-74,73,74,40,105,IMG20260826123344.jpg,IMG20260826124234.jpg,65,0,0,0.0,0,0
73-74,73,74,40,106,IMG20260826123344.jpg,IMG20260826124237.jpg,66,0,0,0.0,0,0
73-74,73,74,40,107,IMG20260826123344.jpg,IMG20260826124240.jpg,67,0,0,0.0,0,0
73-74,73,74,40,108,IMG20260826123344.jpg,IMG20260826124243.jpg,68,0,0,0.0,0,0
73-74,73,74,40,109,IMG20260826123344.jpg,IMG20260826124248.jpg,69,0,0,0.0,0,0
73-74,73,74,40,110,IMG20260826123344.jpg,IMG20260826124305.jpg,70,15,0,0.0,0,0
73-74,73,74,40,111,IMG20260826123344.jpg,IMG20260826124308.jpg,71,0,0,0.0,0,0
73-74,73,74,40,112,IMG20260826123344.jpg,IMG20260826124313.jpg,72,0,0,0.0,0,0
73-74,73,74,40,113,IMG20260826123344.jpg,IMG20260826124317.jpg,73,0,0,0.0,0,0
73-74,73,74,41,82,IMG20260826123349.jpg,IMG20260826124048.jpg,41,0,0,0.0,0,0
73-74,73,74,41,83,IMG20260826123349.jpg,IMG20260826124051.jpg,42,19,0,0.0,0,0
73-74,73,74,41,84,IMG20260826123349.jpg,IMG20260826124054.jpg,43,0,0,0.0,0,0
73-74,73,74,41,85,IMG20260826123349.jpg,IMG20260826124101.jpg,44,15,0,0.0,0,0
73-74,73,74,41,86,IMG20260826123349.jpg,IMG20260826124104.jpg,45,0,0,0.0,0,0
73-74,73,74,41,87,IMG20260826123349.jpg,IMG20260826124110.jpg,46,18,0,0.0,0,0
73-74,73,74,41,88,IMG20260826123349.jpg,IMG20260826124113.jpg,47,0,0,0.0,0,0
73-74,73,74,41,89,IMG20260826123349.jpg,IMG20260826124116.jpg,48,16,0,0.0,0,0
73-74,73,74,41,90,IMG20260826123349.jpg,IMG20260826124123.jpg,49,0,0,0.0,0,0
73-74,73,74,41,91,IMG20260826123349.jpg,IMG20260826124128.jpg,50,0,0,0.0,0,0
73-74,73,74,41,92,IMG20260826123349.jpg,IMG20260826124132.jpg,51,0,0,0.0,0,0
73-74,73,74,41,93,IMG20260826123349.jpg,IMG20260826124140.jpg,52,0,0,0.0,0,0
73-74,73,74,41,94,IMG20260826123349.jpg,IMG20260826124143.jpg,53,16,0,0.0,0,0
73-74,73,74,41,95,IMG20260826123349.jpg,IMG20260826124146.jpg,54,0,0,0.0,0,0
73-74,73,74,41,96,IMG20260826123349.jpg,IMG20260826124148.jpg,55,0,0,0.0,0,0
73-74,73,74,41,97,IMG20260826123349.jpg,IMG20260826124151.jpg,56,0,0,0.0,0,0
73-74,73,74,41,98,IMG20260826123349.jpg,IMG20260826124156.jpg,57,0,0,0.0,0,0
73-74,73,74,41,99,IMG20260826123349.jpg,IMG20260826124159.jpg,58,0,0,0.0,0,0
73-74,73,74,41,100,IMG20260826123349.jpg,IMG20260826124201.jpg,59,0,0,0.0,0,0
73-74,73,74,41,101,IMG20260826123349.jpg,IMG20260826124204.jpg,60,0,0,0.0,0,0
73-74,73,74,41,102,IMG20260826123349.jpg,IMG20260826124210.jpg,61,0,0,0.0,0,0
73-74,73,74,41,103,IMG20260826123349.jpg,IMG20260826124214.jpg,62,0,0,0.0,0,0
73-74,73,74,41,104,IMG20260826123349.jpg,IMG20260826124218.jpg,63,0,0,0.0,0,0
73-74,73,74,41,105,IMG20260826123349.jpg,IMG20260826124234.jpg,64,0,0,0.0,0,0
73-74,73,74,41,106,IMG20260826123349.jpg,IMG20260826124237.jpg,65,16,0,0.0,0,0
73-74,73,74,41,107,IMG20260826123349.jpg,IMG20260826124240.jpg,66,18,0,0.0,0,0
73-74,73,74,41,108,IMG20260826123349.jpg,IMG20260826124243.jpg,67,0,0,0.0,0,0
73-74,73,74,41,109,IMG20260826123349.jpg,IMG20260826124248.jpg,68,16,0,0.0,0,0
73-74,73,74,41,110,IMG20260826123349.jpg,IMG20260826124305.jpg,69,0,0,0.0,0,0
73-74,73,74,41,111,IMG20260826123349.jpg,IMG20260826124308.jpg,70,0,0,0.0,0,0
73-74,73,74,41,112,IMG20260826123349.jpg,IMG20260826124313.jpg,71,0,0,0.0,0,0
73-74,73,74,41,113,IMG20260826123349.jpg,IMG20260826124317.jpg,72,0,0,0.0,0,0
73-74,73,74,42,83,IMG20260826123353.jpg,IMG20260826124051.jpg,41,0,0,0.0,0,0
73-74,73,74,42,84,IMG20260826123353.jpg,IMG20260826124054.jpg,42,0,0,0.0,0,0
73-74,73,74,42,85,IMG20260826123353.jpg,IMG20260826124101.jpg,43,0,0,0.0,0,0
73-74,73,74,42,86,IMG20260826123353.jpg,IMG20260826124104.jpg,44,0,0,0.0,0,0
73-74,73,74,42,87,IMG20260826123353.jpg,IMG20260826124110.jpg,45,15,0,0.0,0,0
73-74,73,74,42,88,IMG20260826123353.jpg,IMG20260826124113.jpg,46,15,0,0.0,0,0
73-74,73,74,42,89,IMG20260826123353.jpg,IMG20260826124116.jpg,47,0,0,0.0,0,0
73-74,73,74,42,90,IMG20260826123353.jpg,IMG20260826124123.jpg,48,0,0,0.0,0,0
73-74,73,74,42,91,IMG20260826123353.jpg,IMG20260826124128.jpg,49,16,0,0.0,0,0
73-74,73,74,42,92,IMG20260826123353.jpg,IMG20260826124132.jpg,50,17,0,0.0,0,0
73-74,73,74,42,93,IMG20260826123353.jpg,IMG20260826124140.jpg,51,0,0,0.0,0,0
73-74,73,74,42,94,IMG20260826123353.jpg,IMG20260826124143.jpg,52,0,0,0.0,0,0
73-74,73,74,42,95,IMG20260826123353.jpg,IMG20260826124146.jpg,53,0,0,0.0,0,0
73-74,73,74,42,96,IMG20260826123353.jpg,IMG20260826124148.jpg,54,0,0,0.0,0,0
73-74,73,74,42,97,IMG20260826123353.jpg,IMG20260826124151.jpg,55,0,0,0.0,0,0
73-74,73,74,42,98,IMG20260826123353.jpg,IMG20260826124156.jpg,56,0,0,0.0,0,0
73-74,73,74,42,99,IMG20260826123353.jpg,IMG20260826124159.jpg,57,0,0,0.0,0,0
73-74,73,74,42,100,IMG20260826123353.jpg,IMG20260826124201.jpg,58,0,0,0.0,0,0
73-74,73,74,42,101,IMG20260826123353.jpg,IMG20260826124204.jpg,59,15,0,0.0,0,0
73-74,73,74,42,102,IMG20260826123353.jpg,IMG20260826124210.jpg,60,18,0,0.0,0,0
73-74,73,74,42,103,IMG20260826123353.jpg,IMG20260826124214.jpg,61,16,0,0.0,0,0
73-74,73,74,42,104,IMG20260826123353.jpg,IMG20260826124218.jpg,62,15,0,0.0,0,0
73-74,73,74,42,105,IMG20260826123353.jpg,IMG20260826124234.jpg,63,0,0,0.0,0,0
73-74,73,74,42,106,IMG20260826123353.jpg,IMG20260826124237.jpg,64,0,0,0.0,0,0
73-74,73,74,42,107,IMG20260826123353.jpg,IMG20260826124240.jpg,65,15,0,0.0,0,0
73-74,73,74,42,108,IMG20260826123353.jpg,IMG20260826124243.jpg,66,0,0,0.0,0,0
73-74,73,74,42,109,IMG20260826123353.jpg,IMG20260826124248.jpg,67,15,0,0.0,0,0
73-74,73,74,42,110,IMG20260826123353.jpg,IMG20260826124305.jpg,68,0,0,0.0,0,0
73-74,73,74,42,111,IMG20260826123353.jpg,IMG20260826124308.jpg,69,15,0,0.0,0,0
73-74,73,74,42,112,IMG20260826123353.jpg,IMG20260826124313.jpg,70,0,0,0.0,0,0
73-74,73,74,42,113,IMG20260826123353.jpg,IMG20260826124317.jpg,71,18,0,0.0,0,0
73-74,73,74,43,84,IMG20260826123357.jpg,IMG20260826124054.jpg,41,0,0,0.0,0,0
73-74,73,74,43,85,IMG20260826123357.jpg,IMG20260826124101.jpg,42,0,0,0.0,0,0
73-74,73,74,43,86,IMG20260826123357.jpg,IMG20260826124104.jpg,43,0,0,0.0,0,0
73-74,73,74,43,87,IMG20260826123357.jpg,IMG20260826124110.jpg,44,0,0,0.0,0,0
73-74,73,74,43,88,IMG20260826123357.jpg,IMG20260826124113.jpg,45,0,0,0.0,0,0
73-74,73,74,43,89,IMG20260826123357.jpg,IMG20260826124116.jpg,46,0,0,0.0,0,0
73-74,73,74,43,90,IMG20260826123357.jpg,IMG20260826124123.jpg,47,0,0,0.0,0,0
73-74,73,74,43,91,IMG20260826123357.jpg,IMG20260826124128.jpg,48,0,0,0.0,0,0
73-74,73,74,43,92,IMG20260826123357.jpg,IMG20260826124132.jpg,49,0,0,0.0,0,0
73-74,73,74,43,93,IMG20260826123357.jpg,IMG20260826124140.jpg,50,0,0,0.0,0,0
73-74,73,74,43,94,IMG20260826123357.jpg,IMG20260826124143.jpg,51,16,0,0.0,0,0
73-74,73,74,43,95,IMG20260826123357.jpg,IMG20260826124146.jpg,52,0,0,0.0,0,0
73-74,73,74,43,96,IMG20260826123357.jpg,IMG20260826124148.jpg,53,0,0,0.0,0,0
73-74,73,74,43,97,IMG20260826123357.jpg,IMG20260826124151.jpg,54,0,0,0.0,0,0
73-74,73,74,43,98,IMG20260826123357.jpg,IMG20260826124156.jpg,55,0,0,0.0,0,0
73-74,73,74,43,99,IMG20260826123357.jpg,IMG20260826124159.jpg,56,15,0,0.0,0,0
73-74,73,74,43,100,IMG20260826123357.jpg,IMG20260826124201.jpg,57,0,0,0.0,0,0
73-74,73,74,43,101,IMG20260826123357.jpg,IMG20260826124204.jpg,58,0,0,0.0,0,0
73-74,73,74,43,102,IMG20260826123357.jpg,IMG20260826124210.jpg,59,0,0,0.0,0,0
73-74,73,74,43,103,IMG20260826123357.jpg,IMG20260826124214.jpg,60,0,0,0.0,0,0
73-74,73,74,43,104,IMG20260826123357.jpg,IMG20260826124218.jpg,61,21,0,0.0,0,0
73-74,73,74,43,105,IMG20260826123357.jpg,IMG20260826124234.jpg,62,0,0,0.0,0,0
73-74,73,74,43,106,IMG20260826123357.jpg,IMG20260826124237.jpg,63,0,0,0.0,0,0
73-74,73,74,43,107,IMG20260826123357.jpg,IMG20260826124240.jpg,64,0,0,0.0,0,0
73-74,73,74,43,108,IMG20260826123357.jpg,IMG20260826124243.jpg,65,0,0,0.0,0,0
73-74,73,74,43,109,IMG20260826123357.jpg,IMG20260826124248.jpg,66,0,0,0.0,0,0
73-74,73,74,43,110,IMG20260826123357.jpg,IMG20260826124305.jpg,67,17,0,0.0,0,0
73-74,73,74,43,111,IMG20260826123357.jpg,IMG20260826124308.jpg,68,17,0,0.0,0,0
73-74,73,74,43,112,IMG20260826123357.jpg,IMG20260826124313.jpg,69,17,0,0.0,0,0
73-74,73,74,43,113,IMG20260826123357.jpg,IMG20260826124317.jpg,70,0,0,0.0,0,0
73-74,73,74,44,85,IMG20260826123403.jpg,IMG20260826124101.jpg,41,19,0,0.0,0,0
73-74,73,74,44,86,IMG20260826123403.jpg,IMG20260826124104.jpg,42,25,0,0.0,0,0
73-74,73,74,44,87,IMG20260826123403.jpg,IMG20260826124110.jpg,43,0,0,0.0,0,0
73-74,73,74,44,88,IMG20260826123403.jpg,IMG20260826124113.jpg,44,0,0,0.0,0,0
73-74,73,74,44,89,IMG20260826123403.jpg,IMG20260826124116.jpg,45,0,0,0.0,0,0
73-74,73,74,44,90,IMG20260826123403.jpg,IMG20260826124123.jpg,46,18,0,0.0,0,0
73-74,73,74,44,91,IMG20260826123403.jpg,IMG20260826124128.jpg,47,0,0,0.0,0,0
73-74,73,74,44,92,IMG20260826123403.jpg,IMG20260826124132.jpg,48,0,0,0.0,0,0
73-74,73,74,44,93,IMG20260826123403.jpg,IMG20260826124140.jpg,49,15,0,0.0,0,0
73-74,73,74,44,94,IMG20260826123403.jpg,IMG20260826124143.jpg,50,16,0,0.0,0,0
73-74,73,74,44,95,IMG20260826123403.jpg,IMG20260826124146.jpg,51,0,0,0.0,0,0
73-74,73,74,44,96,IMG20260826123403.jpg,IMG20260826124148.jpg,52,18,0,0.0,0,0
73-74,73,74,44,97,IMG20260826123403.jpg,IMG20260826124151.jpg,53,19,0,0.0,0,0
73-74,73,74,44,98,IMG20260826123403.jpg,IMG20260826124156.jpg,54,0,0,0.0,0,0
73-74,73,74,44,99,IMG20260826123403.jpg,IMG20260826124159.jpg,55,0,0,0.0,0,0
73-74,73,74,44,100,IMG20260826123403.jpg,IMG20260826124201.jpg,56,0,0,0.0,0,0
73-74,73,74,44,101,IMG20260826123403.jpg,IMG20260826124204.jpg,57,0,0,0.0,0,0
73-74,73,74,44,102,IMG20260826123403.jpg,IMG20260826124210.jpg,58,0,0,0.0,0,0
73-74,73,74,44,103,IMG20260826123403.jpg,IMG20260826124214.jpg,59,21,0,0.0,0,0
73-74,73,74,44,104,IMG20260826123403.jpg,IMG20260826124218.jpg,60,17,0,0.0,0,0
73-74,73,74,44,105,IMG20260826123403.jpg,IMG20260826124234.jpg,61,0,0,0.0,0,0
73-74,73,74,44,106,IMG20260826123403.jpg,IMG20260826124237.jpg,62,0,0,0.0,0,0
73-74,73,74,44,107,IMG20260826123403.jpg,IMG20260826124240.jpg,63,0,0,0.0,0,0
73-74,73,74,44,108,IMG20260826123403.jpg,IMG20260826124243.jpg,64,15,0,0.0,0,0
73-74,73,74,44,109,IMG20260826123403.jpg,IMG20260826124248.jpg,65,16,0,0.0,0,0
73-74,73,74,44,110,IMG20260826123403.jpg,IMG20260826124305.jpg,66,0,0,0.0,0,0
73-74,73,74,44,111,IMG20260826123403.jpg,IMG20260826124308.jpg,67,0,0,0.0,0,0
73-74,73,74,44,112,IMG20260826123403.jpg,IMG20260826124313.jpg,68,15,0,0.0,0,0
73-74,73,74,44,113,IMG20260826123403.jpg,IMG20260826124317.jpg,69,23,0,0.0,0,0
73-74,73,74,45,86,IMG20260826123408.jpg,IMG20260826124104.jpg,41,0,0,0.0,0,0
73-74,73,74,45,87,IMG20260826123408.jpg,IMG20260826124110.jpg,42,0,0,0.0,0,0
73-74,73,74,45,88,IMG20260826123408.jpg,IMG20260826124113.jpg,43,0,0,0.0,0,0
73-74,73,74,45,89,IMG20260826123408.jpg,IMG20260826124116.jpg,44,0,0,0.0,0,0
73-74,73,74,45,90,IMG20260826123408.jpg,IMG20260826124123.jpg,45,0,0,0.0,0,0
73-74,73,74,45,91,IMG20260826123408.jpg,IMG20260826124128.jpg,46,0,0,0.0,0,0
73-74,73,74,45,92,IMG20260826123408.jpg,IMG20260826124132.jpg,47,0,0,0.0,0,0
73-74,73,74,45,93,IMG20260826123408.jpg,IMG20260826124140.jpg,48,0,0,0.0,0,0
73-74,73,74,45,94,IMG20260826123408.jpg,IMG20260826124143.jpg,49,0,0,0.0,0,0
73-74,73,74,45,95,IMG20260826123408.jpg,IMG20260826124146.jpg,50,0,0,0.0,0,0
73-74,73,74,45,96,IMG20260826123408.jpg,IMG20260826124148.jpg,51,17,0,0.0,0,0
73-74,73,74,45,97,IMG20260826123408.jpg,IMG20260826124151.jpg,52,0,0,0.0,0,0
73-74,73,74,45,98,IMG20260826123408.jpg,IMG20260826124156.jpg,53,15,0,0.0,0,0
73-74,73,74,45,99,IMG20260826123408.jpg,IMG20260826124159.jpg,54,0,0,0.0,0,0
73-74,73,74,45,100,IMG20260826123408.jpg,IMG20260826124201.jpg,55,0,0,0.0,0,0
73-74,73,74,45,101,IMG20260826123408.jpg,IMG20260826124204.jpg,56,0,0,0.0,0,0
73-74,73,74,45,102,IMG20260826123408.jpg,IMG20260826124210.jpg,57,0,0,0.0,0,0
73-74,73,74,45,103,IMG20260826123408.jpg,IMG20260826124214.jpg,58,0,0,0.0,0,0
73-74,73,74,45,104,IMG20260826123408.jpg,IMG20260826124218.jpg,59,0,0,0.0,0,0
73-74,73,74,45,105,IMG20260826123408.jpg,IMG20260826124234.jpg,60,0,0,0.0,0,0
73-74,73,74,45,106,IMG20260826123408.jpg,IMG20260826124237.jpg,61,0,0,0.0,0,0
73-74,73,74,45,107,IMG20260826123408.jpg,IMG20260826124240.jpg,62,0,0,0.0,0,0
73-74,73,74,45,108,IMG20260826123408.jpg,IMG20260826124243.jpg,63,0,0,0.0,0,0
73-74,73,74,45,109,IMG20260826123408.jpg,IMG20260826124248.jpg,64,0,0,0.0,0,0
73-74,73,74,45,110,IMG20260826123408.jpg,IMG20260826124305.jpg,65,0,0,0.0,0,0
73-74,73,74,45,111,IMG20260826123408.jpg,IMG20260826124308.jpg,66,0,0,0.0,0,0
73-74,73,74,45,112,IMG20260826123408.jpg,IMG20260826124313.jpg,67,0,0,0.0,0,0
73-74,73,74,45,113,IMG20260826123408.jpg,IMG20260826124317.jpg,68,15,0,0.0,0,0
73-74,73,74,46,87,IMG20260826123414.jpg,IMG20260826124110.jpg,41,0,0,0.0,0,0
73-74,73,74,46,88,IMG20260826123414.jpg,IMG20260826124113.jpg,42,0,0,0.0,0,0
73-74,73,74,46,89,IMG20260826123414.jpg,IMG20260826124116.jpg,43,15,0,0.0,0,0
73-74,73,74,46,90,IMG20260826123414.jpg,IMG20260826124123.jpg,44,23,0,0.0,0,0
73-74,73,74,46,91,IMG20260826123414.jpg,IMG20260826124128.jpg,45,15,0,0.0,0,0
73-74,73,74,46,92,IMG20260826123414.jpg,IMG20260826124132.jpg,46,16,0,0.0,0,0
73-74,73,74,46,93,IMG20260826123414.jpg,IMG20260826124140.jpg,47,0,0,0.0,0,0
73-74,73,74,46,94,IMG20260826123414.jpg,IMG20260826124143.jpg,48,20,0,0.0,0,0
73-74,73,74,46,95,IMG20260826123414.jpg,IMG20260826124146.jpg,49,16,0,0.0,0,0
73-74,73,74,46,96,IMG20260826123414.jpg,IMG20260826124148.jpg,50,0,0,0.0,0,0
73-74,73,74,46,97,IMG20260826123414.jpg,IMG20260826124151.jpg,51,0,0,0.0,0,0
73-74,73,74,46,98,IMG20260826123414.jpg,IMG20260826124156.jpg,52,17,0,0.0,0,0
73-74,73,74,46,99,IMG20260826123414.jpg,IMG20260826124159.jpg,53,0,0,0.0,0,0
73-74,73,74,46,100,IMG20260826123414.jpg,IMG20260826124201.jpg,54,0,0,0.0,0,0
73-74,73,74,46,101,IMG20260826123414.jpg,IMG20260826124204.jpg,55,0,0,0.0,0,0
73-74,73,74,46,102,IMG20260826123414.jpg,IMG20260826124210.jpg,56,17,0,0.0,0,0
73-74,73,74,46,103,IMG20260826123414.jpg,IMG20260826124214.jpg,57,0,0,0.0,0,0
73-74,73,74,46,104,IMG20260826123414.jpg,IMG20260826124218.jpg,58,0,0,0.0,0,0
73-74,73,74,46,105,IMG20260826123414.jpg,IMG20260826124234.jpg,59,0,0,0.0,0,0
73-74,73,74,46,106,IMG20260826123414.jpg,IMG20260826124237.jpg,60,0,0,0.0,0,0
73-74,73,74,46,107,IMG20260826123414.jpg,IMG20260826124240.jpg,61,0,0,0.0,0,0
73-74,73,74,46,108,IMG20260826123414.jpg,IMG20260826124243.jpg,62,0,0,0.0,0,0
73-74,73,74,46,109,IMG20260826123414.jpg,IMG20260826124248.jpg,63,0,0,0.0,0,0
73-74,73,74,46,110,IMG20260826123414.jpg,IMG20260826124305.jpg,64,0,0,0.0,0,0
73-74,73,74,46,111,IMG20260826123414.jpg,IMG20260826124308.jpg,65,0,0,0.0,0,0
73-74,73,74,46,112,IMG20260826123414.jpg,IMG20260826124313.jpg,66,15,0,0.0,0,0
73-74,73,74,46,113,IMG20260826123414.jpg,IMG20260826124317.jpg,67,17,0,0.0,0,0
73-74,73,74,47,88,IMG20260826123417.jpg,IMG20260826124113.jpg,41,15,0,0.0,0,0
73-74,73,74,47,89,IMG20260826123417.jpg,IMG20260826124116.jpg,42,15,0,0.0,0,0
73-74,73,74,47,90,IMG20260826123417.jpg,IMG20260826124123.jpg,43,0,0,0.0,0,0
73-74,73,74,47,91,IMG20260826123417.jpg,IMG20260826124128.jpg,44,0,0,0.0,0,0
73-74,73,74,47,92,IMG20260826123417.jpg,IMG20260826124132.jpg,45,19,0,0.0,0,0
73-74,73,74,47,93,IMG20260826123417.jpg,IMG20260826124140.jpg,46,15,0,0.0,0,0
73-74,73,74,47,94,IMG20260826123417.jpg,IMG20260826124143.jpg,47,19,0,0.0,0,0
73-74,73,74,47,95,IMG20260826123417.jpg,IMG20260826124146.jpg,48,17,0,0.0,0,0
73-74,73,74,47,96,IMG20260826123417.jpg,IMG20260826124148.jpg,49,0,0,0.0,0,0
73-74,73,74,47,97,IMG20260826123417.jpg,IMG20260826124151.jpg,50,0,0,0.0,0,0
73-74,73,74,47,98,IMG20260826123417.jpg,IMG20260826124156.jpg,51,21,0,0.0,0,0
73-74,73,74,47,99,IMG20260826123417.jpg,IMG20260826124159.jpg,52,0,0,0.0,0,0
73-74,73,74,47,100,IMG20260826123417.jpg,IMG20260826124201.jpg,53,0,0,0.0,0,0
73-74,73,74,47,101,IMG20260826123417.jpg,IMG20260826124204.jpg,54,0,0,0.0,0,0
73-74,73,74,47,102,IMG20260826123417.jpg,IMG20260826124210.jpg,55,20,0,0.0,0,0
73-74,73,74,47,103,IMG20260826123417.jpg,IMG20260826124214.jpg,56,0,0,0.0,0,0
73-74,73,74,47,104,IMG20260826123417.jpg,IMG20260826124218.jpg,57,15,0,0.0,0,0
73-74,73,74,47,105,IMG20260826123417.jpg,IMG20260826124234.jpg,58,0,0,0.0,0,0
73-74,73,74,47,106,IMG20260826123417.jpg,IMG20260826124237.jpg,59,0,0,0.0,0,0
73-74,73,74,47,107,IMG20260826123417.jpg,IMG20260826124240.jpg,60,0,0,0.0,0,0
73-74,73,74,47,108,IMG20260826123417.jpg,IMG20260826124243.jpg,61,0,0,0.0,0,0
73-74,73,74,47,109,IMG20260826123417.jpg,IMG20260826124248.jpg,62,0,0,0.0,0,0
73-74,73,74,47,110,IMG20260826123417.jpg,IMG20260826124305.jpg,63,0,0,0.0,0,0
73-74,73,74,47,111,IMG20260826123417.jpg,IMG20260826124308.jpg,64,0,0,0.0,0,0
73-74,73,74,47,112,IMG20260826123417.jpg,IMG20260826124313.jpg,65,0,0,0.0,0,0
73-74,73,74,47,113,IMG20260826123417.jpg,IMG20260826124317.jpg,66,16,0,0.0,0,0
73-74,73,74,48,89,IMG20260826123422.jpg,IMG20260826124116.jpg,41,0,0,0.0,0,0
73-74,73,74,48,90,IMG20260826123422.jpg,IMG20260826124123.jpg,42,0,0,0.0,0,0
73-74,73,74,48,91,IMG20260826123422.jpg,IMG20260826124128.jpg,43,20,0,0.0,0,0
73-74,73,74,48,92,IMG20260826123422.jpg,IMG20260826124132.jpg,44,15,0,0.0,0,0
73-74,73,74,48,93,IMG20260826123422.jpg,IMG20260826124140.jpg,45,0,0,0.0,0,0
73-74,73,74,48,94,IMG20260826123422.jpg,IMG20260826124143.jpg,46,0,0,0.0,0,0
73-74,73,74,48,95,IMG20260826123422.jpg,IMG20260826124146.jpg,47,15,0,0.0,0,0
73-74,73,74,48,96,IMG20260826123422.jpg,IMG20260826124148.jpg,48,0,0,0.0,0,0
73-74,73,74,48,97,IMG20260826123422.jpg,IMG20260826124151.jpg,49,0,0,0.0,0,0
73-74,73,74,48,98,IMG20260826123422.jpg,IMG20260826124156.jpg,50,17,0,0.0,0,0
73-74,73,74,48,99,IMG20260826123422.jpg,IMG20260826124159.jpg,51,15,0,0.0,0,0
73-74,73,74,48,100,IMG20260826123422.jpg,IMG20260826124201.jpg,52,20,0,0.0,0,0
73-74,73,74,48,101,IMG20260826123422.jpg,IMG20260826124204.jpg,53,0,0,0.0,0,0
73-74,73,74,48,102,IMG20260826123422.jpg,IMG20260826124210.jpg,54,0,0,0.0,0,0
73-74,73,74,48,103,IMG20260826123422.jpg,IMG20260826124214.jpg,55,0,0,0.0,0,0
73-74,73,74,48,104,IMG20260826123422.jpg,IMG20260826124218.jpg,56,16,0,0.0,0,0
73-74,73,74,48,105,IMG20260826123422.jpg,IMG20260826124234.jpg,57,0,0,0.0,0,0
73-74,73,74,48,106,IMG20260826123422.jpg,IMG20260826124237.jpg,58,0,0,0.0,0,0
73-74,73,74,48,107,IMG20260826123422.jpg,IMG20260826124240.jpg,59,0,0,0.0,0,0
73-74,73,74,48,108,IMG20260826123422.jpg,IMG20260826124243.jpg,60,0,0,0.0,0,0
73-74,73,74,48,109,IMG20260826123422.jpg,IMG20260826124248.jpg,61,0,0,0.0,0,0
73-74,73,74,48,110,IMG20260826123422.jpg,IMG20260826124305.jpg,62,0,0,0.0,0,0
73-74,73,74,48,111,IMG20260826123422.jpg,IMG20260826124308.jpg,63,0,0,0.0,0,0
73-74,73,74,48,112,IMG20260826123422.jpg,IMG20260826124313.jpg,64,0,0,0.0,0,0
73-74,73,74,48,113,IMG20260826123422.jpg,IMG20260826124317.jpg,65,0,0,0.0,0,0
73-74,73,74,49,90,IMG20260826123427.jpg,IMG20260826124123.jpg,41,0,0,0.0,0,0
73-74,73,74,49,91,IMG20260826123427.jpg,IMG20260826124128.jpg,42,16,0,0.0,0,0
73-74,73,74,49,92,IMG20260826123427.jpg,IMG20260826124132.jpg,43,0,0,0.0,0,0
73-74,73,74,49,93,IMG20260826123427.jpg,IMG20260826124140.jpg,44,0,0,0.0,0,0
73-74,73,74,49,94,IMG20260826123427.jpg,IMG20260826124143.jpg,45,18,0,0.0,0,0
73-74,73,74,49,95,IMG20260826123427.jpg,IMG20260826124146.jpg,46,0,0,0.0,0,0
73-74,73,74,49,96,IMG20260826123427.jpg,IMG20260826124148.jpg,47,16,0,0.0,0,0
73-74,73,74,49,97,IMG20260826123427.jpg,IMG20260826124151.jpg,48,0,0,0.0,0,0
73-74,73,74,49,98,IMG20260826123427.jpg,IMG20260826124156.jpg,49,0,0,0.0,0,0
73-74,73,74,49,99,IMG20260826123427.jpg,IMG20260826124159.jpg,50,18,0,0.0,0,0
73-74,73,74,49,100,IMG20260826123427.jpg,IMG20260826124201.jpg,51,0,0,0.0,0,0
73-74,73,74,49,101,IMG20260826123427.jpg,IMG20260826124204.jpg,52,0,0,0.0,0,0
73-74,73,74,49,102,IMG20260826123427.jpg,IMG20260826124210.jpg,53,0,0,0.0,0,0
73-74,73,74,49,103,IMG20260826123427.jpg,IMG20260826124214.jpg,54,16,0,0.0,0,0
73-74,73,74,49,104,IMG20260826123427.jpg,IMG20260826124218.jpg,55,0,0,0.0,0,0
73-74,73,74,49,105,IMG20260826123427.jpg,IMG20260826124234.jpg,56,20,0,0.0,0,0
73-74,73,74,49,106,IMG20260826123427.jpg,IMG20260826124237.jpg,57,0,0,0.0,0,0
73-74,73,74,49,107,IMG20260826123427.jpg,IMG20260826124240.jpg,58,0,0,0.0,0,0
73-74,73,74,49,108,IMG20260826123427.jpg,IMG20260826124243.jpg,59,0,0,0.0,0,0
73-74,73,74,49,109,IMG20260826123427.jpg,IMG20260826124248.jpg,60,17,0,0.0,0,0
73-74,73,74,49,110,IMG20260826123427.jpg,IMG20260826124305.jpg,61,16,0,0.0,0,0
73-74,73,74,49,111,IMG20260826123427.jpg,IMG20260826124308.jpg,62,0,0,0.0,0,0
73-74,73,74,49,112,IMG20260826123427.jpg,IMG20260826124313.jpg,63,0,0,0.0,0,0
73-74,73,74,49,113,IMG20260826123427.jpg,IMG20260826124317.jpg,64,15,0,0.0,0,0
73-74,73,74,50,91,IMG20260826123434.jpg,IMG20260826124128.jpg,41,16,0,0.0,0,0
73-74,73,74,50,92,IMG20260826123434.jpg,IMG20260826124132.jpg,42,22,0,0.0,0,0
73-74,73,74,50,93,IMG20260826123434.jpg,IMG20260826124140.jpg,43,16,0,0.0,0,0
73-74,73,74,50,94,IMG20260826123434.jpg,IMG20260826124143.jpg,44,15,0,0.0,0,0
73-74,73,74,50,95,IMG20260826123434.jpg,IMG20260826124146.jpg,45,0,0,0.0,0,0
73-74,73,74,50,96,IMG20260826123434.jpg,IMG20260826124148.jpg,46,0,0,0.0,0,0
73-74,73,74,50,97,IMG20260826123434.jpg,IMG20260826124151.jpg,47,16,0,0.0,0,0
73-74,73,74,50,98,IMG20260826123434.jpg,IMG20260826124156.jpg,48,20,0,0.0,0,0
73-74,73,74,50,99,IMG20260826123434.jpg,IMG20260826124159.jpg,49,16,0,0.0,0,0
73-74,73,74,50,100,IMG20260826123434.jpg,IMG20260826124201.jpg,50,0,0,0.0,0,0
73-74,73,74,50,101,IMG20260826123434.jpg,IMG20260826124204.jpg,51,18,0,0.0,0,0
73-74,73,74,50,102,IMG20260826123434.jpg,IMG20260826124210.jpg,52,0,0,0.0,0,0
73-74,73,74,50,103,IMG20260826123434.jpg,IMG20260826124214.jpg,53,0,0,0.0,0,0
73-74,73,74,50,104,IMG20260826123434.jpg,IMG20260826124218.jpg,54,15,0,0.0,0,0
73-74,73,74,50,105,IMG20260826123434.jpg,IMG20260826124234.jpg,55,18,0,0.0,0,0
73-74,73,74,50,106,IMG20260826123434.jpg,IMG20260826124237.jpg,56,0,0,0.0,0,0
73-74,73,74,50,107,IMG20260826123434.jpg,IMG20260826124240.jpg,57,0,0,0.0,0,0
73-74,73,74,50,108,IMG20260826123434.jpg,IMG20260826124243.jpg,58,17,0,0.0,0,0
73-74,73,74,50,109,IMG20260826123434.jpg,IMG20260826124248.jpg,59,15,0,0.0,0,0
73-74,73,74,50,110,IMG20260826123434.jpg,IMG20260826124305.jpg,60,0,0,0.0,0,0
73-74,73,74,50,111,IMG20260826123434.jpg,IMG20260826124308.jpg,61,0,0,0.0,0,0
73-74,73,74,50,112,IMG20260826123434.jpg,IMG20260826124313.jpg,62,0,0,0.0,0,0
73-74,73,74,50,113,IMG20260826123434.jpg,IMG20260826124317.jpg,63,0,0,0.0,0,0
73-74,73,74,51,92,IMG20260826123437.jpg,IMG20260826124132.jpg,41,16,0,0.0,0,0
73-74,73,74,51,93,IMG20260826123437.jpg,IMG20260826124140.jpg,42,0,0,0.0,0,0
73-74,73,74,51,94,IMG20260826123437.jpg,IMG20260826124143.jpg,43,0,0,0.0,0,0
73-74,73,74,51,95,IMG20260826123437.jpg,IMG20260826124146.jpg,44,0,0,0.0,0,0
73-74,73,74,51,96,IMG20260826123437.jpg,IMG20260826124148.jpg,45,18,0,0.0,0,0
73-74,73,74,51,97,IMG20260826123437.jpg,IMG20260826124151.jpg,46,0,0,0.0,0,0
73-74,73,74,51,98,IMG20260826123437.jpg,IMG20260826124156.jpg,47,15,0,0.0,0,0
73-74,73,74,51,99,IMG20260826123437.jpg,IMG20260826124159.jpg,48,0,0,0.0,0,0
73-74,73,74,51,100,IMG20260826123437.jpg,IMG20260826124201.jpg,49,0,0,0.0,0,0
73-74,73,74,51,101,IMG20260826123437.jpg,IMG20260826124204.jpg,50,17,0,0.0,0,0
73-74,73,74,51,102,IMG20260826123437.jpg,IMG20260826124210.jpg,51,0,0,0.0,0,0
73-74,73,74,51,103,IMG20260826123437.jpg,IMG20260826124214.jpg,52,0,0,0.0,0,0
73-74,73,74,51,104,IMG20260826123437.jpg,IMG20260826124218.jpg,53,0,0,0.0,0,0
73-74,73,74,51,105,IMG20260826123437.jpg,IMG20260826124234.jpg,54,0,0,0.0,0,0
73-74,73,74,51,106,IMG20260826123437.jpg,IMG20260826124237.jpg,55,16,0,0.0,0,0
73-74,73,74,51,107,IMG20260826123437.jpg,IMG20260826124240.jpg,56,23,0,0.0,0,0
73-74,73,74,51,108,IMG20260826123437.jpg,IMG20260826124243.jpg,57,0,0,0.0,0,0
73-74,73,74,51,109,IMG20260826123437.jpg,IMG20260826124248.jpg,58,0,0,0.0,0,0
73-74,73,74,51,110,IMG20260826123437.jpg,IMG20260826124305.jpg,59,0,0,0.0,0,0
73-74,73,74,51,111,IMG20260826123437.jpg,IMG20260826124308.jpg,60,16,0,0.0,0,0
73-74,73,74,51,112,IMG20260826123437.jpg,IMG20260826124313.jpg,61,0,0,0.0,0,0
73-74,73,74,51,113,IMG20260826123437.jpg,IMG20260826124317.jpg,62,0,0,0.0,0,0
73-74,73,74,52,93,IMG20260826123441.jpg,IMG20260826124140.jpg,41,0,0,0.0,0,0
73-74,73,74,52,94,IMG20260826123441.jpg,IMG20260826124143.jpg,42,0,0,0.0,0,0
73-74,73,74,52,95,IMG20260826123441.jpg,IMG20260826124146.jpg,43,0,0,0.0,0,0
73-74,73,74,52,96,IMG20260826123441.jpg,IMG20260826124148.jpg,44,0,0,0.0,0,0
73-74,73,74,52,97,IMG20260826123441.jpg,IMG20260826124151.jpg,45,0,0,0.0,0,0
73-74,73,74,52,98,IMG20260826123441.jpg,IMG20260826124156.jpg,46,16,0,0.0,0,0
73-74,73,74,52,99,IMG20260826123441.jpg,IMG20260826124159.jpg,47,0,0,0.0,0,0
73-74,73,74,52,100,IMG20260826123441.jpg,IMG20260826124201.jpg,48,0,0,0.0,0,0
73-74,73,74,52,101,IMG20260826123441.jpg,IMG20260826124204.jpg,49,17,0,0.0,0,0
73-74,73,74,52,102,IMG20260826123441.jpg,IMG20260826124210.jpg,50,0,0,0.0,0,0
73-74,73,74,52,103,IMG20260826123441.jpg,IMG20260826124214.jpg,51,0,0,0.0,0,0
73-74,73,74,52,104,IMG20260826123441.jpg,IMG20260826124218.jpg,52,0,0,0.0,0,0
73-74,73,74,52,105,IMG20260826123441.jpg,IMG20260826124234.jpg,53,0,0,0.0,0,0
73-74,73,74,52,106,IMG20260826123441.jpg,IMG20260826124237.jpg,54,0,0,0.0,0,0
73-74,73,74,52,107,IMG20260826123441.jpg,IMG20260826124240.jpg,55,17,0,0.0,0,0
73-74,73,74,52,108,IMG20260826123441.jpg,IMG20260826124243.jpg,56,0,0,0.0,0,0
73-74,73,74,52,109,IMG20260826123441.jpg,IMG20260826124248.jpg,57,0,0,0.0,0,0
73-74,73,74,52,110,IMG20260826123441.jpg,IMG20260826124305.jpg,58,0,0,0.0,0,0
73-74,73,74,52,111,IMG20260826123441.jpg,IMG20260826124308.jpg,59,22,0,0.0,0,0
73-74,73,74,52,112,IMG20260826123441.jpg,IMG20260826124313.jpg,60,0,0,0.0,0,0
73-74,73,74,52,113,IMG20260826123441.jpg,IMG20260826124317.jpg,61,0,0,0.0,0,0
73-74,73,74,53,94,IMG20260826123446.jpg,IMG20260826124143.jpg,41,0,0,0.0,0,0
73-74,73,74,53,95,IMG20260826123446.jpg,IMG20260826124146.jpg,42,0,0,0.0,0,0
73-74,73,74,53,96,IMG20260826123446.jpg,IMG20260826124148.jpg,43,0,0,0.0,0,0
73-74,73,74,53,97,IMG20260826123446.jpg,IMG20260826124151.jpg,44,0,0,0.0,0,0
73-74,73,74,53,98,IMG20260826123446.jpg,IMG20260826124156.jpg,45,0,0,0.0,0,0
73-74,73,74,53,99,IMG20260826123446.jpg,IMG20260826124159.jpg,46,0,0,0.0,0,0
73-74,73,74,53,100,IMG20260826123446.jpg,IMG20260826124201.jpg,47,0,0,0.0,0,0
73-74,73,74,53,101,IMG20260826123446.jpg,IMG20260826124204.jpg,48,0,0,0.0,0,0
73-74,73,74,53,102,IMG20260826123446.jpg,IMG20260826124210.jpg,49,0,0,0.0,0,0
73-74,73,74,53,103,IMG20260826123446.jpg,IMG20260826124214.jpg,50,0,0,0.0,0,0
73-74,73,74,53,104,IMG20260826123446.jpg,IMG20260826124218.jpg,51,0,0,0.0,0,0
73-74,73,74,53,105,IMG20260826123446.jpg,IMG20260826124234.jpg,52,0,0,0.0,0,0
73-74,73,74,53,106,IMG20260826123446.jpg,IMG20260826124237.jpg,53,0,0,0.0,0,0
73-74,73,74,53,107,IMG20260826123446.jpg,IMG20260826124240.jpg,54,15,0,0.0,0,0
73-74,73,74,53,108,IMG20260826123446.jpg,IMG20260826124243.jpg,55,0,0,0.0,0,0
73-74,73,74,53,109,IMG20260826123446.jpg,IMG20260826124248.jpg,56,0,0,0.0,0,0
73-74,73,74,53,110,IMG20260826123446.jpg,IMG20260826124305.jpg,57,0,0,0.0,0,0
73-74,73,74,53,111,IMG20260826123446.jpg,IMG20260826124308.jpg,58,0,0,0.0,0,0
73-74,73,74,53,112,IMG20260826123446.jpg,IMG20260826124313.jpg,59,0,0,0.0,0,0
73-74,73,74,53,113,IMG20260826123446.jpg,IMG20260826124317.jpg,60,0,0,0.0,0,0
73-74,73,74,54,95,IMG20260826123450.jpg,IMG20260826124146.jpg,41,0,0,0.0,0,0
73-74,73,74,54,96,IMG20260826123450.jpg,IMG20260826124148.jpg,42,0,0,0.0,0,0
73-74,73,74,54,97,IMG20260826123450.jpg,IMG20260826124151.jpg,43,15,0,0.0,0,0
73-74,73,74,54,98,IMG20260826123450.jpg,IMG20260826124156.jpg,44,0,0,0.0,0,0
73-74,73,74,54,99,IMG20260826123450.jpg,IMG20260826124159.jpg,45,0,0,0.0,0,0
73-74,73,74,54,100,IMG20260826123450.jpg,IMG20260826124201.jpg,46,0,0,0.0,0,0
73-74,73,74,54,101,IMG20260826123450.jpg,IMG20260826124204.jpg,47,0,0,0.0,0,0
73-74,73,74,54,102,IMG20260826123450.jpg,IMG20260826124210.jpg,48,0,0,0.0,0,0
73-74,73,74,54,103,IMG20260826123450.jpg,IMG20260826124214.jpg,49,19,0,0.0,0,0
73-74,73,74,54,104,IMG20260826123450.jpg,IMG20260826124218.jpg,50,0,0,0.0,0,0
73-74,73,74,54,105,IMG20260826123450.jpg,IMG20260826124234.jpg,51,0,0,0.0,0,0
73-74,73,74,54,106,IMG20260826123450.jpg,IMG20260826124237.jpg,52,16,0,0.0,0,0
73-74,73,74,54,107,IMG20260826123450.jpg,IMG20260826124240.jpg,53,0,0,0.0,0,0
73-74,73,74,54,108,IMG20260826123450.jpg,IMG20260826124243.jpg,54,0,0,0.0,0,0
73-74,73,74,54,109,IMG20260826123450.jpg,IMG20260826124248.jpg,55,15,0,0.0,0,0
73-74,73,74,54,110,IMG20260826123450.jpg,IMG20260826124305.jpg,56,0,0,0.0,0,0
73-74,73,74,54,111,IMG20260826123450.jpg,IMG20260826124308.jpg,57,0,0,0.0,0,0
73-74,73,74,54,112,IMG20260826123450.jpg,IMG20260826124313.jpg,58,0,0,0.0,0,0
73-74,73,74,54,113,IMG20260826123450.jpg,IMG20260826124317.jpg,59,0,0,0.0,0,0
73-74,73,74,55,96,IMG20260826123454.jpg,IMG20260826124148.jpg,41,0,0,0.0,0,0
73-74,73,74,55,97,IMG20260826123454.jpg,IMG20260826124151.jpg,42,0,0,0.0,0,0
73-74,73,74,55,98,IMG20260826123454.jpg,IMG20260826124156.jpg,43,16,0,0.0,0,0
73-74,73,74,55,99,IMG20260826123454.jpg,IMG20260826124159.jpg,44,0,0,0.0,0,0
73-74,73,74,55,100,IMG20260826123454.jpg,IMG20260826124201.jpg,45,0,0,0.0,0,0
73-74,73,74,55,101,IMG20260826123454.jpg,IMG20260826124204.jpg,46,15,0,0.0,0,0
73-74,73,74,55,102,IMG20260826123454.jpg,IMG20260826124210.jpg,47,0,0,0.0,0,0
73-74,73,74,55,103,IMG20260826123454.jpg,IMG20260826124214.jpg,48,17,0,0.0,0,0
73-74,73,74,55,104,IMG20260826123454.jpg,IMG20260826124218.jpg,49,16,0,0.0,0,0
73-74,73,74,55,105,IMG20260826123454.jpg,IMG20260826124234.jpg,50,17,0,0.0,0,0
73-74,73,74,55,106,IMG20260826123454.jpg,IMG20260826124237.jpg,51,0,0,0.0,0,0
73-74,73,74,55,107,IMG20260826123454.jpg,IMG20260826124240.jpg,52,0,0,0.0,0,0
73-74,73,74,55,108,IMG20260826123454.jpg,IMG20260826124243.jpg,53,0,0,0.0,0,0
73-74,73,74,55,109,IMG20260826123454.jpg,IMG20260826124248.jpg,54,0,0,0.0,0,0
73-74,73,74,55,110,IMG20260826123454.jpg,IMG20260826124305.jpg,55,0,0,0.0,0,0
73-74,73,74,55,111,IMG20260826123454.jpg,IMG20260826124308.jpg,56,0,0,0.0,0,0
73-74,73,74,55,112,IMG20260826123454.jpg,IMG20260826124313.jpg,57,18,0,0.0,0,0
73-74,73,74,55,113,IMG20260826123454.jpg,IMG20260826124317.jpg,58,0,0,0.0,0,0
73-74,73,74,56,97,IMG20260826123708.jpg,IMG20260826124151.jpg,41,0,0,0.0,0,0
73-74,73,74,56,98,IMG20260826123708.jpg,IMG20260826124156.jpg,42,0,0,0.0,0,0
73-74,73,74,56,99,IMG20260826123708.jpg,IMG20260826124159.jpg,43,0,0,0.0,0,0
73-74,73,74,56,100,IMG20260826123708.jpg,IMG20260826124201.jpg,44,0,0,0.0,0,0
73-74,73,74,56,101,IMG20260826123708.jpg,IMG20260826124204.jpg,45,15,0,0.0,0,0
73-74,73,74,56,102,IMG20260826123708.jpg,IMG20260826124210.jpg,46,0,0,0.0,0,0
73-74,73,74,56,103,IMG20260826123708.jpg,IMG20260826124214.jpg,47,0,0,0.0,0,0
73-74,73,74,56,104,IMG20260826123708.jpg,IMG20260826124218.jpg,48,0,0,0.0,0,0
73-74,73,74,56,105,IMG20260826123708.jpg,IMG20260826124234.jpg,49,0,0,0.0,0,0
73-74,73,74,56,106,IMG20260826123708.jpg,IMG20260826124237.jpg,50,0,0,0.0,0,0
73-74,73,74,56,107,IMG20260826123708.jpg,IMG20260826124240.jpg,51,0,0,0.0,0,0
73-74,73,74,56,108,IMG20260826123708.jpg,IMG20260826124243.jpg,52,0,0,0.0,0,0
73-74,73,74,56,109,IMG20260826123708.jpg,IMG20260826124248.jpg,53,15,0,0.0,0,0
73-74,73,74,56,110,IMG20260826123708.jpg,IMG20260826124305.jpg,54,0,0,0.0,0,0
73-74,73,74,56,111,IMG20260826123708.jpg,IMG20260826124308.jpg,55,0,0,0.0,0,0
73-74,73,74,56,112,IMG20260826123708.jpg,IMG20260826124313.jpg,56,0,0,0.0,0,0
73-74,73,74,56,113,IMG20260826123708.jpg,IMG20260826124317.jpg,57,0,0,0.0,0,0
73-74,73,74,57,98,IMG20260826123712.jpg,IMG20260826124156.jpg,41,17,0,0.0,0,0
73-74,73,74,57,99,IMG20260826123712.jpg,IMG20260826124159.jpg,42,0,0,0.0,0,0
73-74,73,74,57,100,IMG20260826123712.jpg,IMG20260826124201.jpg,43,0,0,0.0,0,0
73-74,73,74,57,101,IMG20260826123712.jpg,IMG20260826124204.jpg,44,0,0,0.0,0,0
73-74,73,74,57,102,IMG20260826123712.jpg,IMG20260826124210.jpg,45,0,0,0.0,0,0
73-74,73,74,57,103,IMG20260826123712.jpg,IMG20260826124214.jpg,46,0,0,0.0,0,0
73-74,73,74,57,104,IMG20260826123712.jpg,IMG20260826124218.jpg,47,0,0,0.0,0,0
73-74,73,74,57,105,IMG20260826123712.jpg,IMG20260826124234.jpg,48,0,0,0.0,0,0
73-74,73,74,57,106,IMG20260826123712.jpg,IMG20260826124237.jpg,49,0,0,0.0,0,0
73-74,73,74,57,107,IMG20260826123712.jpg,IMG20260826124240.jpg,50,0,0,0.0,0,0
73-74,73,74,57,108,IMG20260826123712.jpg,IMG20260826124243.jpg,51,0,0,0.0,0,0
73-74,73,74,57,109,IMG20260826123712.jpg,IMG20260826124248.jpg,52,15,0,0.0,0,0
73-74,73,74,57,110,IMG20260826123712.jpg,IMG20260826124305.jpg,53,0,0,0.0,0,0
73-74,73,74,57,111,IMG20260826123712.jpg,IMG20260826124308.jpg,54,0,0,0.0,0,0
73-74,73,74,57,112,IMG20260826123712.jpg,IMG20260826124313.jpg,55,0,0,0.0,0,0
73-74,73,74,57,113,IMG20260826123712.jpg,IMG20260826124317.jpg,56,0,0,0.0,0,0
73-74,73,74,58,99,IMG20260826123719.jpg,IMG20260826124159.jpg,41,15,0,0.0,0,0
73-74,73,74,58,100,IMG20260826123719.jpg,IMG20260826124201.jpg,42,15,0,0.0,0,0
73-74,73,74,58,101,IMG20260826123719.jpg,IMG20260826124204.jpg,43,0,0,0.0,0,0
73-74,73,74,58,102,IMG20260826123719.jpg,IMG20260826124210.jpg,44,15,0,0.0,0,0
73-74,73,74,58,103,IMG20260826123719.jpg,IMG20260826124214.jpg,45,0,0,0.0,0,0
73-74,73,74,58,104,IMG20260826123719.jpg,IMG20260826124218.jpg,46,0,0,0.0,0,0
73-74,73,74,58,105,IMG20260826123719.jpg,IMG20260826124234.jpg,47,0,0,0.0,0,0
73-74,73,74,58,106,IMG20260826123719.jpg,IMG20260826124237.jpg,48,0,0,0.0,0,0
73-74,73,74,58,107,IMG20260826123719.jpg,IMG20260826124240.jpg,49,0,0,0.0,0,0
73-74,73,74,58,108,IMG20260826123719.jpg,IMG20260826124243.jpg,50,0,0,0.0,0,0
73-74,73,74,58,109,IMG20260826123719.jpg,IMG20260826124248.jpg,51,0,0,0.0,0,0
73-74,73,74,58,110,IMG20260826123719.jpg,IMG20260826124305.jpg,52,0,0,0.0,0,0
73-74,73,74,58,111,IMG20260826123719.jpg,IMG20260826124308.jpg,53,0,0,0.0,0,0
73-74,73,74,58,112,IMG20260826123719.jpg,IMG20260826124313.jpg,54,0,0,0.0,0,0
73-74,73,74,58,113,IMG20260826123719.jpg,IMG20260826124317.jpg,55,0,0,0.0,0,0
73-74,73,74,59,100,IMG20260826123725.jpg,IMG20260826124201.jpg,41,0,0,0.0,0,0
73-74,73,74,59,101,IMG20260826123725.jpg,IMG20260826124204.jpg,42,15,0,0.0,0,0
73-74,73,74,59,102,IMG20260826123725.jpg,IMG20260826124210.jpg,43,0,0,0.0,0,0
73-74,73,74,59,103,IMG20260826123725.jpg,IMG20260826124214.jpg,44,0,0,0.0,0,0
73-74,73,74,59,104,IMG20260826123725.jpg,IMG20260826124218.jpg,45,0,0,0.0,0,0
73-74,73,74,59,105,IMG20260826123725.jpg,IMG20260826124234.jpg,46,0,0,0.0,0,0
73-74,73,74,59,106,IMG20260826123725.jpg,IMG20260826124237.jpg,47,0,0,0.0,0,0
73-74,73,74,59,107,IMG20260826123725.jpg,IMG20260826124240.jpg,48,0,0,0.0,0,0
73-74,73,74,59,108,IMG20260826123725.jpg,IMG20260826124243.jpg,49,0,0,0.0,0,0
73-74,73,74,59,109,IMG20260826123725.jpg,IMG20260826124248.jpg,50,0,0,0.0,0,0
73-74,73,74,59,110,IMG20260826123725.jpg,IMG20260826124305.jpg,51,0,0,0.0,0,0
73-74,73,74,59,111,IMG20260826123725.jpg,IMG20260826124308.jpg,52,0,0,0.0,0,0
73-74,73,74,59,112,IMG20260826123725.jpg,IMG20260826124313.jpg,53,0,0,0.0,0,0
73-74,73,74,59,113,IMG20260826123725.jpg,IMG20260826124317.jpg,54,0,0,0.0,0,0
73-74,73,74,60,101,IMG20260826123730.jpg,IMG20260826124204.jpg,41,0,0,0.0,0,0
73-74,73,74,60,102,IMG20260826123730.jpg,IMG20260826124210.jpg,42,0,0,0.0,0,0
73-74,73,74,60,103,IMG20260826123730.jpg,IMG20260826124214.jpg,43,0,0,0.0,0,0
73-74,73,74,60,104,IMG20260826123730.jpg,IMG20260826124218.jpg,44,0,0,0.0,0,0
73-74,73,74,60,105,IMG20260826123730.jpg,IMG20260826124234.jpg,45,0,0,0.0,0,0
73-74,73,74,60,106,IMG20260826123730.jpg,IMG20260826124237.jpg,46,17,0,0.0,0,0
73-74,73,74,60,107,IMG20260826123730.jpg,IMG20260826124240.jpg,47,18,0,0.0,0,0
73-74,73,74,60,108,IMG20260826123730.jpg,IMG20260826124243.jpg,48,0,0,0.0,0,0
73-74,73,74,60,109,IMG20260826123730.jpg,IMG20260826124248.jpg,49,0,0,0.0,0,0
73-74,73,74,60,110,IMG20260826123730.jpg,IMG20260826124305.jpg,50,0,0,0.0,0,0
73-74,73,74,60,111,IMG20260826123730.jpg,IMG20260826124308.jpg,51,0,0,0.0,0,0
73-74,73,74,60,112,IMG20260826123730.jpg,IMG20260826124313.jpg,52,0,0,0.0,0,0
73-74,73,74,60,113,IMG20260826123730.jpg,IMG20260826124317.jpg,53,0,0,0.0,0,0
73-74,73,74,61,102,IMG20260826123733.jpg,IMG20260826124210.jpg,41,0,0,0.0,0,0
73-74,73,74,61,103,IMG20260826123733.jpg,IMG20260826124214.jpg,42,0,0,0.0,0,0
73-74,73,74,61,104,IMG20260826123733.jpg,IMG20260826124218.jpg,43,0,0,0.0,0,0
73-74,73,74,61,105,IMG20260826123733.jpg,IMG20260826124234.jpg,44,0,0,0.0,0,0
73-74,73,74,61,106,IMG20260826123733.jpg,IMG20260826124237.jpg,45,0,0,0.0,0,0
73-74,73,74,61,107,IMG20260826123733.jpg,IMG20260826124240.jpg,46,0,0,0.0,0,0
73-74,73,74,61,108,IMG20260826123733.jpg,IMG20260826124243.jpg,47,0,0,0.0,0,0
73-74,73,74,61,109,IMG20260826123733.jpg,IMG20260826124248.jpg,48,16,0,0.0,0,0
73-74,73,74,61,110,IMG20260826123733.jpg,IMG20260826124305.jpg,49,0,0,0.0,0,0
73-74,73,74,61,111,IMG20260826123733.jpg,IMG20260826124308.jpg,50,0,0,0.0,0,0
73-74,73,74,61,112,IMG20260826123733.jpg,IMG20260826124313.jpg,51,17,0,0.0,0,0
73-74,73,74,61,113,IMG20260826123733.jpg,IMG20260826124317.jpg,52,0,0,0.0,0,0
73-74,73,74,62,103,IMG20260826123740.jpg,IMG20260826124214.jpg,41,0,0,0.0,0,0
73-74,73,74,62,104,IMG20260826123740.jpg,IMG20260826124218.jpg,42,0,0,0.0,0,0
73-74,73,74,62,105,IMG20260826123740.jpg,IMG20260826124234.jpg,43,15,0,0.0,0,0
73-74,73,74,62,106,IMG20260826123740.jpg,IMG20260826124237.jpg,44,0,0,0.0,0,0
73-74,73,74,62,107,IMG20260826123740.jpg,IMG20260826124240.jpg,45,0,0,0.0,0,0
73-74,73,74,62,108,IMG20260826123740.jpg,IMG20260826124243.jpg,46,0,0,0.0,0,0
73-74,73,74,62,109,IMG20260826123740.jpg,IMG20260826124248.jpg,47,17,0,0.0,0,0
73-74,73,74,62,110,IMG20260826123740.jpg,IMG20260826124305.jpg,48,0,0,0.0,0,0
73-74,73,74,62,111,IMG20260826123740.jpg,IMG20260826124308.jpg,49,18,0,0.0,0,0
73-74,73,74,62,112,IMG20260826123740.jpg,IMG20260826124313.jpg,50,0,0,0.0,0,0
73-74,73,74,62,113,IMG20260826123740.jpg,IMG20260826124317.jpg,51,0,0,0.0,0,0
73-74,73,74,63,104,IMG20260826123746.jpg,IMG20260826124218.jpg,41,15,0,0.0,0,0
73-74,73,74,63,105,IMG20260826123746.jpg,IMG20260826124234.jpg,42,15,0,0.0,0,0
73-74,73,74,63,106,IMG20260826123746.jpg,IMG20260826124237.jpg,43,0,0,0.0,0,0
73-74,73,74,63,107,IMG20260826123746.jpg,IMG20260826124240.jpg,44,0,0,0.0,0,0
73-74,73,74,63,108,IMG20260826123746.jpg,IMG20260826124243.jpg,45,0,0,0.0,0,0
73-74,73,74,63,109,IMG20260826123746.jpg,IMG20260826124248.jpg,46,0,0,0.0,0,0
73-74,73,74,63,110,IMG20260826123746.jpg,IMG20260826124305.jpg,47,0,0,0.0,0,0
73-74,73,74,63,111,IMG20260826123746.jpg,IMG20260826124308.jpg,48,0,0,0.0,0,0
73-74,73,74,63,112,IMG20260826123746.jpg,IMG20260826124313.jpg,49,18,0,0.0,0,0
73-74,73,74,63,113,IMG20260826123746.jpg,IMG20260826124317.jpg,50,0,0,0.0,0,0
73-74,73,74,64,105,IMG20260826123749.jpg,IMG20260826124234.jpg,41,16,0,0.0,0,0
73-74,73,74,64,106,IMG20260826123749.jpg,IMG20260826124237.jpg,42,17,0,0.0,0,0
73-74,73,74,64,107,IMG20260826123749.jpg,IMG20260826124240.jpg,43,0,0,0.0,0,0
73-74,73,74,64,108,IMG20260826123749.jpg,IMG20260826124243.jpg,44,0,0,0.0,0,0
73-74,73,74,64,109,IMG20260826123749.jpg,IMG20260826124248.jpg,45,17,0,0.0,0,0
73-74,73,74,64,110,IMG20260826123749.jpg,IMG20260826124305.jpg,46,0,0,0.0,0,0
73-74,73,74,64,111,IMG20260826123749.jpg,IMG20260826124308.jpg,47,0,0,0.0,0,0
73-74,73,74,64,112,IMG20260826123749.jpg,IMG20260826124313.jpg,48,0,0,0.0,0,0
73-74,73,74,64,113,IMG20260826123749.jpg,IMG20260826124317.jpg,49,20,0,0.0,0,0
73-74,73,74,65,106,IMG20260826123753.jpg,IMG20260826124237.jpg,41,0,0,0.0,0,0
73-74,73,74,65,107,IMG20260826123753.jpg,IMG20260826124240.jpg,42,0,0,0.0,0,0
73-74,73,74,65,108,IMG20260826123753.jpg,IMG20260826124243.jpg,43,0,0,0.0,0,0
73-74,73,74,65,109,IMG20260826123753.jpg,IMG20260826124248.jpg,44,0,0,0.0,0,0
73-74,73,74,65,110,IMG20260826123753.jpg,IMG20260826124305.jpg,45,0,0,0.0,0,0
73-74,73,74,65,111,IMG20260826123753.jpg,IMG20260826124308.jpg,46,15,0,0.0,0,0
73-74,73,74,65,112,IMG20260826123753.jpg,IMG20260826124313.jpg,47,0,0,0.0,0,0
73-74,73,74,65,113,IMG20260826123753.jpg,IMG20260826124317.jpg,48,22,0,0.0,0,0
73-74,73,74,66,107,IMG20260826123759.jpg,IMG20260826124240.jpg,41,0,0,0.0,0,0
73-74,73,74,66,108,IMG20260826123759.jpg,IMG20260826124243.jpg,42,0,0,0.0,0,0
73-74,73,74,66,109,IMG20260826123759.jpg,IMG20260826124248.jpg,43,19,0,0.0,0,0
73-74,73,74,66,110,IMG20260826123759.jpg,IMG20260826124305.jpg,44,0,0,0.0,0,0
73-74,73,74,66,111,IMG20260826123759.jpg,IMG20260826124308.jpg,45,17,0,0.0,0,0
73-74,73,74,66,112,IMG20260826123759.jpg,IMG20260826124313.jpg,46,15,0,0.0,0,0
73-74,73,74,66,113,IMG20260826123759.jpg,IMG20260826124317.jpg,47,0,0,0.0,0,0
73-74,73,74,67,108,IMG20260826123804.jpg,IMG20260826124243.jpg,41,0,0,0.0,0,0
73-74,73,74,67,109,IMG20260826123804.jpg,IMG20260826124248.jpg,42,0,0,0.0,0,0
73-74,73,74,67,110,IMG20260826123804.jpg,IMG20260826124305.jpg,43,15,0,0.0,0,0
73-74,73,74,67,111,IMG20260826123804.jpg,IMG20260826124308.jpg,44,0,0,0.0,0,0
73-74,73,74,67,112,IMG20260826123804.jpg,IMG20260826124313.jpg,45,23,0,0.0,0,0
73-74,73,74,67,113,IMG20260826123804.jpg,IMG20260826124317.jpg,46,16,0,0.0,0,0
73-74,73,74,68,109,IMG20260826123807.jpg,IMG20260826124248.jpg,41,0,0,0.0,0,0
73-74,73,74,68,110,IMG20260826123807.jpg,IMG20260826124305.jpg,42,0,0,0.0,0,0
73-74,73,74,68,111,IMG20260826123807.jpg,IMG20260826124308.jpg,43,0,0,0.0,0,0
73-74,73,74,68,112,IMG20260826123807.jpg,IMG20260826124313.jpg,44,0,0,0.0,0,0
73-74,73,74,68,113,IMG20260826123807.jpg,IMG20260826124317.jpg,45,0,0,0.0,0,0
73-74,73,74,69,110,IMG20260826123810.jpg,IMG20260826124305.jpg,41,0,0,0.0,0,0
73-74,73,74,69,111,IMG20260826123810.jpg,IMG20260826124308.jpg,42,0,0,0.0,0,0
73-74,73,74,69,112,IMG20260826123810.jpg,IMG20260826124313.jpg,43,18,0,0.0,0,0
73-74,73,74,69,113,IMG20260826123810.jpg,IMG20260826124317.jpg,44,0,0,0.0,0,0
73-74,73,74,70,111,IMG20260826123813.jpg,IMG20260826124308.jpg,41,0,0,0.0,0,0
73-74,73,74,70,112,IMG20260826123813.jpg,IMG20260826124313.jpg,42,16,0,0.0,0,0
73-74,73,74,70,113,IMG20260826123813.jpg,IMG20260826124317.jpg,43,0,0,0.0,0,0
73-74,73,74,71,112,IMG20260826123816.jpg,IMG20260826124313.jpg,41,0,0,0.0,0,0
73-74,73,74,71,113,IMG20260826123816.jpg,IMG20260826124317.jpg,42,17,0,0.0,0,0
73-74,73,74,72,113,IMG20260826123820.jpg,IMG20260826124317.jpg,41,17,0,0.0,0,0
145-146,145,146,106,147,IMG20260826124237.jpg,IMG20260826124905.jpg,41,0,0,0.0,0,0
145-146,145,146,106,148,IMG20260826124237.jpg,IMG20260826124908.jpg,42,0,0,0.0,0,0
145-146,145,146,106,149,IMG20260826124237.jpg,IMG20260826124910.jpg,43,0,0,0.0,0,0
145-146,145,146,106,150,IMG20260826124237.jpg,IMG20260826124913.jpg,44,0,0,0.0,0,0
145-146,145,146,106,151,IMG20260826124237.jpg,IMG20260826124916.jpg,45,0,0,0.0,0,0
145-146,145,146,106,152,IMG20260826124237.jpg,IMG20260826124921.jpg,46,0,0,0.0,0,0
145-146,145,146,106,153,IMG20260826124237.jpg,IMG20260826124924.jpg,47,0,0,0.0,0,0
145-146,145,146,106,154,IMG20260826124237.jpg,IMG20260826124927.jpg,48,0,0,0.0,0,0
145-146,145,146,106,155,IMG20260826124237.jpg,IMG20260826124930.jpg,49,0,0,0.0,0,0
145-146,145,146,106,156,IMG20260826124237.jpg,IMG20260826124933.jpg,50,18,0,0.0,0,0
145-146,145,146,106,157,IMG20260826124237.jpg,IMG20260826124936.jpg,51,15,0,0.0,0,0
145-146,145,146,106,158,IMG20260826124237.jpg,IMG20260826124945.jpg,52,0,0,0.0,0,0
145-146,145,146,106,159,IMG20260826124237.jpg,IMG20260826124948.jpg,53,15,0,0.0,0,0
145-146,145,146,106,160,IMG20260826124237.jpg,IMG20260826124951.jpg,54,0,0,0.0,0,0
145-146,145,146,106,161,IMG20260826124237.jpg,IMG20260826124954.jpg,55,0,0,0.0,0,0
145-146,145,146,106,162,IMG20260826124237.jpg,IMG20260826125001.jpg,56,0,0,0.0,0,0
145-146,145,146,106,163,IMG20260826124237.jpg,IMG20260826125004.jpg,57,0,0,0.0,0,0
145-146,145,146,106,164,IMG20260826124237.jpg,IMG20260826125007.jpg,58,15,0,0.0,0,0
145-146,145,146,106,165,IMG20260826124237.jpg,IMG20260826125013.jpg,59,0,0,0.0,0,0
145-146,145,146,106,166,IMG20260826124237.jpg,IMG20260826125016.jpg,60,0,0,0.0,0,0
145-146,145,146,106,167,IMG20260826124237.jpg,IMG20260826125018.jpg,61,0,0,0.0,0,0
145-146,145,146,106,168,IMG20260826124237.jpg,IMG20260826125103.jpg,62,0,0,0.0,0,0
145-146,145,146,106,169,IMG20260826124237.jpg,IMG20260826125108.jpg,63,0,0,0.0,0,0
145-146,145,146,106,170,IMG20260826124237.jpg,IMG20260826125111.jpg,64,0,0,0.0,0,0
145-146,145,146,106,171,IMG20260826124237.jpg,IMG20260826125124.jpg,65,0,0,0.0,0,0
145-146,145,146,106,172,IMG20260826124237.jpg,IMG20260826125127.jpg,66,0,0,0.0,0,0
145-146,145,146,106,173,IMG20260826124237.jpg,IMG20260826125130.jpg,67,0,0,0.0,0,0
145-146,145,146,106,174,IMG20260826124237.jpg,IMG20260826125133.jpg,68,0,0,0.0,0,0
145-146,145,146,106,175,IMG20260826124237.jpg,IMG20260826125137.jpg,69,0,0,0.0,0,0
145-146,145,146,106,176,IMG20260826124237.jpg,IMG20260826125139.jpg,70,0,0,0.0,0,0
145-146,145,146,106,177,IMG20260826124237.jpg,IMG20260826125146.jpg,71,0,0,0.0,0,0
145-146,145,146,106,178,IMG20260826124237.jpg,IMG20260826125151.jpg,72,0,0,0.0,0,0
145-146,145,146,106,179,IMG20260826124237.jpg,IMG20260826125156.jpg,73,0,0,0.0,0,0
145-146,145,146,106,180,IMG20260826124237.jpg,IMG20260826125224.jpg,74,0,0,0.0,0,0
145-146,145,146,106,181,IMG20260826124237.jpg,IMG20260826125228.jpg,75,0,0,0.0,0,0
145-146,145,146,106,182,IMG20260826124237.jpg,IMG20260826125230.jpg,76,16,0,0.0,0,0
145-146,145,146,106,183,IMG20260826124237.jpg,IMG20260826125234.jpg,77,15,0,0.0,0,0
145-146,145,146,106,184,IMG20260826124237.jpg,IMG20260826125237.jpg,78,0,0,0.0,0,0
145-146,145,146,106,185,IMG20260826124237.jpg,IMG20260826125241.jpg,79,0,0,0.0,0,0
145-146,145,146,107,148,IMG20260826124240.jpg,IMG20260826124908.jpg,41,0,0,0.0,0,0
145-146,145,146,107,149,IMG20260826124240.jpg,IMG20260826124910.jpg,42,0,0,0.0,0,0
145-146,145,146,107,150,IMG20260826124240.jpg,IMG20260826124913.jpg,43,0,0,0.0,0,0
145-146,145,146,107,151,IMG20260826124240.jpg,IMG20260826124916.jpg,44,0,0,0.0,0,0
145-146,145,146,107,152,IMG20260826124240.jpg,IMG20260826124921.jpg,45,0,0,0.0,0,0
145-146,145,146,107,153,IMG20260826124240.jpg,IMG20260826124924.jpg,46,0,0,0.0,0,0
145-146,145,146,107,154,IMG20260826124240.jpg,IMG20260826124927.jpg,47,0,0,0.0,0,0
145-146,145,146,107,155,IMG20260826124240.jpg,IMG20260826124930.jpg,48,0,0,0.0,0,0
145-146,145,146,107,156,IMG20260826124240.jpg,IMG20260826124933.jpg,49,0,0,0.0,0,0
145-146,145,146,107,157,IMG20260826124240.jpg,IMG20260826124936.jpg,50,0,0,0.0,0,0
145-146,145,146,107,158,IMG20260826124240.jpg,IMG20260826124945.jpg,51,0,0,0.0,0,0
145-146,145,146,107,159,IMG20260826124240.jpg,IMG20260826124948.jpg,52,0,0,0.0,0,0
145-146,145,146,107,160,IMG20260826124240.jpg,IMG20260826124951.jpg,53,0,0,0.0,0,0
145-146,145,146,107,161,IMG20260826124240.jpg,IMG20260826124954.jpg,54,0,0,0.0,0,0
145-146,145,146,107,162,IMG20260826124240.jpg,IMG20260826125001.jpg,55,15,0,0.0,0,0
145-146,145,146,107,163,IMG20260826124240.jpg,IMG20260826125004.jpg,56,0,0,0.0,0,0
145-146,145,146,107,164,IMG20260826124240.jpg,IMG20260826125007.jpg,57,0,0,0.0,0,0
145-146,145,146,107,165,IMG20260826124240.jpg,IMG20260826125013.jpg,58,0,0,0.0,0,0
145-146,145,146,107,166,IMG20260826124240.jpg,IMG20260826125016.jpg,59,0,0,0.0,0,0
145-146,145,146,107,167,IMG20260826124240.jpg,IMG20260826125018.jpg,60,0,0,0.0,0,0
145-146,145,146,107,168,IMG20260826124240.jpg,IMG20260826125103.jpg,61,0,0,0.0,0,0
145-146,145,146,107,169,IMG20260826124240.jpg,IMG20260826125108.jpg,62,0,0,0.0,0,0
145-146,145,146,107,170,IMG20260826124240.jpg,IMG20260826125111.jpg,63,0,0,0.0,0,0
145-146,145,146,107,171,IMG20260826124240.jpg,IMG20260826125124.jpg,64,18,0,0.0,0,0
145-146,145,146,107,172,IMG20260826124240.jpg,IMG20260826125127.jpg,65,0,0,0.0,0,0
145-146,145,146,107,173,IMG20260826124240.jpg,IMG20260826125130.jpg,66,0,0,0.0,0,0
145-146,145,146,107,174,IMG20260826124240.jpg,IMG20260826125133.jpg,67,0,0,0.0,0,0
145-146,145,146,107,175,IMG20260826124240.jpg,IMG20260826125137.jpg,68,0,0,0.0,0,0
145-146,145,146,107,176,IMG20260826124240.jpg,IMG20260826125139.jpg,69,0,0,0.0,0,0
145-146,145,146,107,177,IMG20260826124240.jpg,IMG20260826125146.jpg,70,0,0,0.0,0,0
145-146,145,146,107,178,IMG20260826124240.jpg,IMG20260826125151.jpg,71,0,0,0.0,0,0
145-146,145,146,107,179,IMG20260826124240.jpg,IMG20260826125156.jpg,72,0,0,0.0,0,0
145-146,145,146,107,180,IMG20260826124240.jpg,IMG20260826125224.jpg,73,0,0,0.0,0,0
145-146,145,146,107,181,IMG20260826124240.jpg,IMG20260826125228.jpg,74,0,0,0.0,0,0
145-146,145,146,107,182,IMG20260826124240.jpg,IMG20260826125230.jpg,75,0,0,0.0,0,0
145-146,145,146,107,183,IMG20260826124240.jpg,IMG20260826125234.jpg,76,0,0,0.0,0,0
145-146,145,146,107,184,IMG20260826124240.jpg,IMG20260826125237.jpg,77,0,0,0.0,0,0
145-146,145,146,107,185,IMG20260826124240.jpg,IMG20260826125241.jpg,78,21,0,0.0,0,0
145-146,145,146,108,149,IMG20260826124243.jpg,IMG20260826124910.jpg,41,0,0,0.0,0,0
145-146,145,146,108,150,IMG20260826124243.jpg,IMG20260826124913.jpg,42,0,0,0.0,0,0
145-146,145,146,108,151,IMG20260826124243.jpg,IMG20260826124916.jpg,43,0,0,0.0,0,0
145-146,145,146,108,152,IMG20260826124243.jpg,IMG20260826124921.jpg,44,0,0,0.0,0,0
145-146,145,146,108,153,IMG20260826124243.jpg,IMG20260826124924.jpg,45,0,0,0.0,0,0
145-146,145,146,108,154,IMG20260826124243.jpg,IMG20260826124927.jpg,46,0,0,0.0,0,0
145-146,145,146,108,155,IMG20260826124243.jpg,IMG20260826124930.jpg,47,16,0,0.0,0,0
145-146,145,146,108,156,IMG20260826124243.jpg,IMG20260826124933.jpg,48,0,0,0.0,0,0
145-146,145,146,108,157,IMG20260826124243.jpg,IMG20260826124936.jpg,49,0,0,0.0,0,0
145-146,145,146,108,158,IMG20260826124243.jpg,IMG20260826124945.jpg,50,0,0,0.0,0,0
145-146,145,146,108,159,IMG20260826124243.jpg,IMG20260826124948.jpg,51,17,0,0.0,0,0
145-146,145,146,108,160,IMG20260826124243.jpg,IMG20260826124951.jpg,52,0,0,0.0,0,0
145-146,145,146,108,161,IMG20260826124243.jpg,IMG20260826124954.jpg,53,0,0,0.0,0,0
145-146,145,146,108,162,IMG20260826124243.jpg,IMG20260826125001.jpg,54,0,0,0.0,0,0
145-146,145,146,108,163,IMG20260826124243.jpg,IMG20260826125004.jpg,55,0,0,0.0,0,0
145-146,145,146,108,164,IMG20260826124243.jpg,IMG20260826125007.jpg,56,0,0,0.0,0,0
145-146,145,146,108,165,IMG20260826124243.jpg,IMG20260826125013.jpg,57,0,0,0.0,0,0
145-146,145,146,108,166,IMG20260826124243.jpg,IMG20260826125016.jpg,58,0,0,0.0,0,0
145-146,145,146,108,167,IMG20260826124243.jpg,IMG20260826125018.jpg,59,0,0,0.0,0,0
145-146,145,146,108,168,IMG20260826124243.jpg,IMG20260826125103.jpg,60,0,0,0.0,0,0
145-146,145,146,108,169,IMG20260826124243.jpg,IMG20260826125108.jpg,61,0,0,0.0,0,0
145-146,145,146,108,170,IMG20260826124243.jpg,IMG20260826125111.jpg,62,0,0,0.0,0,0
145-146,145,146,108,171,IMG20260826124243.jpg,IMG20260826125124.jpg,63,0,0,0.0,0,0
145-146,145,146,108,172,IMG20260826124243.jpg,IMG20260826125127.jpg,64,0,0,0.0,0,0
145-146,145,146,108,173,IMG20260826124243.jpg,IMG20260826125130.jpg,65,0,0,0.0,0,0
145-146,145,146,108,174,IMG20260826124243.jpg,IMG20260826125133.jpg,66,0,0,0.0,0,0
145-146,145,146,108,175,IMG20260826124243.jpg,IMG20260826125137.jpg,67,0,0,0.0,0,0
145-146,145,146,108,176,IMG20260826124243.jpg,IMG20260826125139.jpg,68,0,0,0.0,0,0
145-146,145,146,108,177,IMG20260826124243.jpg,IMG20260826125146.jpg,69,0,0,0.0,0,0
145-146,145,146,108,178,IMG20260826124243.jpg,IMG20260826125151.jpg,70,0,0,0.0,0,0
145-146,145,146,108,179,IMG20260826124243.jpg,IMG20260826125156.jpg,71,0,0,0.0,0,0
145-146,145,146,108,180,IMG20260826124243.jpg,IMG20260826125224.jpg,72,0,0,0.0,0,0
145-146,145,146,108,181,IMG20260826124243.jpg,IMG20260826125228.jpg,73,16,0,0.0,0,0
145-146,145,146,108,182,IMG20260826124243.jpg,IMG20260826125230.jpg,74,0,0,0.0,0,0
145-146,145,146,108,183,IMG20260826124243.jpg,IMG20260826125234.jpg,75,0,0,0.0,0,0
145-146,145,146,108,184,IMG20260826124243.jpg,IMG20260826125237.jpg,76,15,0,0.0,0,0
145-146,145,146,108,185,IMG20260826124243.jpg,IMG20260826125241.jpg,77,0,0,0.0,0,0
145-146,145,146,109,150,IMG20260826124248.jpg,IMG20260826124913.jpg,41,0,0,0.0,0,0
145-146,145,146,109,151,IMG20260826124248.jpg,IMG20260826124916.jpg,42,0,0,0.0,0,0
145-146,145,146,109,152,IMG20260826124248.jpg,IMG20260826124921.jpg,43,15,0,0.0,0,0
145-146,145,146,109,153,IMG20260826124248.jpg,IMG20260826124924.jpg,44,0,0,0.0,0,0
145-146,145,146,109,154,IMG20260826124248.jpg,IMG20260826124927.jpg,45,0,0,0.0,0,0
145-146,145,146,109,155,IMG20260826124248.jpg,IMG20260826124930.jpg,46,0,0,0.0,0,0
145-146,145,146,109,156,IMG20260826124248.jpg,IMG20260826124933.jpg,47,0,0,0.0,0,0
145-146,145,146,109,157,IMG20260826124248.jpg,IMG20260826124936.jpg,48,0,0,0.0,0,0
145-146,145,146,109,158,IMG20260826124248.jpg,IMG20260826124945.jpg,49,0,0,0.0,0,0
145-146,145,146,109,159,IMG20260826124248.jpg,IMG20260826124948.jpg,50,16,0,0.0,0,0
145-146,145,146,109,160,IMG20260826124248.jpg,IMG20260826124951.jpg,51,0,0,0.0,0,0
145-146,145,146,109,161,IMG20260826124248.jpg,IMG20260826124954.jpg,52,16,0,0.0,0,0
145-146,145,146,109,162,IMG20260826124248.jpg,IMG20260826125001.jpg,53,18,0,0.0,0,0
145-146,145,146,109,163,IMG20260826124248.jpg,IMG20260826125004.jpg,54,0,0,0.0,0,0
145-146,145,146,109,164,IMG20260826124248.jpg,IMG20260826125007.jpg,55,15,0,0.0,0,0
145-146,145,146,109,165,IMG20260826124248.jpg,IMG20260826125013.jpg,56,0,0,0.0,0,0
145-146,145,146,109,166,IMG20260826124248.jpg,IMG20260826125016.jpg,57,0,0,0.0,0,0
145-146,145,146,109,167,IMG20260826124248.jpg,IMG20260826125018.jpg,58,0,0,0.0,0,0
145-146,145,146,109,168,IMG20260826124248.jpg,IMG20260826125103.jpg,59,0,0,0.0,0,0
145-146,145,146,109,169,IMG20260826124248.jpg,IMG20260826125108.jpg,60,0,0,0.0,0,0
145-146,145,146,109,170,IMG20260826124248.jpg,IMG20260826125111.jpg,61,0,0,0.0,0,0
145-146,145,146,109,171,IMG20260826124248.jpg,IMG20260826125124.jpg,62,0,0,0.0,0,0
145-146,145,146,109,172,IMG20260826124248.jpg,IMG20260826125127.jpg,63,0,0,0.0,0,0
145-146,145,146,109,173,IMG20260826124248.jpg,IMG20260826125130.jpg,64,0,0,0.0,0,0
145-146,145,146,109,174,IMG20260826124248.jpg,IMG20260826125133.jpg,65,0,0,0.0,0,0
145-146,145,146,109,175,IMG20260826124248.jpg,IMG20260826125137.jpg,66,17,0,0.0,0,0
145-146,145,146,109,176,IMG20260826124248.jpg,IMG20260826125139.jpg,67,15,0,0.0,0,0
145-146,145,146,109,177,IMG20260826124248.jpg,IMG20260826125146.jpg,68,0,0,0.0,0,0
145-146,145,146,109,178,IMG20260826124248.jpg,IMG20260826125151.jpg,69,0,0,0.0,0,0
145-146,145,146,109,179,IMG20260826124248.jpg,IMG20260826125156.jpg,70,0,0,0.0,0,0
145-146,145,146,109,180,IMG20260826124248.jpg,IMG20260826125224.jpg,71,0,0,0.0,0,0
145-146,145,146,109,181,IMG20260826124248.jpg,IMG20260826125228.jpg,72,0,0,0.0,0,0
145-146,145,146,109,182,IMG20260826124248.jpg,IMG20260826125230.jpg,73,17,0,0.0,0,0
145-146,145,146,109,183,IMG20260826124248.jpg,IMG20260826125234.jpg,74,0,0,0.0,0,0
145-146,145,146,109,184,IMG20260826124248.jpg,IMG20260826125237.jpg,75,0,0,0.0,0,0
145-146,145,146,109,185,IMG20260826124248.jpg,IMG20260826125241.jpg,76,0,0,0.0,0,0
145-146,145,146,110,151,IMG20260826124305.jpg,IMG20260826124916.jpg,41,15,0,0.0,0,0
145-146,145,146,110,152,IMG20260826124305.jpg,IMG20260826124921.jpg,42,0,0,0.0,0,0
145-146,145,146,110,153,IMG20260826124305.jpg,IMG20260826124924.jpg,43,0,0,0.0,0,0
145-146,145,146,110,154,IMG20260826124305.jpg,IMG20260826124927.jpg,44,0,0,0.0,0,0
145-146,145,146,110,155,IMG20260826124305.jpg,IMG20260826124930.jpg,45,0,0,0.0,0,0
145-146,145,146,110,156,IMG20260826124305.jpg,IMG20260826124933.jpg,46,0,0,0.0,0,0
145-146,145,146,110,157,IMG20260826124305.jpg,IMG20260826124936.jpg,47,0,0,0.0,0,0
145-146,145,146,110,158,IMG20260826124305.jpg,IMG20260826124945.jpg,48,0,0,0.0,0,0
145-146,145,146,110,159,IMG20260826124305.jpg,IMG20260826124948.jpg,49,0,0,0.0,0,0
145-146,145,146,110,160,IMG20260826124305.jpg,IMG20260826124951.jpg,50,0,0,0.0,0,0
145-146,145,146,110,161,IMG20260826124305.jpg,IMG20260826124954.jpg,51,0,0,0.0,0,0
145-146,145,146,110,162,IMG20260826124305.jpg,IMG20260826125001.jpg,52,0,0,0.0,0,0
145-146,145,146,110,163,IMG20260826124305.jpg,IMG20260826125004.jpg,53,0,0,0.0,0,0
145-146,145,146,110,164,IMG20260826124305.jpg,IMG20260826125007.jpg,54,0,0,0.0,0,0
145-146,145,146,110,165,IMG20260826124305.jpg,IMG20260826125013.jpg,55,0,0,0.0,0,0
145-146,145,146,110,166,IMG20260826124305.jpg,IMG20260826125016.jpg,56,0,0,0.0,0,0
145-146,145,146,110,167,IMG20260826124305.jpg,IMG20260826125018.jpg,57,0,0,0.0,0,0
145-146,145,146,110,168,IMG20260826124305.jpg,IMG20260826125103.jpg,58,0,0,0.0,0,0
145-146,145,146,110,169,IMG20260826124305.jpg,IMG20260826125108.jpg,59,0,0,0.0,0,0
145-146,145,146,110,170,IMG20260826124305.jpg,IMG20260826125111.jpg,60,0,0,0.0,0,0
145-146,145,146,110,171,IMG20260826124305.jpg,IMG20260826125124.jpg,61,0,0,0.0,0,0
145-146,145,146,110,172,IMG20260826124305.jpg,IMG20260826125127.jpg,62,0,0,0.0,0,0
145-146,145,146,110,173,IMG20260826124305.jpg,IMG20260826125130.jpg,63,0,0,0.0,0,0
145-146,145,146,110,174,IMG20260826124305.jpg,IMG20260826125133.jpg,64,0,0,0.0,0,0
145-146,145,146,110,175,IMG20260826124305.jpg,IMG20260826125137.jpg,65,0,0,0.0,0,0
145-146,145,146,110,176,IMG20260826124305.jpg,IMG20260826125139.jpg,66,0,0,0.0,0,0
145-146,145,146,110,177,IMG20260826124305.jpg,IMG20260826125146.jpg,67,0,0,0.0,0,0
145-146,145,146,110,178,IMG20260826124305.jpg,IMG20260826125151.jpg,68,0,0,0.0,0,0
145-146,145,146,110,179,IMG20260826124305.jpg,IMG20260826125156.jpg,69,0,0,0.0,0,0
145-146,145,146,110,180,IMG20260826124305.jpg,IMG20260826125224.jpg,70,0,0,0.0,0,0
145-146,145,146,110,181,IMG20260826124305.jpg,IMG20260826125228.jpg,71,0,0,0.0,0,0
145-146,145,146,110,182,IMG20260826124305.jpg,IMG20260826125230.jpg,72,0,0,0.0,0,0
145-146,145,146,110,183,IMG20260826124305.jpg,IMG20260826125234.jpg,73,16,0,0.0,0,0
145-146,145,146,110,184,IMG20260826124305.jpg,IMG20260826125237.jpg,74,0,0,0.0,0,0
145-146,145,146,110,185,IMG20260826124305.jpg,IMG20260826125241.jpg,75,0,0,0.0,0,0
145-146,145,146,111,152,IMG20260826124308.jpg,IMG20260826124921.jpg,41,0,0,0.0,0,0
145-146,145,146,111,153,IMG20260826124308.jpg,IMG20260826124924.jpg,42,17,0,0.0,0,0
145-146,145,146,111,154,IMG20260826124308.jpg,IMG20260826124927.jpg,43,0,0,0.0,0,0
145-146,145,146,111,155,IMG20260826124308.jpg,IMG20260826124930.jpg,44,0,0,0.0,0,0
145-146,145,146,111,156,IMG20260826124308.jpg,IMG20260826124933.jpg,45,18,0,0.0,0,0
145-146,145,146,111,157,IMG20260826124308.jpg,IMG20260826124936.jpg,46,0,0,0.0,0,0
145-146,145,146,111,158,IMG20260826124308.jpg,IMG20260826124945.jpg,47,0,0,0.0,0,0
145-146,145,146,111,159,IMG20260826124308.jpg,IMG20260826124948.jpg,48,0,0,0.0,0,0
145-146,145,146,111,160,IMG20260826124308.jpg,IMG20260826124951.jpg,49,16,0,0.0,0,0
145-146,145,146,111,161,IMG20260826124308.jpg,IMG20260826124954.jpg,50,15,0,0.0,0,0
145-146,145,146,111,162,IMG20260826124308.jpg,IMG20260826125001.jpg,51,16,0,0.0,0,0
145-146,145,146,111,163,IMG20260826124308.jpg,IMG20260826125004.jpg,52,16,0,0.0,0,0
145-146,145,146,111,164,IMG20260826124308.jpg,IMG20260826125007.jpg,53,0,0,0.0,0,0
145-146,145,146,111,165,IMG20260826124308.jpg,IMG20260826125013.jpg,54,0,0,0.0,0,0
145-146,145,146,111,166,IMG20260826124308.jpg,IMG20260826125016.jpg,55,0,0,0.0,0,0
145-146,145,146,111,167,IMG20260826124308.jpg,IMG20260826125018.jpg,56,0,0,0.0,0,0
145-146,145,146,111,168,IMG20260826124308.jpg,IMG20260826125103.jpg,57,0,0,0.0,0,0
145-146,145,146,111,169,IMG20260826124308.jpg,IMG20260826125108.jpg,58,0,0,0.0,0,0
145-146,145,146,111,170,IMG20260826124308.jpg,IMG20260826125111.jpg,59,0,0,0.0,0,0
145-146,145,146,111,171,IMG20260826124308.jpg,IMG20260826125124.jpg,60,0,0,0.0,0,0
145-146,145,146,111,172,IMG20260826124308.jpg,IMG20260826125127.jpg,61,15,0,0.0,0,0
145-146,145,146,111,173,IMG20260826124308.jpg,IMG20260826125130.jpg,62,0,0,0.0,0,0
145-146,145,146,111,174,IMG20260826124308.jpg,IMG20260826125133.jpg,63,0,0,0.0,0,0
145-146,145,146,111,175,IMG20260826124308.jpg,IMG20260826125137.jpg,64,0,0,0.0,0,0
145-146,145,146,111,176,IMG20260826124308.jpg,IMG20260826125139.jpg,65,0,0,0.0,0,0
145-146,145,146,111,177,IMG20260826124308.jpg,IMG20260826125146.jpg,66,0,0,0.0,0,0
145-146,145,146,111,178,IMG20260826124308.jpg,IMG20260826125151.jpg,67,0,0,0.0,0,0
145-146,145,146,111,179,IMG20260826124308.jpg,IMG20260826125156.jpg,68,0,0,0.0,0,0
145-146,145,146,111,180,IMG20260826124308.jpg,IMG20260826125224.jpg,69,0,0,0.0,0,0
145-146,145,146,111,181,IMG20260826124308.jpg,IMG20260826125228.jpg,70,0,0,0.0,0,0
145-146,145,146,111,182,IMG20260826124308.jpg,IMG20260826125230.jpg,71,16,0,0.0,0,0
145-146,145,146,111,183,IMG20260826124308.jpg,IMG20260826125234.jpg,72,0,0,0.0,0,0
145-146,145,146,111,184,IMG20260826124308.jpg,IMG20260826125237.jpg,73,0,0,0.0,0,0
145-146,145,146,111,185,IMG20260826124308.jpg,IMG20260826125241.jpg,74,0,0,0.0,0,0
145-146,145,146,112,153,IMG20260826124313.jpg,IMG20260826124924.jpg,41,0,0,0.0,0,0
145-146,145,146,112,154,IMG20260826124313.jpg,IMG20260826124927.jpg,42,0,0,0.0,0,0
145-146,145,146,112,155,IMG20260826124313.jpg,IMG20260826124930.jpg,43,0,0,0.0,0,0
145-146,145,146,112,156,IMG20260826124313.jpg,IMG20260826124933.jpg,44,0,0,0.0,0,0
145-146,145,146,112,157,IMG20260826124313.jpg,IMG20260826124936.jpg,45,0,0,0.0,0,0
145-146,145,146,112,158,IMG20260826124313.jpg,IMG20260826124945.jpg,46,0,0,0.0,0,0
145-146,145,146,112,159,IMG20260826124313.jpg,IMG20260826124948.jpg,47,0,0,0.0,0,0
145-146,145,146,112,160,IMG20260826124313.jpg,IMG20260826124951.jpg,48,0,0,0.0,0,0
145-146,145,146,112,161,IMG20260826124313.jpg,IMG20260826124954.jpg,49,0,0,0.0,0,0
145-146,145,146,112,162,IMG20260826124313.jpg,IMG20260826125001.jpg,50,16,0,0.0,0,0
145-146,145,146,112,163,IMG20260826124313.jpg,IMG20260826125004.jpg,51,0,0,0.0,0,0
145-146,145,146,112,164,IMG20260826124313.jpg,IMG20260826125007.jpg,52,0,0,0.0,0,0
145-146,145,146,112,165,IMG20260826124313.jpg,IMG20260826125013.jpg,53,0,0,0.0,0,0
145-146,145,146,112,166,IMG20260826124313.jpg,IMG20260826125016.jpg,54,0,0,0.0,0,0
145-146,145,146,112,167,IMG20260826124313.jpg,IMG20260826125018.jpg,55,0,0,0.0,0,0
145-146,145,146,112,168,IMG20260826124313.jpg,IMG20260826125103.jpg,56,0,0,0.0,0,0
145-146,145,146,112,169,IMG20260826124313.jpg,IMG20260826125108.jpg,57,0,0,0.0,0,0
145-146,145,146,112,170,IMG20260826124313.jpg,IMG20260826125111.jpg,58,15,0,0.0,0,0
145-146,145,146,112,171,IMG20260826124313.jpg,IMG20260826125124.jpg,59,0,0,0.0,0,0
145-146,145,146,112,172,IMG20260826124313.jpg,IMG20260826125127.jpg,60,0,0,0.0,0,0
145-146,145,146,112,173,IMG20260826124313.jpg,IMG20260826125130.jpg,61,0,0,0.0,0,0
145-146,145,146,112,174,IMG20260826124313.jpg,IMG20260826125133.jpg,62,0,0,0.0,0,0
145-146,145,146,112,175,IMG20260826124313.jpg,IMG20260826125137.jpg,63,0,0,0.0,0,0
145-146,145,146,112,176,IMG20260826124313.jpg,IMG20260826125139.jpg,64,0,0,0.0,0,0
145-146,145,146,112,177,IMG20260826124313.jpg,IMG20260826125146.jpg,65,0,0,0.0,0,0
145-146,145,146,112,178,IMG20260826124313.jpg,IMG20260826125151.jpg,66,0,0,0.0,0,0
145-146,145,146,112,179,IMG20260826124313.jpg,IMG20260826125156.jpg,67,0,0,0.0,0,0
145-146,145,146,112,180,IMG20260826124313.jpg,IMG20260826125224.jpg,68,0,0,0.0,0,0
145-146,145,146,112,181,IMG20260826124313.jpg,IMG20260826125228.jpg,69,15,0,0.0,0,0
145-146,145,146,112,182,IMG20260826124313.jpg,IMG20260826125230.jpg,70,0,0,0.0,0,0
145-146,145,146,112,183,IMG20260826124313.jpg,IMG20260826125234.jpg,71,0,0,0.0,0,0
145-146,145,146,112,184,IMG20260826124313.jpg,IMG20260826125237.jpg,72,0,0,0.0,0,0
145-146,145,146,112,185,IMG20260826124313.jpg,IMG20260826125241.jpg,73,0,0,0.0,0,0
145-146,145,146,113,154,IMG20260826124317.jpg,IMG20260826124927.jpg,41,0,0,0.0,0,0
145-146,145,146,113,155,IMG20260826124317.jpg,IMG20260826124930.jpg,42,0,0,0.0,0,0
145-146,145,146,113,156,IMG20260826124317.jpg,IMG20260826124933.jpg,43,15,0,0.0,0,0
145-146,145,146,113,157,IMG20260826124317.jpg,IMG20260826124936.jpg,44,16,0,0.0,0,0
145-146,145,146,113,158,IMG20260826124317.jpg,IMG20260826124945.jpg,45,0,0,0.0,0,0
145-146,145,146,113,159,IMG20260826124317.jpg,IMG20260826124948.jpg,46,0,0,0.0,0,0
145-146,145,146,113,160,IMG20260826124317.jpg,IMG20260826124951.jpg,47,0,0,0.0,0,0
145-146,145,146,113,161,IMG20260826124317.jpg,IMG20260826124954.jpg,48,0,0,0.0,0,0
145-146,145,146,113,162,IMG20260826124317.jpg,IMG20260826125001.jpg,49,0,0,0.0,0,0
145-146,145,146,113,163,IMG20260826124317.jpg,IMG20260826125004.jpg,50,0,0,0.0,0,0
145-146,145,146,113,164,IMG20260826124317.jpg,IMG20260826125007.jpg,51,0,0,0.0,0,0
145-146,145,146,113,165,IMG20260826124317.jpg,IMG20260826125013.jpg,52,15,0,0.0,0,0
145-146,145,146,113,166,IMG20260826124317.jpg,IMG20260826125016.jpg,53,0,0,0.0,0,0
145-146,145,146,113,167,IMG20260826124317.jpg,IMG20260826125018.jpg,54,0,0,0.0,0,0
145-146,145,146,113,168,IMG20260826124317.jpg,IMG20260826125103.jpg,55,0,0,0.0,0,0
145-146,145,146,113,169,IMG20260826124317.jpg,IMG20260826125108.jpg,56,0,0,0.0,0,0
145-146,145,146,113,170,IMG20260826124317.jpg,IMG20260826125111.jpg,57,0,0,0.0,0,0
145-146,145,146,113,171,IMG20260826124317.jpg,IMG20260826125124.jpg,58,0,0,0.0,0,0
145-146,145,146,113,172,IMG20260826124317.jpg,IMG20260826125127.jpg,59,16,0,0.0,0,0
145-146,145,146,113,173,IMG20260826124317.jpg,IMG20260826125130.jpg,60,0,0,0.0,0,0
145-146,145,146,113,174,IMG20260826124317.jpg,IMG20260826125133.jpg,61,0,0,0.0,0,0
145-146,145,146,113,175,IMG20260826124317.jpg,IMG20260826125137.jpg,62,0,0,0.0,0,0
145-146,145,146,113,176,IMG20260826124317.jpg,IMG20260826125139.jpg,63,0,0,0.0,0,0
145-146,145,146,113,177,IMG20260826124317.jpg,IMG20260826125146.jpg,64,0,0,0.0,0,0
145-146,145,146,113,178,IMG20260826124317.jpg,IMG20260826125151.jpg,65,0,0,0.0,0,0
145-146,145,146,113,179,IMG20260826124317.jpg,IMG20260826125156.jpg,66,0,0,0.0,0,0
145-146,145,146,113,180,IMG20260826124317.jpg,IMG20260826125224.jpg,67,0,0,0.0,0,0
145-146,145,146,113,181,IMG20260826124317.jpg,IMG20260826125228.jpg,68,0,0,0.0,0,0
145-146,145,146,113,182,IMG20260826124317.jpg,IMG20260826125230.jpg,69,0,0,0.0,0,0
145-146,145,146,113,183,IMG20260826124317.jpg,IMG20260826125234.jpg,70,0,0,0.0,0,0
145-146,145,146,113,184,IMG20260826124317.jpg,IMG20260826125237.jpg,71,0,0,0.0,0,0
145-146,145,146,113,185,IMG20260826124317.jpg,IMG20260826125241.jpg,72,0,0,0.0,0,0
145-146,145,146,114,155,IMG20260826124323.jpg,IMG20260826124930.jpg,41,0,0,0.0,0,0
145-146,145,146,114,156,IMG20260826124323.jpg,IMG20260826124933.jpg,42,0,0,0.0,0,0
145-146,145,146,114,157,IMG20260826124323.jpg,IMG20260826124936.jpg,43,0,0,0.0,0,0
145-146,145,146,114,158,IMG20260826124323.jpg,IMG20260826124945.jpg,44,0,0,0.0,0,0
145-146,145,146,114,159,IMG20260826124323.jpg,IMG20260826124948.jpg,45,0,0,0.0,0,0
145-146,145,146,114,160,IMG20260826124323.jpg,IMG20260826124951.jpg,46,0,0,0.0,0,0
145-146,145,146,114,161,IMG20260826124323.jpg,IMG20260826124954.jpg,47,0,0,0.0,0,0
145-146,145,146,114,162,IMG20260826124323.jpg,IMG20260826125001.jpg,48,0,0,0.0,0,0
145-146,145,146,114,163,IMG20260826124323.jpg,IMG20260826125004.jpg,49,16,0,0.0,0,0
145-146,145,146,114,164,IMG20260826124323.jpg,IMG20260826125007.jpg,50,0,0,0.0,0,0
145-146,145,146,114,165,IMG20260826124323.jpg,IMG20260826125013.jpg,51,0,0,0.0,0,0
145-146,145,146,114,166,IMG20260826124323.jpg,IMG20260826125016.jpg,52,15,0,0.0,0,0
145-146,145,146,114,167,IMG20260826124323.jpg,IMG20260826125018.jpg,53,0,0,0.0,0,0
145-146,145,146,114,168,IMG20260826124323.jpg,IMG20260826125103.jpg,54,0,0,0.0,0,0
145-146,145,146,114,169,IMG20260826124323.jpg,IMG20260826125108.jpg,55,0,0,0.0,0,0
145-146,145,146,114,170,IMG20260826124323.jpg,IMG20260826125111.jpg,56,0,0,0.0,0,0
145-146,145,146,114,171,IMG20260826124323.jpg,IMG20260826125124.jpg,57,0,0,0.0,0,0
145-146,145,146,114,172,IMG20260826124323.jpg,IMG20260826125127.jpg,58,0,0,0.0,0,0
145-146,145,146,114,173,IMG20260826124323.jpg,IMG20260826125130.jpg,59,0,0,0.0,0,0
145-146,145,146,114,174,IMG20260826124323.jpg,IMG20260826125133.jpg,60,0,0,0.0,0,0
145-146,145,146,114,175,IMG20260826124323.jpg,IMG20260826125137.jpg,61,0,0,0.0,0,0
145-146,145,146,114,176,IMG20260826124323.jpg,IMG20260826125139.jpg,62,0,0,0.0,0,0
145-146,145,146,114,177,IMG20260826124323.jpg,IMG20260826125146.jpg,63,0,0,0.0,0,0
145-146,145,146,114,178,IMG20260826124323.jpg,IMG20260826125151.jpg,64,0,0,0.0,0,0
145-146,145,146,114,179,IMG20260826124323.jpg,IMG20260826125156.jpg,65,0,0,0.0,0,0
145-146,145,146,114,180,IMG20260826124323.jpg,IMG20260826125224.jpg,66,0,0,0.0,0,0
145-146,145,146,114,181,IMG20260826124323.jpg,IMG20260826125228.jpg,67,0,0,0.0,0,0
145-146,145,146,114,182,IMG20260826124323.jpg,IMG20260826125230.jpg,68,0,0,0.0,0,0
145-146,145,146,114,183,IMG20260826124323.jpg,IMG20260826125234.jpg,69,0,0,0.0,0,0
145-146,145,146,114,184,IMG20260826124323.jpg,IMG20260826125237.jpg,70,0,0,0.0,0,0
145-146,145,146,114,185,IMG20260826124323.jpg,IMG20260826125241.jpg,71,0,0,0.0,0,0
145-146,145,146,115,156,IMG20260826124327.jpg,IMG20260826124933.jpg,41,0,0,0.0,0,0
145-146,145,146,115,157,IMG20260826124327.jpg,IMG20260826124936.jpg,42,0,0,0.0,0,0
145-146,145,146,115,158,IMG20260826124327.jpg,IMG20260826124945.jpg,43,20,0,0.0,0,0
145-146,145,146,115,159,IMG20260826124327.jpg,IMG20260826124948.jpg,44,0,0,0.0,0,0
145-146,145,146,115,160,IMG20260826124327.jpg,IMG20260826124951.jpg,45,0,0,0.0,0,0
145-146,145,146,115,161,IMG20260826124327.jpg,IMG20260826124954.jpg,46,0,0,0.0,0,0
145-146,145,146,115,162,IMG20260826124327.jpg,IMG20260826125001.jpg,47,0,0,0.0,0,0
145-146,145,146,115,163,IMG20260826124327.jpg,IMG20260826125004.jpg,48,16,0,0.0,0,0
145-146,145,146,115,164,IMG20260826124327.jpg,IMG20260826125007.jpg,49,21,0,0.0,0,0
145-146,145,146,115,165,IMG20260826124327.jpg,IMG20260826125013.jpg,50,0,0,0.0,0,0
145-146,145,146,115,166,IMG20260826124327.jpg,IMG20260826125016.jpg,51,0,0,0.0,0,0
145-146,145,146,115,167,IMG20260826124327.jpg,IMG20260826125018.jpg,52,0,0,0.0,0,0
145-146,145,146,115,168,IMG20260826124327.jpg,IMG20260826125103.jpg,53,0,0,0.0,0,0
145-146,145,146,115,169,IMG20260826124327.jpg,IMG20260826125108.jpg,54,0,0,0.0,0,0
145-146,145,146,115,170,IMG20260826124327.jpg,IMG20260826125111.jpg,55,0,0,0.0,0,0
145-146,145,146,115,171,IMG20260826124327.jpg,IMG20260826125124.jpg,56,0,0,0.0,0,0
145-146,145,146,115,172,IMG20260826124327.jpg,IMG20260826125127.jpg,57,0,0,0.0,0,0
145-146,145,146,115,173,IMG20260826124327.jpg,IMG20260826125130.jpg,58,0,0,0.0,0,0
145-146,145,146,115,174,IMG20260826124327.jpg,IMG20260826125133.jpg,59,0,0,0.0,0,0
145-146,145,146,115,175,IMG20260826124327.jpg,IMG20260826125137.jpg,60,0,0,0.0,0,0
145-146,145,146,115,176,IMG20260826124327.jpg,IMG20260826125139.jpg,61,0,0,0.0,0,0
145-146,145,146,115,177,IMG20260826124327.jpg,IMG20260826125146.jpg,62,0,0,0.0,0,0
145-146,145,146,115,178,IMG20260826124327.jpg,IMG20260826125151.jpg,63,16,0,0.0,0,0
145-146,145,146,115,179,IMG20260826124327.jpg,IMG20260826125156.jpg,64,18,0,0.0,0,0
145-146,145,146,115,180,IMG20260826124327.jpg,IMG20260826125224.jpg,65,0,0,0.0,0,0
145-146,145,146,115,181,IMG20260826124327.jpg,IMG20260826125228.jpg,66,17,0,0.0,0,0
145-146,145,146,115,182,IMG20260826124327.jpg,IMG20260826125230.jpg,67,0,0,0.0,0,0
145-146,145,146,115,183,IMG20260826124327.jpg,IMG20260826125234.jpg,68,0,0,0.0,0,0
145-146,145,146,115,184,IMG20260826124327.jpg,IMG20260826125237.jpg,69,0,0,0.0,0,0
145-146,145,146,115,185,IMG20260826124327.jpg,IMG20260826125241.jpg,70,20,0,0.0,0,0
145-146,145,146,116,157,IMG20260826124331.jpg,IMG20260826124936.jpg,41,0,0,0.0,0,0
145-146,145,146,116,158,IMG20260826124331.jpg,IMG20260826124945.jpg,42,0,0,0.0,0,0
145-146,145,146,116,159,IMG20260826124331.jpg,IMG20260826124948.jpg,43,0,0,0.0,0,0
145-146,145,146,116,160,IMG20260826124331.jpg,IMG20260826124951.jpg,44,0,0,0.0,0,0
145-146,145,146,116,161,IMG20260826124331.jpg,IMG20260826124954.jpg,45,0,0,0.0,0,0
145-146,145,146,116,162,IMG20260826124331.jpg,IMG20260826125001.jpg,46,21,0,0.0,0,0
145-146,145,146,116,163,IMG20260826124331.jpg,IMG20260826125004.jpg,47,16,0,0.0,0,0
145-146,145,146,116,164,IMG20260826124331.jpg,IMG20260826125007.jpg,48,0,0,0.0,0,0
145-146,145,146,116,165,IMG20260826124331.jpg,IMG20260826125013.jpg,49,17,0,0.0,0,0
145-146,145,146,116,166,IMG20260826124331.jpg,IMG20260826125016.jpg,50,0,0,0.0,0,0
145-146,145,146,116,167,IMG20260826124331.jpg,IMG20260826125018.jpg,51,19,0,0.0,0,0
145-146,145,146,116,168,IMG20260826124331.jpg,IMG20260826125103.jpg,52,0,0,0.0,0,0
145-146,145,146,116,169,IMG20260826124331.jpg,IMG20260826125108.jpg,53,0,0,0.0,0,0
145-146,145,146,116,170,IMG20260826124331.jpg,IMG20260826125111.jpg,54,0,0,0.0,0,0
145-146,145,146,116,171,IMG20260826124331.jpg,IMG20260826125124.jpg,55,0,0,0.0,0,0
145-146,145,146,116,172,IMG20260826124331.jpg,IMG20260826125127.jpg,56,0,0,0.0,0,0
145-146,145,146,116,173,IMG20260826124331.jpg,IMG20260826125130.jpg,57,0,0,0.0,0,0
145-146,145,146,116,174,IMG20260826124331.jpg,IMG20260826125133.jpg,58,0,0,0.0,0,0
145-146,145,146,116,175,IMG20260826124331.jpg,IMG20260826125137.jpg,59,0,0,0.0,0,0
145-146,145,146,116,176,IMG20260826124331.jpg,IMG20260826125139.jpg,60,15,0,0.0,0,0
145-146,145,146,116,177,IMG20260826124331.jpg,IMG20260826125146.jpg,61,0,0,0.0,0,0
145-146,145,146,116,178,IMG20260826124331.jpg,IMG20260826125151.jpg,62,17,0,0.0,0,0
145-146,145,146,116,179,IMG20260826124331.jpg,IMG20260826125156.jpg,63,0,0,0.0,0,0
145-146,145,146,116,180,IMG20260826124331.jpg,IMG20260826125224.jpg,64,16,0,0.0,0,0
145-146,145,146,116,181,IMG20260826124331.jpg,IMG20260826125228.jpg,65,0,0,0.0,0,0
145-146,145,146,116,182,IMG20260826124331.jpg,IMG20260826125230.jpg,66,0,0,0.0,0,0
145-146,145,146,116,183,IMG20260826124331.jpg,IMG20260826125234.jpg,67,19,0,0.0,0,0
145-146,145,146,116,184,IMG20260826124331.jpg,IMG20260826125237.jpg,68,15,0,0.0,0,0
145-146,145,146,116,185,IMG20260826124331.jpg,IMG20260826125241.jpg,69,0,0,0.0,0,0
145-146,145,146,117,158,IMG20260826124334.jpg,IMG20260826124945.jpg,41,0,0,0.0,0,0
145-146,145,146,117,159,IMG20260826124334.jpg,IMG20260826124948.jpg,42,0,0,0.0,0,0
145-146,145,146,117,160,IMG20260826124334.jpg,IMG20260826124951.jpg,43,15,0,0.0,0,0
145-146,145,146,117,161,IMG20260826124334.jpg,IMG20260826124954.jpg,44,0,0,0.0,0,0
145-146,145,146,117,162,IMG20260826124334.jpg,IMG20260826125001.jpg,45,0,0,0.0,0,0
145-146,145,146,117,163,IMG20260826124334.jpg,IMG20260826125004.jpg,46,0,0,0.0,0,0
145-146,145,146,117,164,IMG20260826124334.jpg,IMG20260826125007.jpg,47,0,0,0.0,0,0
145-146,145,146,117,165,IMG20260826124334.jpg,IMG20260826125013.jpg,48,0,0,0.0,0,0
145-146,145,146,117,166,IMG20260826124334.jpg,IMG20260826125016.jpg,49,0,0,0.0,0,0
145-146,145,146,117,167,IMG20260826124334.jpg,IMG20260826125018.jpg,50,0,0,0.0,0,0
145-146,145,146,117,168,IMG20260826124334.jpg,IMG20260826125103.jpg,51,0,0,0.0,0,0
145-146,145,146,117,169,IMG20260826124334.jpg,IMG20260826125108.jpg,52,0,0,0.0,0,0
145-146,145,146,117,170,IMG20260826124334.jpg,IMG20260826125111.jpg,53,0,0,0.0,0,0
145-146,145,146,117,171,IMG20260826124334.jpg,IMG20260826125124.jpg,54,0,0,0.0,0,0
145-146,145,146,117,172,IMG20260826124334.jpg,IMG20260826125127.jpg,55,0,0,0.0,0,0
145-146,145,146,117,173,IMG20260826124334.jpg,IMG20260826125130.jpg,56,0,0,0.0,0,0
145-146,145,146,117,174,IMG20260826124334.jpg,IMG20260826125133.jpg,57,0,0,0.0,0,0
145-146,145,146,117,175,IMG20260826124334.jpg,IMG20260826125137.jpg,58,0,0,0.0,0,0
145-146,145,146,117,176,IMG20260826124334.jpg,IMG20260826125139.jpg,59,0,0,0.0,0,0
145-146,145,146,117,177,IMG20260826124334.jpg,IMG20260826125146.jpg,60,0,0,0.0,0,0
145-146,145,146,117,178,IMG20260826124334.jpg,IMG20260826125151.jpg,61,0,0,0.0,0,0
145-146,145,146,117,179,IMG20260826124334.jpg,IMG20260826125156.jpg,62,15,0,0.0,0,0
145-146,145,146,117,180,IMG20260826124334.jpg,IMG20260826125224.jpg,63,0,0,0.0,0,0
145-146,145,146,117,181,IMG20260826124334.jpg,IMG20260826125228.jpg,64,0,0,0.0,0,0
145-146,145,146,117,182,IMG20260826124334.jpg,IMG20260826125230.jpg,65,0,0,0.0,0,0
145-146,145,146,117,183,IMG20260826124334.jpg,IMG20260826125234.jpg,66,0,0,0.0,0,0
145-146,145,146,117,184,IMG20260826124334.jpg,IMG20260826125237.jpg,67,18,0,0.0,0,0
145-146,145,146,117,185,IMG20260826124334.jpg,IMG20260826125241.jpg,68,0,0,0.0,0,0
145-146,145,146,118,159,IMG20260826124338.jpg,IMG20260826124948.jpg,41,0,0,0.0,0,0
145-146,145,146,118,160,IMG20260826124338.jpg,IMG20260826124951.jpg,42,0,0,0.0,0,0
145-146,145,146,118,161,IMG20260826124338.jpg,IMG20260826124954.jpg,43,0,0,0.0,0,0
145-146,145,146,118,162,IMG20260826124338.jpg,IMG20260826125001.jpg,44,0,0,0.0,0,0
145-146,145,146,118,163,IMG20260826124338.jpg,IMG20260826125004.jpg,45,0,0,0.0,0,0
145-146,145,146,118,164,IMG20260826124338.jpg,IMG20260826125007.jpg,46,0,0,0.0,0,0
145-146,145,146,118,165,IMG20260826124338.jpg,IMG20260826125013.jpg,47,0,0,0.0,0,0
145-146,145,146,118,166,IMG20260826124338.jpg,IMG20260826125016.jpg,48,0,0,0.0,0,0
145-146,145,146,118,167,IMG20260826124338.jpg,IMG20260826125018.jpg,49,15,0,0.0,0,0
145-146,145,146,118,168,IMG20260826124338.jpg,IMG20260826125103.jpg,50,0,0,0.0,0,0
145-146,145,146,118,169,IMG20260826124338.jpg,IMG20260826125108.jpg,51,0,0,0.0,0,0
145-146,145,146,118,170,IMG20260826124338.jpg,IMG20260826125111.jpg,52,17,0,0.0,0,0
145-146,145,146,118,171,IMG20260826124338.jpg,IMG20260826125124.jpg,53,0,0,0.0,0,0
145-146,145,146,118,172,IMG20260826124338.jpg,IMG20260826125127.jpg,54,0,0,0.0,0,0
145-146,145,146,118,173,IMG20260826124338.jpg,IMG20260826125130.jpg,55,0,0,0.0,0,0
145-146,145,146,118,174,IMG20260826124338.jpg,IMG20260826125133.jpg,56,0,0,0.0,0,0
145-146,145,146,118,175,IMG20260826124338.jpg,IMG20260826125137.jpg,57,0,0,0.0,0,0
145-146,145,146,118,176,IMG20260826124338.jpg,IMG20260826125139.jpg,58,0,0,0.0,0,0
145-146,145,146,118,177,IMG20260826124338.jpg,IMG20260826125146.jpg,59,15,0,0.0,0,0
145-146,145,146,118,178,IMG20260826124338.jpg,IMG20260826125151.jpg,60,0,0,0.0,0,0
145-146,145,146,118,179,IMG20260826124338.jpg,IMG20260826125156.jpg,61,0,0,0.0,0,0
145-146,145,146,118,180,IMG20260826124338.jpg,IMG20260826125224.jpg,62,0,0,0.0,0,0
145-146,145,146,118,181,IMG20260826124338.jpg,IMG20260826125228.jpg,63,0,0,0.0,0,0
145-146,145,146,118,182,IMG20260826124338.jpg,IMG20260826125230.jpg,64,17,0,0.0,0,0
145-146,145,146,118,183,IMG20260826124338.jpg,IMG20260826125234.jpg,65,18,0,0.0,0,0
145-146,145,146,118,184,IMG20260826124338.jpg,IMG20260826125237.jpg,66,0,0,0.0,0,0
145-146,145,146,118,185,IMG20260826124338.jpg,IMG20260826125241.jpg,67,15,0,0.0,0,0
145-146,145,146,119,160,IMG20260826124343.jpg,IMG20260826124951.jpg,41,0,0,0.0,0,0
145-146,145,146,119,161,IMG20260826124343.jpg,IMG20260826124954.jpg,42,0,0,0.0,0,0
145-146,145,146,119,162,IMG20260826124343.jpg,IMG20260826125001.jpg,43,0,0,0.0,0,0
145-146,145,146,119,163,IMG20260826124343.jpg,IMG20260826125004.jpg,44,0,0,0.0,0,0
145-146,145,146,119,164,IMG20260826124343.jpg,IMG20260826125007.jpg,45,0,0,0.0,0,0
145-146,145,146,119,165,IMG20260826124343.jpg,IMG20260826125013.jpg,46,0,0,0.0,0,0
145-146,145,146,119,166,IMG20260826124343.jpg,IMG20260826125016.jpg,47,0,0,0.0,0,0
145-146,145,146,119,167,IMG20260826124343.jpg,IMG20260826125018.jpg,48,16,0,0.0,0,0
145-146,145,146,119,168,IMG20260826124343.jpg,IMG20260826125103.jpg,49,0,0,0.0,0,0
145-146,145,146,119,169,IMG20260826124343.jpg,IMG20260826125108.jpg,50,0,0,0.0,0,0
145-146,145,146,119,170,IMG20260826124343.jpg,IMG20260826125111.jpg,51,0,0,0.0,0,0
145-146,145,146,119,171,IMG20260826124343.jpg,IMG20260826125124.jpg,52,0,0,0.0,0,0
145-146,145,146,119,172,IMG20260826124343.jpg,IMG20260826125127.jpg,53,0,0,0.0,0,0
145-146,145,146,119,173,IMG20260826124343.jpg,IMG20260826125130.jpg,54,0,0,0.0,0,0
145-146,145,146,119,174,IMG20260826124343.jpg,IMG20260826125133.jpg,55,0,0,0.0,0,0
145-146,145,146,119,175,IMG20260826124343.jpg,IMG20260826125137.jpg,56,0,0,0.0,0,0
145-146,145,146,119,176,IMG20260826124343.jpg,IMG20260826125139.jpg,57,0,0,0.0,0,0
145-146,145,146,119,177,IMG20260826124343.jpg,IMG20260826125146.jpg,58,0,0,0.0,0,0
145-146,145,146,119,178,IMG20260826124343.jpg,IMG20260826125151.jpg,59,0,0,0.0,0,0
145-146,145,146,119,179,IMG20260826124343.jpg,IMG20260826125156.jpg,60,0,0,0.0,0,0
145-146,145,146,119,180,IMG20260826124343.jpg,IMG20260826125224.jpg,61,0,0,0.0,0,0
145-146,145,146,119,181,IMG20260826124343.jpg,IMG20260826125228.jpg,62,0,0,0.0,0,0
145-146,145,146,119,182,IMG20260826124343.jpg,IMG20260826125230.jpg,63,0,0,0.0,0,0
145-146,145,146,119,183,IMG20260826124343.jpg,IMG20260826125234.jpg,64,17,0,0.0,0,0
145-146,145,146,119,184,IMG20260826124343.jpg,IMG20260826125237.jpg,65,16,0,0.0,0,0
145-146,145,146,119,185,IMG20260826124343.jpg,IMG20260826125241.jpg,66,0,0,0.0,0,0
145-146,145,146,120,161,IMG20260826124347.jpg,IMG20260826124954.jpg,41,0,0,0.0,0,0
145-146,145,146,120,162,IMG20260826124347.jpg,IMG20260826125001.jpg,42,0,0,0.0,0,0
145-146,145,146,120,163,IMG20260826124347.jpg,IMG20260826125004.jpg,43,0,0,0.0,0,0
145-146,145,146,120,164,IMG20260826124347.jpg,IMG20260826125007.jpg,44,0,0,0.0,0,0
145-146,145,146,120,165,IMG20260826124347.jpg,IMG20260826125013.jpg,45,0,0,0.0,0,0
145-146,145,146,120,166,IMG20260826124347.jpg,IMG20260826125016.jpg,46,19,0,0.0,0,0
145-146,145,146,120,167,IMG20260826124347.jpg,IMG20260826125018.jpg,47,0,0,0.0,0,0
145-146,145,146,120,168,IMG20260826124347.jpg,IMG20260826125103.jpg,48,0,0,0.0,0,0
145-146,145,146,120,169,IMG20260826124347.jpg,IMG20260826125108.jpg,49,16,0,0.0,0,0
145-146,145,146,120,170,IMG20260826124347.jpg,IMG20260826125111.jpg,50,0,0,0.0,0,0
145-146,145,146,120,171,IMG20260826124347.jpg,IMG20260826125124.jpg,51,0,0,0.0,0,0
145-146,145,146,120,172,IMG20260826124347.jpg,IMG20260826125127.jpg,52,0,0,0.0,0,0
145-146,145,146,120,173,IMG20260826124347.jpg,IMG20260826125130.jpg,53,0,0,0.0,0,0
145-146,145,146,120,174,IMG20260826124347.jpg,IMG20260826125133.jpg,54,16,0,0.0,0,0
145-146,145,146,120,175,IMG20260826124347.jpg,IMG20260826125137.jpg,55,0,0,0.0,0,0
145-146,145,146,120,176,IMG20260826124347.jpg,IMG20260826125139.jpg,56,0,0,0.0,0,0
145-146,145,146,120,177,IMG20260826124347.jpg,IMG20260826125146.jpg,57,0,0,0.0,0,0
145-146,145,146,120,178,IMG20260826124347.jpg,IMG20260826125151.jpg,58,0,0,0.0,0,0
145-146,145,146,120,179,IMG20260826124347.jpg,IMG20260826125156.jpg,59,0,0,0.0,0,0
145-146,145,146,120,180,IMG20260826124347.jpg,IMG20260826125224.jpg,60,20,0,0.0,0,0
145-146,145,146,120,181,IMG20260826124347.jpg,IMG20260826125228.jpg,61,15,0,0.0,0,0
145-146,145,146,120,182,IMG20260826124347.jpg,IMG20260826125230.jpg,62,0,0,0.0,0,0
145-146,145,146,120,183,IMG20260826124347.jpg,IMG20260826125234.jpg,63,0,0,0.0,0,0
145-146,145,146,120,184,IMG20260826124347.jpg,IMG20260826125237.jpg,64,19,0,0.0,0,0
145-146,145,146,120,185,IMG20260826124347.jpg,IMG20260826125241.jpg,65,17,0,0.0,0,0
145-146,145,146,121,162,IMG20260826124353.jpg,IMG20260826125001.jpg,41,19,0,0.0,0,0
145-146,145,146,121,163,IMG20260826124353.jpg,IMG20260826125004.jpg,42,0,0,0.0,0,0
145-146,145,146,121,164,IMG20260826124353.jpg,IMG20260826125007.jpg,43,0,0,0.0,0,0
145-146,145,146,121,165,IMG20260826124353.jpg,IMG20260826125013.jpg,44,0,0,0.0,0,0
145-146,145,146,121,166,IMG20260826124353.jpg,IMG20260826125016.jpg,45,0,0,0.0,0,0
145-146,145,146,121,167,IMG20260826124353.jpg,IMG20260826125018.jpg,46,0,0,0.0,0,0
145-146,145,146,121,168,IMG20260826124353.jpg,IMG20260826125103.jpg,47,0,0,0.0,0,0
145-146,145,146,121,169,IMG20260826124353.jpg,IMG20260826125108.jpg,48,0,0,0.0,0,0
145-146,145,146,121,170,IMG20260826124353.jpg,IMG20260826125111.jpg,49,0,0,0.0,0,0
145-146,145,146,121,171,IMG20260826124353.jpg,IMG20260826125124.jpg,50,0,0,0.0,0,0
145-146,145,146,121,172,IMG20260826124353.jpg,IMG20260826125127.jpg,51,19,0,0.0,0,0
145-146,145,146,121,173,IMG20260826124353.jpg,IMG20260826125130.jpg,52,15,0,0.0,0,0
145-146,145,146,121,174,IMG20260826124353.jpg,IMG20260826125133.jpg,53,0,0,0.0,0,0
145-146,145,146,121,175,IMG20260826124353.jpg,IMG20260826125137.jpg,54,0,0,0.0,0,0
145-146,145,146,121,176,IMG20260826124353.jpg,IMG20260826125139.jpg,55,17,0,0.0,0,0
145-146,145,146,121,177,IMG20260826124353.jpg,IMG20260826125146.jpg,56,0,0,0.0,0,0
145-146,145,146,121,178,IMG20260826124353.jpg,IMG20260826125151.jpg,57,0,0,0.0,0,0
145-146,145,146,121,179,IMG20260826124353.jpg,IMG20260826125156.jpg,58,0,0,0.0,0,0
145-146,145,146,121,180,IMG20260826124353.jpg,IMG20260826125224.jpg,59,18,0,0.0,0,0
145-146,145,146,121,181,IMG20260826124353.jpg,IMG20260826125228.jpg,60,0,0,0.0,0,0
145-146,145,146,121,182,IMG20260826124353.jpg,IMG20260826125230.jpg,61,0,0,0.0,0,0
145-146,145,146,121,183,IMG20260826124353.jpg,IMG20260826125234.jpg,62,17,0,0.0,0,0
145-146,145,146,121,184,IMG20260826124353.jpg,IMG20260826125237.jpg,63,0,0,0.0,0,0
145-146,145,146,121,185,IMG20260826124353.jpg,IMG20260826125241.jpg,64,0,0,0.0,0,0
145-146,145,146,122,163,IMG20260826124356.jpg,IMG20260826125004.jpg,41,17,0,0.0,0,0
145-146,145,146,122,164,IMG20260826124356.jpg,IMG20260826125007.jpg,42,16,0,0.0,0,0
145-146,145,146,122,165,IMG20260826124356.jpg,IMG20260826125013.jpg,43,0,0,0.0,0,0
145-146,145,146,122,166,IMG20260826124356.jpg,IMG20260826125016.jpg,44,0,0,0.0,0,0
145-146,145,146,122,167,IMG20260826124356.jpg,IMG20260826125018.jpg,45,0,0,0.0,0,0
145-146,145,146,122,168,IMG20260826124356.jpg,IMG20260826125103.jpg,46,0,0,0.0,0,0
145-146,145,146,122,169,IMG20260826124356.jpg,IMG20260826125108.jpg,47,0,0,0.0,0,0
145-146,145,146,122,170,IMG20260826124356.jpg,IMG20260826125111.jpg,48,0,0,0.0,0,0
145-146,145,146,122,171,IMG20260826124356.jpg,IMG20260826125124.jpg,49,15,0,0.0,0,0
145-146,145,146,122,172,IMG20260826124356.jpg,IMG20260826125127.jpg,50,0,0,0.0,0,0
145-146,145,146,122,173,IMG20260826124356.jpg,IMG20260826125130.jpg,51,16,0,0.0,0,0
145-146,145,146,122,174,IMG20260826124356.jpg,IMG20260826125133.jpg,52,16,0,0.0,0,0
145-146,145,146,122,175,IMG20260826124356.jpg,IMG20260826125137.jpg,53,0,0,0.0,0,0
145-146,145,146,122,176,IMG20260826124356.jpg,IMG20260826125139.jpg,54,0,0,0.0,0,0
145-146,145,146,122,177,IMG20260826124356.jpg,IMG20260826125146.jpg,55,21,0,0.0,0,0
145-146,145,146,122,178,IMG20260826124356.jpg,IMG20260826125151.jpg,56,0,0,0.0,0,0
145-146,145,146,122,179,IMG20260826124356.jpg,IMG20260826125156.jpg,57,0,0,0.0,0,0
145-146,145,146,122,180,IMG20260826124356.jpg,IMG20260826125224.jpg,58,22,0,0.0,0,0
145-146,145,146,122,181,IMG20260826124356.jpg,IMG20260826125228.jpg,59,0,0,0.0,0,0
145-146,145,146,122,182,IMG20260826124356.jpg,IMG20260826125230.jpg,60,0,0,0.0,0,0
145-146,145,146,122,183,IMG20260826124356.jpg,IMG20260826125234.jpg,61,0,0,0.0,0,0
145-146,145,146,122,184,IMG20260826124356.jpg,IMG20260826125237.jpg,62,0,0,0.0,0,0
145-146,145,146,122,185,IMG20260826124356.jpg,IMG20260826125241.jpg,63,0,0,0.0,0,0
145-146,145,146,123,164,IMG20260826124400.jpg,IMG20260826125007.jpg,41,0,0,0.0,0,0
145-146,145,146,123,165,IMG20260826124400.jpg,IMG20260826125013.jpg,42,18,0,0.0,0,0
145-146,145,146,123,166,IMG20260826124400.jpg,IMG20260826125016.jpg,43,17,0,0.0,0,0
145-146,145,146,123,167,IMG20260826124400.jpg,IMG20260826125018.jpg,44,0,0,0.0,0,0
145-146,145,146,123,168,IMG20260826124400.jpg,IMG20260826125103.jpg,45,0,0,0.0,0,0
145-146,145,146,123,169,IMG20260826124400.jpg,IMG20260826125108.jpg,46,0,0,0.0,0,0
145-146,145,146,123,170,IMG20260826124400.jpg,IMG20260826125111.jpg,47,17,0,0.0,0,0
145-146,145,146,123,171,IMG20260826124400.jpg,IMG20260826125124.jpg,48,15,0,0.0,0,0
145-146,145,146,123,172,IMG20260826124400.jpg,IMG20260826125127.jpg,49,0,0,0.0,0,0
145-146,145,146,123,173,IMG20260826124400.jpg,IMG20260826125130.jpg,50,0,0,0.0,0,0
145-146,145,146,123,174,IMG20260826124400.jpg,IMG20260826125133.jpg,51,0,0,0.0,0,0
145-146,145,146,123,175,IMG20260826124400.jpg,IMG20260826125137.jpg,52,17,0,0.0,0,0
145-146,145,146,123,176,IMG20260826124400.jpg,IMG20260826125139.jpg,53,0,0,0.0,0,0
145-146,145,146,123,177,IMG20260826124400.jpg,IMG20260826125146.jpg,54,0,0,0.0,0,0
145-146,145,146,123,178,IMG20260826124400.jpg,IMG20260826125151.jpg,55,17,0,0.0,0,0
145-146,145,146,123,179,IMG20260826124400.jpg,IMG20260826125156.jpg,56,0,0,0.0,0,0
145-146,145,146,123,180,IMG20260826124400.jpg,IMG20260826125224.jpg,57,0,0,0.0,0,0
145-146,145,146,123,181,IMG20260826124400.jpg,IMG20260826125228.jpg,58,0,0,0.0,0,0
145-146,145,146,123,182,IMG20260826124400.jpg,IMG20260826125230.jpg,59,0,0,0.0,0,0
145-146,145,146,123,183,IMG20260826124400.jpg,IMG20260826125234.jpg,60,0,0,0.0,0,0
145-146,145,146,123,184,IMG20260826124400.jpg,IMG20260826125237.jpg,61,0,0,0.0,0,0
145-146,145,146,123,185,IMG20260826124400.jpg,IMG20260826125241.jpg,62,0,0,0.0,0,0
145-146,145,146,124,165,IMG20260826124404.jpg,IMG20260826125013.jpg,41,18,0,0.0,0,0
145-146,145,146,124,166,IMG20260826124404.jpg,IMG20260826125016.jpg,42,0,0,0.0,0,0
145-146,145,146,124,167,IMG20260826124404.jpg,IMG20260826125018.jpg,43,0,0,0.0,0,0
145-146,145,146,124,168,IMG20260826124404.jpg,IMG20260826125103.jpg,44,0,0,0.0,0,0
145-146,145,146,124,169,IMG20260826124404.jpg,IMG20260826125108.jpg,45,0,0,0.0,0,0
145-146,145,146,124,170,IMG20260826124404.jpg,IMG20260826125111.jpg,46,0,0,0.0,0,0
145-146,145,146,124,171,IMG20260826124404.jpg,IMG20260826125124.jpg,47,0,0,0.0,0,0
145-146,145,146,124,172,IMG20260826124404.jpg,IMG20260826125127.jpg,48,0,0,0.0,0,0
145-146,145,146,124,173,IMG20260826124404.jpg,IMG20260826125130.jpg,49,0,0,0.0,0,0
145-146,145,146,124,174,IMG20260826124404.jpg,IMG20260826125133.jpg,50,0,0,0.0,0,0
145-146,145,146,124,175,IMG20260826124404.jpg,IMG20260826125137.jpg,51,0,0,0.0,0,0
145-146,145,146,124,176,IMG20260826124404.jpg,IMG20260826125139.jpg,52,0,0,0.0,0,0
145-146,145,146,124,177,IMG20260826124404.jpg,IMG20260826125146.jpg,53,0,0,0.0,0,0
145-146,145,146,124,178,IMG20260826124404.jpg,IMG20260826125151.jpg,54,0,0,0.0,0,0
145-146,145,146,124,179,IMG20260826124404.jpg,IMG20260826125156.jpg,55,16,0,0.0,0,0
145-146,145,146,124,180,IMG20260826124404.jpg,IMG20260826125224.jpg,56,0,0,0.0,0,0
145-146,145,146,124,181,IMG20260826124404.jpg,IMG20260826125228.jpg,57,0,0,0.0,0,0
145-146,145,146,124,182,IMG20260826124404.jpg,IMG20260826125230.jpg,58,0,0,0.0,0,0
145-146,145,146,124,183,IMG20260826124404.jpg,IMG20260826125234.jpg,59,0,0,0.0,0,0
145-146,145,146,124,184,IMG20260826124404.jpg,IMG20260826125237.jpg,60,0,0,0.0,0,0
145-146,145,146,124,185,IMG20260826124404.jpg,IMG20260826125241.jpg,61,0,0,0.0,0,0
145-146,145,146,125,166,IMG20260826124408.jpg,IMG20260826125016.jpg,41,0,0,0.0,0,0
145-146,145,146,125,167,IMG20260826124408.jpg,IMG20260826125018.jpg,42,0,0,0.0,0,0
145-146,145,146,125,168,IMG20260826124408.jpg,IMG20260826125103.jpg,43,0,0,0.0,0,0
145-146,145,146,125,169,IMG20260826124408.jpg,IMG20260826125108.jpg,44,0,0,0.0,0,0
145-146,145,146,125,170,IMG20260826124408.jpg,IMG20260826125111.jpg,45,0,0,0.0,0,0
145-146,145,146,125,171,IMG20260826124408.jpg,IMG20260826125124.jpg,46,0,0,0.0,0,0
145-146,145,146,125,172,IMG20260826124408.jpg,IMG20260826125127.jpg,47,0,0,0.0,0,0
145-146,145,146,125,173,IMG20260826124408.jpg,IMG20260826125130.jpg,48,0,0,0.0,0,0
145-146,145,146,125,174,IMG20260826124408.jpg,IMG20260826125133.jpg,49,0,0,0.0,0,0
145-146,145,146,125,175,IMG20260826124408.jpg,IMG20260826125137.jpg,50,0,0,0.0,0,0
145-146,145,146,125,176,IMG20260826124408.jpg,IMG20260826125139.jpg,51,0,0,0.0,0,0
145-146,145,146,125,177,IMG20260826124408.jpg,IMG20260826125146.jpg,52,0,0,0.0,0,0
145-146,145,146,125,178,IMG20260826124408.jpg,IMG20260826125151.jpg,53,15,0,0.0,0,0
145-146,145,146,125,179,IMG20260826124408.jpg,IMG20260826125156.jpg,54,0,0,0.0,0,0
145-146,145,146,125,180,IMG20260826124408.jpg,IMG20260826125224.jpg,55,0,0,0.0,0,0
145-146,145,146,125,181,IMG20260826124408.jpg,IMG20260826125228.jpg,56,0,0,0.0,0,0
145-146,145,146,125,182,IMG20260826124408.jpg,IMG20260826125230.jpg,57,0,0,0.0,0,0
145-146,145,146,125,183,IMG20260826124408.jpg,IMG20260826125234.jpg,58,21,0,0.0,0,0
145-146,145,146,125,184,IMG20260826124408.jpg,IMG20260826125237.jpg,59,15,0,0.0,0,0
145-146,145,146,125,185,IMG20260826124408.jpg,IMG20260826125241.jpg,60,0,0,0.0,0,0
145-146,145,146,126,167,IMG20260826124412.jpg,IMG20260826125018.jpg,41,0,0,0.0,0,0
145-146,145,146,126,168,IMG20260826124412.jpg,IMG20260826125103.jpg,42,0,0,0.0,0,0
145-146,145,146,126,169,IMG20260826124412.jpg,IMG20260826125108.jpg,43,0,0,0.0,0,0
145-146,145,146,126,170,IMG20260826124412.jpg,IMG20260826125111.jpg,44,19,0,0.0,0,0
145-146,145,146,126,171,IMG20260826124412.jpg,IMG20260826125124.jpg,45,0,0,0.0,0,0
145-146,145,146,126,172,IMG20260826124412.jpg,IMG20260826125127.jpg,46,18,0,0.0,0,0
145-146,145,146,126,173,IMG20260826124412.jpg,IMG20260826125130.jpg,47,15,0,0.0,0,0
145-146,145,146,126,174,IMG20260826124412.jpg,IMG20260826125133.jpg,48,0,0,0.0,0,0
145-146,145,146,126,175,IMG20260826124412.jpg,IMG20260826125137.jpg,49,0,0,0.0,0,0
145-146,145,146,126,176,IMG20260826124412.jpg,IMG20260826125139.jpg,50,0,0,0.0,0,0
145-146,145,146,126,177,IMG20260826124412.jpg,IMG20260826125146.jpg,51,16,0,0.0,0,0
145-146,145,146,126,178,IMG20260826124412.jpg,IMG20260826125151.jpg,52,0,0,0.0,0,0
145-146,145,146,126,179,IMG20260826124412.jpg,IMG20260826125156.jpg,53,0,0,0.0,0,0
145-146,145,146,126,180,IMG20260826124412.jpg,IMG20260826125224.jpg,54,0,0,0.0,0,0
145-146,145,146,126,181,IMG20260826124412.jpg,IMG20260826125228.jpg,55,0,0,0.0,0,0
145-146,145,146,126,182,IMG20260826124412.jpg,IMG20260826125230.jpg,56,0,0,0.0,0,0
145-146,145,146,126,183,IMG20260826124412.jpg,IMG20260826125234.jpg,57,16,0,0.0,0,0
145-146,145,146,126,184,IMG20260826124412.jpg,IMG20260826125237.jpg,58,0,0,0.0,0,0
145-146,145,146,126,185,IMG20260826124412.jpg,IMG20260826125241.jpg,59,0,0,0.0,0,0
145-146,145,146,127,168,IMG20260826124416.jpg,IMG20260826125103.jpg,41,18,0,0.0,0,0
145-146,145,146,127,169,IMG20260826124416.jpg,IMG20260826125108.jpg,42,0,0,0.0,0,0
145-146,145,146,127,170,IMG20260826124416.jpg,IMG20260826125111.jpg,43,0,0,0.0,0,0
145-146,145,146,127,171,IMG20260826124416.jpg,IMG20260826125124.jpg,44,15,0,0.0,0,0
145-146,145,146,127,172,IMG20260826124416.jpg,IMG20260826125127.jpg,45,0,0,0.0,0,0
145-146,145,146,127,173,IMG20260826124416.jpg,IMG20260826125130.jpg,46,0,0,0.0,0,0
145-146,145,146,127,174,IMG20260826124416.jpg,IMG20260826125133.jpg,47,0,0,0.0,0,0
145-146,145,146,127,175,IMG20260826124416.jpg,IMG20260826125137.jpg,48,16,0,0.0,0,0
145-146,145,146,127,176,IMG20260826124416.jpg,IMG20260826125139.jpg,49,19,0,0.0,0,0
145-146,145,146,127,177,IMG20260826124416.jpg,IMG20260826125146.jpg,50,0,0,0.0,0,0
145-146,145,146,127,178,IMG20260826124416.jpg,IMG20260826125151.jpg,51,0,0,0.0,0,0
145-146,145,146,127,179,IMG20260826124416.jpg,IMG20260826125156.jpg,52,0,0,0.0,0,0
145-146,145,146,127,180,IMG20260826124416.jpg,IMG20260826125224.jpg,53,18,0,0.0,0,0
145-146,145,146,127,181,IMG20260826124416.jpg,IMG20260826125228.jpg,54,16,0,0.0,0,0
145-146,145,146,127,182,IMG20260826124416.jpg,IMG20260826125230.jpg,55,15,0,0.0,0,0
145-146,145,146,127,183,IMG20260826124416.jpg,IMG20260826125234.jpg,56,15,0,0.0,0,0
145-146,145,146,127,184,IMG20260826124416.jpg,IMG20260826125237.jpg,57,0,0,0.0,0,0
145-146,145,146,127,185,IMG20260826124416.jpg,IMG20260826125241.jpg,58,0,0,0.0,0,0
145-146,145,146,128,169,IMG20260826124422.jpg,IMG20260826125108.jpg,41,0,0,0.0,0,0
145-146,145,146,128,170,IMG20260826124422.jpg,IMG20260826125111.jpg,42,0,0,0.0,0,0
145-146,145,146,128,171,IMG20260826124422.jpg,IMG20260826125124.jpg,43,0,0,0.0,0,0
145-146,145,146,128,172,IMG20260826124422.jpg,IMG20260826125127.jpg,44,16,0,0.0,0,0
145-146,145,146,128,173,IMG20260826124422.jpg,IMG20260826125130.jpg,45,0,0,0.0,0,0
145-146,145,146,128,174,IMG20260826124422.jpg,IMG20260826125133.jpg,46,17,0,0.0,0,0
145-146,145,146,128,175,IMG20260826124422.jpg,IMG20260826125137.jpg,47,0,0,0.0,0,0
145-146,145,146,128,176,IMG20260826124422.jpg,IMG20260826125139.jpg,48,0,0,0.0,0,0
145-146,145,146,128,177,IMG20260826124422.jpg,IMG20260826125146.jpg,49,18,0,0.0,0,0
145-146,145,146,128,178,IMG20260826124422.jpg,IMG20260826125151.jpg,50,0,0,0.0,0,0
145-146,145,146,128,179,IMG20260826124422.jpg,IMG20260826125156.jpg,51,0,0,0.0,0,0
145-146,145,146,128,180,IMG20260826124422.jpg,IMG20260826125224.jpg,52,0,0,0.0,0,0
145-146,145,146,128,181,IMG20260826124422.jpg,IMG20260826125228.jpg,53,0,0,0.0,0,0
145-146,145,146,128,182,IMG20260826124422.jpg,IMG20260826125230.jpg,54,19,0,0.0,0,0
145-146,145,146,128,183,IMG20260826124422.jpg,IMG20260826125234.jpg,55,16,0,0.0,0,0
145-146,145,146,128,184,IMG20260826124422.jpg,IMG20260826125237.jpg,56,15,0,0.0,0,0
145-146,145,146,128,185,IMG20260826124422.jpg,IMG20260826125241.jpg,57,0,0,0.0,0,0
145-146,145,146,129,170,IMG20260826124425.jpg,IMG20260826125111.jpg,41,0,0,0.0,0,0
145-146,145,146,129,171,IMG20260826124425.jpg,IMG20260826125124.jpg,42,0,0,0.0,0,0
145-146,145,146,129,172,IMG20260826124425.jpg,IMG20260826125127.jpg,43,0,0,0.0,0,0
145-146,145,146,129,173,IMG20260826124425.jpg,IMG20260826125130.jpg,44,0,0,0.0,0,0
145-146,145,146,129,174,IMG20260826124425.jpg,IMG20260826125133.jpg,45,0,0,0.0,0,0
145-146,145,146,129,175,IMG20260826124425.jpg,IMG20260826125137.jpg,46,0,0,0.0,0,0
145-146,145,146,129,176,IMG20260826124425.jpg,IMG20260826125139.jpg,47,0,0,0.0,0,0
145-146,145,146,129,177,IMG20260826124425.jpg,IMG20260826125146.jpg,48,0,0,0.0,0,0
145-146,145,146,129,178,IMG20260826124425.jpg,IMG20260826125151.jpg,49,0,0,0.0,0,0
145-146,145,146,129,179,IMG20260826124425.jpg,IMG20260826125156.jpg,50,0,0,0.0,0,0
145-146,145,146,129,180,IMG20260826124425.jpg,IMG20260826125224.jpg,51,0,0,0.0,0,0
145-146,145,146,129,181,IMG20260826124425.jpg,IMG20260826125228.jpg,52,0,0,0.0,0,0
145-146,145,146,129,182,IMG20260826124425.jpg,IMG20260826125230.jpg,53,15,0,0.0,0,0
145-146,145,146,129,183,IMG20260826124425.jpg,IMG20260826125234.jpg,54,0,0,0.0,0,0
145-146,145,146,129,184,IMG20260826124425.jpg,IMG20260826125237.jpg,55,0,0,0.0,0,0
145-146,145,146,129,185,IMG20260826124425.jpg,IMG20260826125241.jpg,56,0,0,0.0,0,0
145-146,145,146,130,171,IMG20260826124428.jpg,IMG20260826125124.jpg,41,17,0,0.0,0,0
145-146,145,146,130,172,IMG20260826124428.jpg,IMG20260826125127.jpg,42,0,0,0.0,0,0
145-146,145,146,130,173,IMG20260826124428.jpg,IMG20260826125130.jpg,43,0,0,0.0,0,0
145-146,145,146,130,174,IMG20260826124428.jpg,IMG20260826125133.jpg,44,0,0,0.0,0,0
145-146,145,146,130,175,IMG20260826124428.jpg,IMG20260826125137.jpg,45,0,0,0.0,0,0
145-146,145,146,130,176,IMG20260826124428.jpg,IMG20260826125139.jpg,46,15,0,0.0,0,0
145-146,145,146,130,177,IMG20260826124428.jpg,IMG20260826125146.jpg,47,0,0,0.0,0,0
145-146,145,146,130,178,IMG20260826124428.jpg,IMG20260826125151.jpg,48,15,0,0.0,0,0
145-146,145,146,130,179,IMG20260826124428.jpg,IMG20260826125156.jpg,49,0,0,0.0,0,0
145-146,145,146,130,180,IMG20260826124428.jpg,IMG20260826125224.jpg,50,15,0,0.0,0,0
145-146,145,146,130,181,IMG20260826124428.jpg,IMG20260826125228.jpg,51,19,0,0.0,0,0
145-146,145,146,130,182,IMG20260826124428.jpg,IMG20260826125230.jpg,52,16,0,0.0,0,0
145-146,145,146,130,183,IMG20260826124428.jpg,IMG20260826125234.jpg,53,0,0,0.0,0,0
145-146,145,146,130,184,IMG20260826124428.jpg,IMG20260826125237.jpg,54,0,0,0.0,0,0
145-146,145,146,130,185,IMG20260826124428.jpg,IMG20260826125241.jpg,55,17,0,0.0,0,0
145-146,145,146,131,172,IMG20260826124431.jpg,IMG20260826125127.jpg,41,0,0,0.0,0,0
145-146,145,146,131,173,IMG20260826124431.jpg,IMG20260826125130.jpg,42,0,0,0.0,0,0
145-146,145,146,131,174,IMG20260826124431.jpg,IMG20260826125133.jpg,43,16,0,0.0,0,0
145-146,145,146,131,175,IMG20260826124431.jpg,IMG20260826125137.jpg,44,15,0,0.0,0,0
145-146,145,146,131,176,IMG20260826124431.jpg,IMG20260826125139.jpg,45,0,0,0.0,0,0
145-146,145,146,131,177,IMG20260826124431.jpg,IMG20260826125146.jpg,46,20,0,0.0,0,0
145-146,145,146,131,178,IMG20260826124431.jpg,IMG20260826125151.jpg,47,17,0,0.0,0,0
145-146,145,146,131,179,IMG20260826124431.jpg,IMG20260826125156.jpg,48,0,0,0.0,0,0
145-146,145,146,131,180,IMG20260826124431.jpg,IMG20260826125224.jpg,49,0,0,0.0,0,0
145-146,145,146,131,181,IMG20260826124431.jpg,IMG20260826125228.jpg,50,0,0,0.0,0,0
145-146,145,146,131,182,IMG20260826124431.jpg,IMG20260826125230.jpg,51,0,0,0.0,0,0
145-146,145,146,131,183,IMG20260826124431.jpg,IMG20260826125234.jpg,52,0,0,0.0,0,0
145-146,145,146,131,184,IMG20260826124431.jpg,IMG20260826125237.jpg,53,0,0,0.0,0,0
145-146,145,146,131,185,IMG20260826124431.jpg,IMG20260826125241.jpg,54,15,0,0.0,0,0
145-146,145,146,132,173,IMG20260826124434.jpg,IMG20260826125130.jpg,41,0,0,0.0,0,0
145-146,145,146,132,174,IMG20260826124434.jpg,IMG20260826125133.jpg,42,0,0,0.0,0,0
145-146,145,146,132,175,IMG20260826124434.jpg,IMG20260826125137.jpg,43,0,0,0.0,0,0
145-146,145,146,132,176,IMG20260826124434.jpg,IMG20260826125139.jpg,44,0,0,0.0,0,0
145-146,145,146,132,177,IMG20260826124434.jpg,IMG20260826125146.jpg,45,0,0,0.0,0,0
145-146,145,146,132,178,IMG20260826124434.jpg,IMG20260826125151.jpg,46,19,0,0.0,0,0
145-146,145,146,132,179,IMG20260826124434.jpg,IMG20260826125156.jpg,47,0,0,0.0,0,0
145-146,145,146,132,180,IMG20260826124434.jpg,IMG20260826125224.jpg,48,18,0,0.0,0,0
145-146,145,146,132,181,IMG20260826124434.jpg,IMG20260826125228.jpg,49,0,0,0.0,0,0
145-146,145,146,132,182,IMG20260826124434.jpg,IMG20260826125230.jpg,50,0,0,0.0,0,0
145-146,145,146,132,183,IMG20260826124434.jpg,IMG20260826125234.jpg,51,16,0,0.0,0,0
145-146,145,146,132,184,IMG20260826124434.jpg,IMG20260826125237.jpg,52,0,0,0.0,0,0
145-146,145,146,132,185,IMG20260826124434.jpg,IMG20260826125241.jpg,53,16,0,0.0,0,0
145-146,145,146,133,174,IMG20260826124442.jpg,IMG20260826125133.jpg,41,0,0,0.0,0,0
145-146,145,146,133,175,IMG20260826124442.jpg,IMG20260826125137.jpg,42,0,0,0.0,0,0
145-146,145,146,133,176,IMG20260826124442.jpg,IMG20260826125139.jpg,43,0,0,0.0,0,0
145-146,145,146,133,177,IMG20260826124442.jpg,IMG20260826125146.jpg,44,15,0,0.0,0,0
145-146,145,146,133,178,IMG20260826124442.jpg,IMG20260826125151.jpg,45,0,0,0.0,0,0
145-146,145,146,133,179,IMG20260826124442.jpg,IMG20260826125156.jpg,46,16,0,0.0,0,0
145-146,145,146,133,180,IMG20260826124442.jpg,IMG20260826125224.jpg,47,0,0,0.0,0,0
145-146,145,146,133,181,IMG20260826124442.jpg,IMG20260826125228.jpg,48,0,0,0.0,0,0
145-146,145,146,133,182,IMG20260826124442.jpg,IMG20260826125230.jpg,49,0,0,0.0,0,0
145-146,145,146,133,183,IMG20260826124442.jpg,IMG20260826125234.jpg,50,0,0,0.0,0,0
145-146,145,146,133,184,IMG20260826124442.jpg,IMG20260826125237.jpg,51,0,0,0.0,0,0
145-146,145,146,133,185,IMG20260826124442.jpg,IMG20260826125241.jpg,52,0,0,0.0,0,0
145-146,145,146,134,175,IMG20260826124455.jpg,IMG20260826125137.jpg,41,0,0,0.0,0,0
145-146,145,146,134,176,IMG20260826124455.jpg,IMG20260826125139.jpg,42,0,0,0.0,0,0
145-146,145,146,134,177,IMG20260826124455.jpg,IMG20260826125146.jpg,43,15,0,0.0,0,0
145-146,145,146,134,178,IMG20260826124455.jpg,IMG20260826125151.jpg,44,0,0,0.0,0,0
145-146,145,146,134,179,IMG20260826124455.jpg,IMG20260826125156.jpg,45,18,0,0.0,0,0
145-146,145,146,134,180,IMG20260826124455.jpg,IMG20260826125224.jpg,46,15,0,0.0,0,0
145-146,145,146,134,181,IMG20260826124455.jpg,IMG20260826125228.jpg,47,0,0,0.0,0,0
145-146,145,146,134,182,IMG20260826124455.jpg,IMG20260826125230.jpg,48,0,0,0.0,0,0
145-146,145,146,134,183,IMG20260826124455.jpg,IMG20260826125234.jpg,49,0,0,0.0,0,0
145-146,145,146,134,184,IMG20260826124455.jpg,IMG20260826125237.jpg,50,0,0,0.0,0,0
145-146,145,146,134,185,IMG20260826124455.jpg,IMG20260826125241.jpg,51,0,0,0.0,0,0
145-146,145,146,135,176,IMG20260826124458.jpg,IMG20260826125139.jpg,41,16,0,0.0,0,0
145-146,145,146,135,177,IMG20260826124458.jpg,IMG20260826125146.jpg,42,0,0,0.0,0,0
145-146,145,146,135,178,IMG20260826124458.jpg,IMG20260826125151.jpg,43,0,0,0.0,0,0
145-146,145,146,135,179,IMG20260826124458.jpg,IMG20260826125156.jpg,44,0,0,0.0,0,0
145-146,145,146,135,180,IMG20260826124458.jpg,IMG20260826125224.jpg,45,15,0,0.0,0,0
145-146,145,146,135,181,IMG20260826124458.jpg,IMG20260826125228.jpg,46,0,0,0.0,0,0
145-146,145,146,135,182,IMG20260826124458.jpg,IMG20260826125230.jpg,47,0,0,0.0,0,0
145-146,145,146,135,183,IMG20260826124458.jpg,IMG20260826125234.jpg,48,0,0,0.0,0,0
145-146,145,146,135,184,IMG20260826124458.jpg,IMG20260826125237.jpg,49,0,0,0.0,0,0
145-146,145,146,135,185,IMG20260826124458.jpg,IMG20260826125241.jpg,50,0,0,0.0,0,0
145-146,145,146,136,177,IMG20260826124501.jpg,IMG20260826125146.jpg,41,15,0,0.0,0,0
145-146,145,146,136,178,IMG20260826124501.jpg,IMG20260826125151.jpg,42,0,0,0.0,0,0
145-146,145,146,136,179,IMG20260826124501.jpg,IMG20260826125156.jpg,43,0,0,0.0,0,0
145-146,145,146,136,180,IMG20260826124501.jpg,IMG20260826125224.jpg,44,0,0,0.0,0,0
145-146,145,146,136,181,IMG20260826124501.jpg,IMG20260826125228.jpg,45,0,0,0.0,0,0
145-146,145,146,136,182,IMG20260826124501.jpg,IMG20260826125230.jpg,46,0,0,0.0,0,0
145-146,145,146,136,183,IMG20260826124501.jpg,IMG20260826125234.jpg,47,0,0,0.0,0,0
145-146,145,146,136,184,IMG20260826124501.jpg,IMG20260826125237.jpg,48,0,0,0.0,0,0
145-146,145,146,136,185,IMG20260826124501.jpg,IMG20260826125241.jpg,49,15,0,0.0,0,0
145-146,145,146,137,178,IMG20260826124504.jpg,IMG20260826125151.jpg,41,0,0,0.0,0,0
145-146,145,146,137,179,IMG20260826124504.jpg,IMG20260826125156.jpg,42,0,0,0.0,0,0
145-146,145,146,137,180,IMG20260826124504.jpg,IMG20260826125224.jpg,43,16,0,0.0,0,0
145-146,145,146,137,181,IMG20260826124504.jpg,IMG20260826125228.jpg,44,0,0,0.0,0,0
145-146,145,146,137,182,IMG20260826124504.jpg,IMG20260826125230.jpg,45,0,0,0.0,0,0
145-146,145,146,137,183,IMG20260826124504.jpg,IMG20260826125234.jpg,46,15,0,0.0,0,0
145-146,145,146,137,184,IMG20260826124504.jpg,IMG20260826125237.jpg,47,0,0,0.0,0,0
145-146,145,146,137,185,IMG20260826124504.jpg,IMG20260826125241.jpg,48,0,0,0.0,0,0
145-146,145,146,138,179,IMG20260826124507.jpg,IMG20260826125156.jpg,41,18,0,0.0,0,0
145-146,145,146,138,180,IMG20260826124507.jpg,IMG20260826125224.jpg,42,0,0,0.0,0,0
145-146,145,146,138,181,IMG20260826124507.jpg,IMG20260826125228.jpg,43,16,0,0.0,0,0
145-146,145,146,138,182,IMG20260826124507.jpg,IMG20260826125230.jpg,44,16,0,0.0,0,0
145-146,145,146,138,183,IMG20260826124507.jpg,IMG20260826125234.jpg,45,0,0,0.0,0,0
145-146,145,146,138,184,IMG20260826124507.jpg,IMG20260826125237.jpg,46,0,0,0.0,0,0
145-146,145,146,138,185,IMG20260826124507.jpg,IMG20260826125241.jpg,47,0,0,0.0,0,0
145-146,145,146,139,180,IMG20260826124510.jpg,IMG20260826125224.jpg,41,0,0,0.0,0,0
145-146,145,146,139,181,IMG20260826124510.jpg,IMG20260826125228.jpg,42,16,0,0.0,0,0
145-146,145,146,139,182,IMG20260826124510.jpg,IMG20260826125230.jpg,43,0,0,0.0,0,0
145-146,145,146,139,183,IMG20260826124510.jpg,IMG20260826125234.jpg,44,15,0,0.0,0,0
145-146,145,146,139,184,IMG20260826124510.jpg,IMG20260826125237.jpg,45,0,0,0.0,0,0
145-146,145,146,139,185,IMG20260826124510.jpg,IMG20260826125241.jpg,46,0,0,0.0,0,0
145-146,145,146,140,181,IMG20260826124745.jpg,IMG20260826125228.jpg,41,0,0,0.0,0,0
145-146,145,146,140,182,IMG20260826124745.jpg,IMG20260826125230.jpg,42,0,0,0.0,0,0
145-146,145,146,140,183,IMG20260826124745.jpg,IMG20260826125234.jpg,43,19,0,0.0,0,0
145-146,145,146,140,184,IMG20260826124745.jpg,IMG20260826125237.jpg,44,18,0,0.0,0,0
145-146,145,146,140,185,IMG20260826124745.jpg,IMG20260826125241.jpg,45,0,0,0.0,0,0
145-146,145,146,141,182,IMG20260826124750.jpg,IMG20260826125230.jpg,41,17,0,0.0,0,0
145-146,145,146,141,183,IMG20260826124750.jpg,IMG20260826125234.jpg,42,0,0,0.0,0,0
145-146,145,146,141,184,IMG20260826124750.jpg,IMG20260826125237.jpg,43,0,0,0.0,0,0
145-146,145,146,141,185,IMG20260826124750.jpg,IMG20260826125241.jpg,44,0,0,0.0,0,0
145-146,145,146,142,183,IMG20260826124754.jpg,IMG20260826125234.jpg,41,17,0,0.0,0,0
145-146,145,146,142,184,IMG20260826124754.jpg,IMG20260826125237.jpg,42,0,0,0.0,0,0
145-146,145,146,142,185,IMG20260826124754.jpg,IMG20260826125241.jpg,43,0,0,0.0,0,0
145-146,145,146,143,184,IMG20260826124757.jpg,IMG20260826125237.jpg,41,0,0,0.0,0,0
145-146,145,146,143,185,IMG20260826124757.jpg,IMG20260826125241.jpg,42,0,0,0.0,0,0
145-146,145,146,144,185,IMG20260826124801.jpg,IMG20260826125241.jpg,41,0,0,0.0,0,0
203-204,203,204,164,205,IMG20260826125007.jpg,IMG20260826125524.jpg,41,17,0,0.0,0,0
203-204,203,204,164,206,IMG20260826125007.jpg,IMG20260826125527.jpg,42,0,0,0.0,0,0
203-204,203,204,164,207,IMG20260826125007.jpg,IMG20260826125529.jpg,43,0,0,0.0,0,0
203-204,203,204,164,208,IMG20260826125007.jpg,IMG20260826125532.jpg,44,0,0,0.0,0,0
203-204,203,204,164,209,IMG20260826125007.jpg,IMG20260826125534.jpg,45,15,0,0.0,0,0
203-204,203,204,164,210,IMG20260826125007.jpg,IMG20260826125538.jpg,46,15,0,0.0,0,0
203-204,203,204,164,211,IMG20260826125007.jpg,IMG20260826125616.jpg,47,0,0,0.0,0,0
203-204,203,204,164,212,IMG20260826125007.jpg,IMG20260826125619.jpg,48,0,0,0.0,0,0
203-204,203,204,164,213,IMG20260826125007.jpg,IMG20260826125624.jpg,49,0,0,0.0,0,0
203-204,203,204,164,214,IMG20260826125007.jpg,IMG20260826125628.jpg,50,0,0,0.0,0,0
203-204,203,204,164,215,IMG20260826125007.jpg,IMG20260826125631.jpg,51,0,0,0.0,0,0
203-204,203,204,164,216,IMG20260826125007.jpg,IMG20260826125634.jpg,52,0,0,0.0,0,0
203-204,203,204,164,217,IMG20260826125007.jpg,IMG20260826125638.jpg,53,0,0,0.0,0,0
203-204,203,204,164,218,IMG20260826125007.jpg,IMG20260826125640.jpg,54,0,0,0.0,0,0
203-204,203,204,164,219,IMG20260826125007.jpg,IMG20260826125643.jpg,55,22,0,0.0,0,0
203-204,203,204,164,220,IMG20260826125007.jpg,IMG20260826125647.jpg,56,0,0,0.0,0,0
203-204,203,204,164,221,IMG20260826125007.jpg,IMG20260826125650.jpg,57,0,0,0.0,0,0
203-204,203,204,164,222,IMG20260826125007.jpg,IMG20260826125653.jpg,58,0,0,0.0,0,0
203-204,203,204,164,223,IMG20260826125007.jpg,IMG20260826125657.jpg,59,0,0,0.0,0,0
203-204,203,204,164,224,IMG20260826125007.jpg,IMG20260826125737.jpg,60,18,0,0.0,0,0
203-204,203,204,164,225,IMG20260826125007.jpg,IMG20260826125739.jpg,61,19,0,0.0,0,0
203-204,203,204,164,226,IMG20260826125007.jpg,IMG20260826125741.jpg,62,20,0,0.0,0,0
203-204,203,204,164,227,IMG20260826125007.jpg,IMG20260826125743.jpg,63,17,0,0.0,0,0
203-204,203,204,164,228,IMG20260826125007.jpg,IMG20260826125746.jpg,64,0,0,0.0,0,0
203-204,203,204,164,229,IMG20260826125007.jpg,IMG20260826125749.jpg,65,0,0,0.0,0,0
203-204,203,204,164,230,IMG20260826125007.jpg,IMG20260826125845.jpg,66,0,0,0.0,0,0
203-204,203,204,164,231,IMG20260826125007.jpg,IMG20260826125849.jpg,67,0,0,0.0,0,0
203-204,203,204,164,232,IMG20260826125007.jpg,IMG20260826125852.jpg,68,0,0,0.0,0,0
203-204,203,204,164,233,IMG20260826125007.jpg,IMG20260826125854.jpg,69,0,0,0.0,0,0
203-204,203,204,164,234,IMG20260826125007.jpg,IMG20260826125857.jpg,70,0,0,0.0,0,0
203-204,203,204,164,235,IMG20260826125007.jpg,IMG20260826125901.jpg,71,15,0,0.0,0,0
203-204,203,204,164,236,IMG20260826125007.jpg,IMG20260826125910.jpg,72,0,0,0.0,0,0
203-204,203,204,164,237,IMG20260826125007.jpg,IMG20260826125914.jpg,73,15,0,0.0,0,0
203-204,203,204,164,238,IMG20260826125007.jpg,IMG20260826125922.jpg,74,0,0,0.0,0,0
203-204,203,204,164,239,IMG20260826125007.jpg,IMG20260826125925.jpg,75,19,0,0.0,0,0
203-204,203,204,164,240,IMG20260826125007.jpg,IMG20260826125930.jpg,76,0,0,0.0,0,0
203-204,203,204,164,241,IMG20260826125007.jpg,IMG20260826125936.jpg,77,0,0,0.0,0,0
203-204,203,204,164,242,IMG20260826125007.jpg,IMG20260826125940.jpg,78,15,0,0.0,0,0
203-204,203,204,164,243,IMG20260826125007.jpg,IMG20260826125942.jpg,79,16,0,0.0,0,0
203-204,203,204,165,206,IMG20260826125013.jpg,IMG20260826125527.jpg,41,0,0,0.0,0,0
203-204,203,204,165,207,IMG20260826125013.jpg,IMG20260826125529.jpg,42,0,0,0.0,0,0
203-204,203,204,165,208,IMG20260826125013.jpg,IMG20260826125532.jpg,43,17,0,0.0,0,0
203-204,203,204,165,209,IMG20260826125013.jpg,IMG20260826125534.jpg,44,0,0,0.0,0,0
203-204,203,204,165,210,IMG20260826125013.jpg,IMG20260826125538.jpg,45,0,0,0.0,0,0
203-204,203,204,165,211,IMG20260826125013.jpg,IMG20260826125616.jpg,46,0,0,0.0,0,0
203-204,203,204,165,212,IMG20260826125013.jpg,IMG20260826125619.jpg,47,0,0,0.0,0,0
203-204,203,204,165,213,IMG20260826125013.jpg,IMG20260826125624.jpg,48,16,0,0.0,0,0
203-204,203,204,165,214,IMG20260826125013.jpg,IMG20260826125628.jpg,49,0,0,0.0,0,0
203-204,203,204,165,215,IMG20260826125013.jpg,IMG20260826125631.jpg,50,0,0,0.0,0,0
203-204,203,204,165,216,IMG20260826125013.jpg,IMG20260826125634.jpg,51,0,0,0.0,0,0
203-204,203,204,165,217,IMG20260826125013.jpg,IMG20260826125638.jpg,52,0,0,0.0,0,0
203-204,203,204,165,218,IMG20260826125013.jpg,IMG20260826125640.jpg,53,0,0,0.0,0,0
203-204,203,204,165,219,IMG20260826125013.jpg,IMG20260826125643.jpg,54,0,0,0.0,0,0
203-204,203,204,165,220,IMG20260826125013.jpg,IMG20260826125647.jpg,55,0,0,0.0,0,0
203-204,203,204,165,221,IMG20260826125013.jpg,IMG20260826125650.jpg,56,0,0,0.0,0,0
203-204,203,204,165,222,IMG20260826125013.jpg,IMG20260826125653.jpg,57,0,0,0.0,0,0
203-204,203,204,165,223,IMG20260826125013.jpg,IMG20260826125657.jpg,58,0,0,0.0,0,0
203-204,203,204,165,224,IMG20260826125013.jpg,IMG20260826125737.jpg,59,15,0,0.0,0,0
203-204,203,204,165,225,IMG20260826125013.jpg,IMG20260826125739.jpg,60,0,0,0.0,0,0
203-204,203,204,165,226,IMG20260826125013.jpg,IMG20260826125741.jpg,61,0,0,0.0,0,0
203-204,203,204,165,227,IMG20260826125013.jpg,IMG20260826125743.jpg,62,17,0,0.0,0,0
203-204,203,204,165,228,IMG20260826125013.jpg,IMG20260826125746.jpg,63,0,0,0.0,0,0
203-204,203,204,165,229,IMG20260826125013.jpg,IMG20260826125749.jpg,64,0,0,0.0,0,0
203-204,203,204,165,230,IMG20260826125013.jpg,IMG20260826125845.jpg,65,0,0,0.0,0,0
203-204,203,204,165,231,IMG20260826125013.jpg,IMG20260826125849.jpg,66,0,0,0.0,0,0
203-204,203,204,165,232,IMG20260826125013.jpg,IMG20260826125852.jpg,67,0,0,0.0,0,0
203-204,203,204,165,233,IMG20260826125013.jpg,IMG20260826125854.jpg,68,0,0,0.0,0,0
203-204,203,204,165,234,IMG20260826125013.jpg,IMG20260826125857.jpg,69,18,0,0.0,0,0
203-204,203,204,165,235,IMG20260826125013.jpg,IMG20260826125901.jpg,70,19,0,0.0,0,0
203-204,203,204,165,236,IMG20260826125013.jpg,IMG20260826125910.jpg,71,0,0,0.0,0,0
203-204,203,204,165,237,IMG20260826125013.jpg,IMG20260826125914.jpg,72,17,0,0.0,0,0
203-204,203,204,165,238,IMG20260826125013.jpg,IMG20260826125922.jpg,73,0,0,0.0,0,0
203-204,203,204,165,239,IMG20260826125013.jpg,IMG20260826125925.jpg,74,0,0,0.0,0,0
203-204,203,204,165,240,IMG20260826125013.jpg,IMG20260826125930.jpg,75,0,0,0.0,0,0
203-204,203,204,165,241,IMG20260826125013.jpg,IMG20260826125936.jpg,76,0,0,0.0,0,0
203-204,203,204,165,242,IMG20260826125013.jpg,IMG20260826125940.jpg,77,0,0,0.0,0,0
203-204,203,204,165,243,IMG20260826125013.jpg,IMG20260826125942.jpg,78,16,0,0.0,0,0
203-204,203,204,166,207,IMG20260826125016.jpg,IMG20260826125529.jpg,41,0,0,0.0,0,0
203-204,203,204,166,208,IMG20260826125016.jpg,IMG20260826125532.jpg,42,0,0,0.0,0,0
203-204,203,204,166,209,IMG20260826125016.jpg,IMG20260826125534.jpg,43,0,0,0.0,0,0
203-204,203,204,166,210,IMG20260826125016.jpg,IMG20260826125538.jpg,44,15,0,0.0,0,0
203-204,203,204,166,211,IMG20260826125016.jpg,IMG20260826125616.jpg,45,0,0,0.0,0,0
203-204,203,204,166,212,IMG20260826125016.jpg,IMG20260826125619.jpg,46,0,0,0.0,0,0
203-204,203,204,166,213,IMG20260826125016.jpg,IMG20260826125624.jpg,47,0,0,0.0,0,0
203-204,203,204,166,214,IMG20260826125016.jpg,IMG20260826125628.jpg,48,0,0,0.0,0,0
203-204,203,204,166,215,IMG20260826125016.jpg,IMG20260826125631.jpg,49,0,0,0.0,0,0
203-204,203,204,166,216,IMG20260826125016.jpg,IMG20260826125634.jpg,50,16,0,0.0,0,0
203-204,203,204,166,217,IMG20260826125016.jpg,IMG20260826125638.jpg,51,0,0,0.0,0,0
203-204,203,204,166,218,IMG20260826125016.jpg,IMG20260826125640.jpg,52,0,0,0.0,0,0
203-204,203,204,166,219,IMG20260826125016.jpg,IMG20260826125643.jpg,53,0,0,0.0,0,0
203-204,203,204,166,220,IMG20260826125016.jpg,IMG20260826125647.jpg,54,0,0,0.0,0,0
203-204,203,204,166,221,IMG20260826125016.jpg,IMG20260826125650.jpg,55,0,0,0.0,0,0
203-204,203,204,166,222,IMG20260826125016.jpg,IMG20260826125653.jpg,56,0,0,0.0,0,0
203-204,203,204,166,223,IMG20260826125016.jpg,IMG20260826125657.jpg,57,0,0,0.0,0,0
203-204,203,204,166,224,IMG20260826125016.jpg,IMG20260826125737.jpg,58,22,0,0.0,0,0
203-204,203,204,166,225,IMG20260826125016.jpg,IMG20260826125739.jpg,59,0,0,0.0,0,0
203-204,203,204,166,226,IMG20260826125016.jpg,IMG20260826125741.jpg,60,17,0,0.0,0,0
203-204,203,204,166,227,IMG20260826125016.jpg,IMG20260826125743.jpg,61,0,0,0.0,0,0
203-204,203,204,166,228,IMG20260826125016.jpg,IMG20260826125746.jpg,62,0,0,0.0,0,0
203-204,203,204,166,229,IMG20260826125016.jpg,IMG20260826125749.jpg,63,0,0,0.0,0,0
203-204,203,204,166,230,IMG20260826125016.jpg,IMG20260826125845.jpg,64,0,0,0.0,0,0
203-204,203,204,166,231,IMG20260826125016.jpg,IMG20260826125849.jpg,65,0,0,0.0,0,0
203-204,203,204,166,232,IMG20260826125016.jpg,IMG20260826125852.jpg,66,0,0,0.0,0,0
203-204,203,204,166,233,IMG20260826125016.jpg,IMG20260826125854.jpg,67,0,0,0.0,0,0
203-204,203,204,166,234,IMG20260826125016.jpg,IMG20260826125857.jpg,68,0,0,0.0,0,0
203-204,203,204,166,235,IMG20260826125016.jpg,IMG20260826125901.jpg,69,0,0,0.0,0,0
203-204,203,204,166,236,IMG20260826125016.jpg,IMG20260826125910.jpg,70,0,0,0.0,0,0
203-204,203,204,166,237,IMG20260826125016.jpg,IMG20260826125914.jpg,71,0,0,0.0,0,0
203-204,203,204,166,238,IMG20260826125016.jpg,IMG20260826125922.jpg,72,0,0,0.0,0,0
203-204,203,204,166,239,IMG20260826125016.jpg,IMG20260826125925.jpg,73,0,0,0.0,0,0
203-204,203,204,166,240,IMG20260826125016.jpg,IMG20260826125930.jpg,74,0,0,0.0,0,0
203-204,203,204,166,241,IMG20260826125016.jpg,IMG20260826125936.jpg,75,0,0,0.0,0,0
203-204,203,204,166,242,IMG20260826125016.jpg,IMG20260826125940.jpg,76,0,0,0.0,0,0
203-204,203,204,166,243,IMG20260826125016.jpg,IMG20260826125942.jpg,77,15,0,0.0,0,0
203-204,203,204,167,208,IMG20260826125018.jpg,IMG20260826125532.jpg,41,0,0,0.0,0,0
203-204,203,204,167,209,IMG20260826125018.jpg,IMG20260826125534.jpg,42,0,0,0.0,0,0
203-204,203,204,167,210,IMG20260826125018.jpg,IMG20260826125538.jpg,43,0,0,0.0,0,0
203-204,203,204,167,211,IMG20260826125018.jpg,IMG20260826125616.jpg,44,0,0,0.0,0,0
203-204,203,204,167,212,IMG20260826125018.jpg,IMG20260826125619.jpg,45,0,0,0.0,0,0
203-204,203,204,167,213,IMG20260826125018.jpg,IMG20260826125624.jpg,46,0,0,0.0,0,0
203-204,203,204,167,214,IMG20260826125018.jpg,IMG20260826125628.jpg,47,0,0,0.0,0,0
203-204,203,204,167,215,IMG20260826125018.jpg,IMG20260826125631.jpg,48,0,0,0.0,0,0
203-204,203,204,167,216,IMG20260826125018.jpg,IMG20260826125634.jpg,49,0,0,0.0,0,0
203-204,203,204,167,217,IMG20260826125018.jpg,IMG20260826125638.jpg,50,0,0,0.0,0,0
203-204,203,204,167,218,IMG20260826125018.jpg,IMG20260826125640.jpg,51,0,0,0.0,0,0
203-204,203,204,167,219,IMG20260826125018.jpg,IMG20260826125643.jpg,52,0,0,0.0,0,0
203-204,203,204,167,220,IMG20260826125018.jpg,IMG20260826125647.jpg,53,0,0,0.0,0,0
203-204,203,204,167,221,IMG20260826125018.jpg,IMG20260826125650.jpg,54,19,0,0.0,0,0
203-204,203,204,167,222,IMG20260826125018.jpg,IMG20260826125653.jpg,55,0,0,0.0,0,0
203-204,203,204,167,223,IMG20260826125018.jpg,IMG20260826125657.jpg,56,20,0,0.0,0,0
203-204,203,204,167,224,IMG20260826125018.jpg,IMG20260826125737.jpg,57,0,0,0.0,0,0
203-204,203,204,167,225,IMG20260826125018.jpg,IMG20260826125739.jpg,58,0,0,0.0,0,0
203-204,203,204,167,226,IMG20260826125018.jpg,IMG20260826125741.jpg,59,0,0,0.0,0,0
203-204,203,204,167,227,IMG20260826125018.jpg,IMG20260826125743.jpg,60,0,0,0.0,0,0
203-204,203,204,167,228,IMG20260826125018.jpg,IMG20260826125746.jpg,61,17,0,0.0,0,0
203-204,203,204,167,229,IMG20260826125018.jpg,IMG20260826125749.jpg,62,0,0,0.0,0,0
203-204,203,204,167,230,IMG20260826125018.jpg,IMG20260826125845.jpg,63,0,0,0.0,0,0
203-204,203,204,167,231,IMG20260826125018.jpg,IMG20260826125849.jpg,64,16,0,0.0,0,0
203-204,203,204,167,232,IMG20260826125018.jpg,IMG20260826125852.jpg,65,0,0,0.0,0,0
203-204,203,204,167,233,IMG20260826125018.jpg,IMG20260826125854.jpg,66,0,0,0.0,0,0
203-204,203,204,167,234,IMG20260826125018.jpg,IMG20260826125857.jpg,67,0,0,0.0,0,0
203-204,203,204,167,235,IMG20260826125018.jpg,IMG20260826125901.jpg,68,0,0,0.0,0,0
203-204,203,204,167,236,IMG20260826125018.jpg,IMG20260826125910.jpg,69,0,0,0.0,0,0
203-204,203,204,167,237,IMG20260826125018.jpg,IMG20260826125914.jpg,70,0,0,0.0,0,0
203-204,203,204,167,238,IMG20260826125018.jpg,IMG20260826125922.jpg,71,0,0,0.0,0,0
203-204,203,204,167,239,IMG20260826125018.jpg,IMG20260826125925.jpg,72,0,0,0.0,0,0
203-204,203,204,167,240,IMG20260826125018.jpg,IMG20260826125930.jpg,73,0,0,0.0,0,0
203-204,203,204,167,241,IMG20260826125018.jpg,IMG20260826125936.jpg,74,0,0,0.0,0,0
203-204,203,204,167,242,IMG20260826125018.jpg,IMG20260826125940.jpg,75,16,0,0.0,0,0
203-204,203,204,167,243,IMG20260826125018.jpg,IMG20260826125942.jpg,76,16,0,0.0,0,0
203-204,203,204,168,209,IMG20260826125103.jpg,IMG20260826125534.jpg,41,0,0,0.0,0,0
203-204,203,204,168,210,IMG20260826125103.jpg,IMG20260826125538.jpg,42,0,0,0.0,0,0
203-204,203,204,168,211,IMG20260826125103.jpg,IMG20260826125616.jpg,43,0,0,0.0,0,0
203-204,203,204,168,212,IMG20260826125103.jpg,IMG20260826125619.jpg,44,0,0,0.0,0,0
203-204,203,204,168,213,IMG20260826125103.jpg,IMG20260826125624.jpg,45,0,0,0.0,0,0
203-204,203,204,168,214,IMG20260826125103.jpg,IMG20260826125628.jpg,46,0,0,0.0,0,0
203-204,203,204,168,215,IMG20260826125103.jpg,IMG20260826125631.jpg,47,0,0,0.0,0,0
203-204,203,204,168,216,IMG20260826125103.jpg,IMG20260826125634.jpg,48,0,0,0.0,0,0
203-204,203,204,168,217,IMG20260826125103.jpg,IMG20260826125638.jpg,49,0,0,0.0,0,0
203-204,203,204,168,218,IMG20260826125103.jpg,IMG20260826125640.jpg,50,0,0,0.0,0,0
203-204,203,204,168,219,IMG20260826125103.jpg,IMG20260826125643.jpg,51,0,0,0.0,0,0
203-204,203,204,168,220,IMG20260826125103.jpg,IMG20260826125647.jpg,52,0,0,0.0,0,0
203-204,203,204,168,221,IMG20260826125103.jpg,IMG20260826125650.jpg,53,0,0,0.0,0,0
203-204,203,204,168,222,IMG20260826125103.jpg,IMG20260826125653.jpg,54,0,0,0.0,0,0
203-204,203,204,168,223,IMG20260826125103.jpg,IMG20260826125657.jpg,55,0,0,0.0,0,0
203-204,203,204,168,224,IMG20260826125103.jpg,IMG20260826125737.jpg,56,0,0,0.0,0,0
203-204,203,204,168,225,IMG20260826125103.jpg,IMG20260826125739.jpg,57,0,0,0.0,0,0
203-204,203,204,168,226,IMG20260826125103.jpg,IMG20260826125741.jpg,58,0,0,0.0,0,0
203-204,203,204,168,227,IMG20260826125103.jpg,IMG20260826125743.jpg,59,0,0,0.0,0,0
203-204,203,204,168,228,IMG20260826125103.jpg,IMG20260826125746.jpg,60,0,0,0.0,0,0
203-204,203,204,168,229,IMG20260826125103.jpg,IMG20260826125749.jpg,61,0,0,0.0,0,0
203-204,203,204,168,230,IMG20260826125103.jpg,IMG20260826125845.jpg,62,0,0,0.0,0,0
203-204,203,204,168,231,IMG20260826125103.jpg,IMG20260826125849.jpg,63,0,0,0.0,0,0
203-204,203,204,168,232,IMG20260826125103.jpg,IMG20260826125852.jpg,64,0,0,0.0,0,0
203-204,203,204,168,233,IMG20260826125103.jpg,IMG20260826125854.jpg,65,0,0,0.0,0,0
203-204,203,204,168,234,IMG20260826125103.jpg,IMG20260826125857.jpg,66,0,0,0.0,0,0
203-204,203,204,168,235,IMG20260826125103.jpg,IMG20260826125901.jpg,67,0,0,0.0,0,0
203-204,203,204,168,236,IMG20260826125103.jpg,IMG20260826125910.jpg,68,0,0,0.0,0,0
203-204,203,204,168,237,IMG20260826125103.jpg,IMG20260826125914.jpg,69,0,0,0.0,0,0
203-204,203,204,168,238,IMG20260826125103.jpg,IMG20260826125922.jpg,70,0,0,0.0,0,0
203-204,203,204,168,239,IMG20260826125103.jpg,IMG20260826125925.jpg,71,0,0,0.0,0,0
203-204,203,204,168,240,IMG20260826125103.jpg,IMG20260826125930.jpg,72,0,0,0.0,0,0
203-204,203,204,168,241,IMG20260826125103.jpg,IMG20260826125936.jpg,73,0,0,0.0,0,0
203-204,203,204,168,242,IMG20260826125103.jpg,IMG20260826125940.jpg,74,0,0,0.0,0,0
203-204,203,204,168,243,IMG20260826125103.jpg,IMG20260826125942.jpg,75,0,0,0.0,0,0
203-204,203,204,169,210,IMG20260826125108.jpg,IMG20260826125538.jpg,41,0,0,0.0,0,0
203-204,203,204,169,211,IMG20260826125108.jpg,IMG20260826125616.jpg,42,0,0,0.0,0,0
203-204,203,204,169,212,IMG20260826125108.jpg,IMG20260826125619.jpg,43,0,0,0.0,0,0
203-204,203,204,169,213,IMG20260826125108.jpg,IMG20260826125624.jpg,44,0,0,0.0,0,0
203-204,203,204,169,214,IMG20260826125108.jpg,IMG20260826125628.jpg,45,0,0,0.0,0,0
203-204,203,204,169,215,IMG20260826125108.jpg,IMG20260826125631.jpg,46,0,0,0.0,0,0
203-204,203,204,169,216,IMG20260826125108.jpg,IMG20260826125634.jpg,47,0,0,0.0,0,0
203-204,203,204,169,217,IMG20260826125108.jpg,IMG20260826125638.jpg,48,0,0,0.0,0,0
203-204,203,204,169,218,IMG20260826125108.jpg,IMG20260826125640.jpg,49,0,0,0.0,0,0
203-204,203,204,169,219,IMG20260826125108.jpg,IMG20260826125643.jpg,50,0,0,0.0,0,0
203-204,203,204,169,220,IMG20260826125108.jpg,IMG20260826125647.jpg,51,0,0,0.0,0,0
203-204,203,204,169,221,IMG20260826125108.jpg,IMG20260826125650.jpg,52,15,0,0.0,0,0
203-204,203,204,169,222,IMG20260826125108.jpg,IMG20260826125653.jpg,53,0,0,0.0,0,0
203-204,203,204,169,223,IMG20260826125108.jpg,IMG20260826125657.jpg,54,0,0,0.0,0,0
203-204,203,204,169,224,IMG20260826125108.jpg,IMG20260826125737.jpg,55,15,0,0.0,0,0
203-204,203,204,169,225,IMG20260826125108.jpg,IMG20260826125739.jpg,56,0,0,0.0,0,0
203-204,203,204,169,226,IMG20260826125108.jpg,IMG20260826125741.jpg,57,0,0,0.0,0,0
203-204,203,204,169,227,IMG20260826125108.jpg,IMG20260826125743.jpg,58,0,0,0.0,0,0
203-204,203,204,169,228,IMG20260826125108.jpg,IMG20260826125746.jpg,59,0,0,0.0,0,0
203-204,203,204,169,229,IMG20260826125108.jpg,IMG20260826125749.jpg,60,0,0,0.0,0,0
203-204,203,204,169,230,IMG20260826125108.jpg,IMG20260826125845.jpg,61,0,0,0.0,0,0
203-204,203,204,169,231,IMG20260826125108.jpg,IMG20260826125849.jpg,62,22,0,0.0,0,0
203-204,203,204,169,232,IMG20260826125108.jpg,IMG20260826125852.jpg,63,0,0,0.0,0,0
203-204,203,204,169,233,IMG20260826125108.jpg,IMG20260826125854.jpg,64,0,0,0.0,0,0
203-204,203,204,169,234,IMG20260826125108.jpg,IMG20260826125857.jpg,65,0,0,0.0,0,0
203-204,203,204,169,235,IMG20260826125108.jpg,IMG20260826125901.jpg,66,0,0,0.0,0,0
203-204,203,204,169,236,IMG20260826125108.jpg,IMG20260826125910.jpg,67,0,0,0.0,0,0
203-204,203,204,169,237,IMG20260826125108.jpg,IMG20260826125914.jpg,68,0,0,0.0,0,0
203-204,203,204,169,238,IMG20260826125108.jpg,IMG20260826125922.jpg,69,0,0,0.0,0,0
203-204,203,204,169,239,IMG20260826125108.jpg,IMG20260826125925.jpg,70,0,0,0.0,0,0
203-204,203,204,169,240,IMG20260826125108.jpg,IMG20260826125930.jpg,71,0,0,0.0,0,0
203-204,203,204,169,241,IMG20260826125108.jpg,IMG20260826125936.jpg,72,0,0,0.0,0,0
203-204,203,204,169,242,IMG20260826125108.jpg,IMG20260826125940.jpg,73,0,0,0.0,0,0
203-204,203,204,169,243,IMG20260826125108.jpg,IMG20260826125942.jpg,74,0,0,0.0,0,0
203-204,203,204,170,211,IMG20260826125111.jpg,IMG20260826125616.jpg,41,0,0,0.0,0,0
203-204,203,204,170,212,IMG20260826125111.jpg,IMG20260826125619.jpg,42,0,0,0.0,0,0
203-204,203,204,170,213,IMG20260826125111.jpg,IMG20260826125624.jpg,43,0,0,0.0,0,0
203-204,203,204,170,214,IMG20260826125111.jpg,IMG20260826125628.jpg,44,0,0,0.0,0,0
203-204,203,204,170,215,IMG20260826125111.jpg,IMG20260826125631.jpg,45,0,0,0.0,0,0
203-204,203,204,170,216,IMG20260826125111.jpg,IMG20260826125634.jpg,46,0,0,0.0,0,0
203-204,203,204,170,217,IMG20260826125111.jpg,IMG20260826125638.jpg,47,0,0,0.0,0,0
203-204,203,204,170,218,IMG20260826125111.jpg,IMG20260826125640.jpg,48,0,0,0.0,0,0
203-204,203,204,170,219,IMG20260826125111.jpg,IMG20260826125643.jpg,49,0,0,0.0,0,0
203-204,203,204,170,220,IMG20260826125111.jpg,IMG20260826125647.jpg,50,0,0,0.0,0,0
203-204,203,204,170,221,IMG20260826125111.jpg,IMG20260826125650.jpg,51,0,0,0.0,0,0
203-204,203,204,170,222,IMG20260826125111.jpg,IMG20260826125653.jpg,52,0,0,0.0,0,0
203-204,203,204,170,223,IMG20260826125111.jpg,IMG20260826125657.jpg,53,0,0,0.0,0,0
203-204,203,204,170,224,IMG20260826125111.jpg,IMG20260826125737.jpg,54,0,0,0.0,0,0
203-204,203,204,170,225,IMG20260826125111.jpg,IMG20260826125739.jpg,55,16,0,0.0,0,0
203-204,203,204,170,226,IMG20260826125111.jpg,IMG20260826125741.jpg,56,0,0,0.0,0,0
203-204,203,204,170,227,IMG20260826125111.jpg,IMG20260826125743.jpg,57,0,0,0.0,0,0
203-204,203,204,170,228,IMG20260826125111.jpg,IMG20260826125746.jpg,58,0,0,0.0,0,0
203-204,203,204,170,229,IMG20260826125111.jpg,IMG20260826125749.jpg,59,0,0,0.0,0,0
203-204,203,204,170,230,IMG20260826125111.jpg,IMG20260826125845.jpg,60,0,0,0.0,0,0
203-204,203,204,170,231,IMG20260826125111.jpg,IMG20260826125849.jpg,61,0,0,0.0,0,0
203-204,203,204,170,232,IMG20260826125111.jpg,IMG20260826125852.jpg,62,0,0,0.0,0,0
203-204,203,204,170,233,IMG20260826125111.jpg,IMG20260826125854.jpg,63,0,0,0.0,0,0
203-204,203,204,170,234,IMG20260826125111.jpg,IMG20260826125857.jpg,64,0,0,0.0,0,0
203-204,203,204,170,235,IMG20260826125111.jpg,IMG20260826125901.jpg,65,0,0,0.0,0,0
203-204,203,204,170,236,IMG20260826125111.jpg,IMG20260826125910.jpg,66,0,0,0.0,0,0
203-204,203,204,170,237,IMG20260826125111.jpg,IMG20260826125914.jpg,67,0,0,0.0,0,0
203-204,203,204,170,238,IMG20260826125111.jpg,IMG20260826125922.jpg,68,0,0,0.0,0,0
203-204,203,204,170,239,IMG20260826125111.jpg,IMG20260826125925.jpg,69,0,0,0.0,0,0
203-204,203,204,170,240,IMG20260826125111.jpg,IMG20260826125930.jpg,70,0,0,0.0,0,0
203-204,203,204,170,241,IMG20260826125111.jpg,IMG20260826125936.jpg,71,0,0,0.0,0,0
203-204,203,204,170,242,IMG20260826125111.jpg,IMG20260826125940.jpg,72,0,0,0.0,0,0
203-204,203,204,170,243,IMG20260826125111.jpg,IMG20260826125942.jpg,73,0,0,0.0,0,0
203-204,203,204,171,212,IMG20260826125124.jpg,IMG20260826125619.jpg,41,0,0,0.0,0,0
203-204,203,204,171,213,IMG20260826125124.jpg,IMG20260826125624.jpg,42,0,0,0.0,0,0
203-204,203,204,171,214,IMG20260826125124.jpg,IMG20260826125628.jpg,43,0,0,0.0,0,0
203-204,203,204,171,215,IMG20260826125124.jpg,IMG20260826125631.jpg,44,0,0,0.0,0,0
203-204,203,204,171,216,IMG20260826125124.jpg,IMG20260826125634.jpg,45,0,0,0.0,0,0
203-204,203,204,171,217,IMG20260826125124.jpg,IMG20260826125638.jpg,46,0,0,0.0,0,0
203-204,203,204,171,218,IMG20260826125124.jpg,IMG20260826125640.jpg,47,0,0,0.0,0,0
203-204,203,204,171,219,IMG20260826125124.jpg,IMG20260826125643.jpg,48,0,0,0.0,0,0
203-204,203,204,171,220,IMG20260826125124.jpg,IMG20260826125647.jpg,49,0,0,0.0,0,0
203-204,203,204,171,221,IMG20260826125124.jpg,IMG20260826125650.jpg,50,0,0,0.0,0,0
203-204,203,204,171,222,IMG20260826125124.jpg,IMG20260826125653.jpg,51,0,0,0.0,0,0
203-204,203,204,171,223,IMG20260826125124.jpg,IMG20260826125657.jpg,52,0,0,0.0,0,0
203-204,203,204,171,224,IMG20260826125124.jpg,IMG20260826125737.jpg,53,0,0,0.0,0,0
203-204,203,204,171,225,IMG20260826125124.jpg,IMG20260826125739.jpg,54,0,0,0.0,0,0
203-204,203,204,171,226,IMG20260826125124.jpg,IMG20260826125741.jpg,55,0,0,0.0,0,0
203-204,203,204,171,227,IMG20260826125124.jpg,IMG20260826125743.jpg,56,0,0,0.0,0,0
203-204,203,204,171,228,IMG20260826125124.jpg,IMG20260826125746.jpg,57,0,0,0.0,0,0
203-204,203,204,171,229,IMG20260826125124.jpg,IMG20260826125749.jpg,58,0,0,0.0,0,0
203-204,203,204,171,230,IMG20260826125124.jpg,IMG20260826125845.jpg,59,0,0,0.0,0,0
203-204,203,204,171,231,IMG20260826125124.jpg,IMG20260826125849.jpg,60,0,0,0.0,0,0
203-204,203,204,171,232,IMG20260826125124.jpg,IMG20260826125852.jpg,61,0,0,0.0,0,0
203-204,203,204,171,233,IMG20260826125124.jpg,IMG20260826125854.jpg,62,0,0,0.0,0,0
203-204,203,204,171,234,IMG20260826125124.jpg,IMG20260826125857.jpg,63,0,0,0.0,0,0
203-204,203,204,171,235,IMG20260826125124.jpg,IMG20260826125901.jpg,64,0,0,0.0,0,0
203-204,203,204,171,236,IMG20260826125124.jpg,IMG20260826125910.jpg,65,0,0,0.0,0,0
203-204,203,204,171,237,IMG20260826125124.jpg,IMG20260826125914.jpg,66,0,0,0.0,0,0
203-204,203,204,171,238,IMG20260826125124.jpg,IMG20260826125922.jpg,67,0,0,0.0,0,0
203-204,203,204,171,239,IMG20260826125124.jpg,IMG20260826125925.jpg,68,16,0,0.0,0,0
203-204,203,204,171,240,IMG20260826125124.jpg,IMG20260826125930.jpg,69,0,0,0.0,0,0
203-204,203,204,171,241,IMG20260826125124.jpg,IMG20260826125936.jpg,70,0,0,0.0,0,0
203-204,203,204,171,242,IMG20260826125124.jpg,IMG20260826125940.jpg,71,0,0,0.0,0,0
203-204,203,204,171,243,IMG20260826125124.jpg,IMG20260826125942.jpg,72,0,0,0.0,0,0
203-204,203,204,172,213,IMG20260826125127.jpg,IMG20260826125624.jpg,41,16,0,0.0,0,0
203-204,203,204,172,214,IMG20260826125127.jpg,IMG20260826125628.jpg,42,0,0,0.0,0,0
203-204,203,204,172,215,IMG20260826125127.jpg,IMG20260826125631.jpg,43,0,0,0.0,0,0
203-204,203,204,172,216,IMG20260826125127.jpg,IMG20260826125634.jpg,44,0,0,0.0,0,0
203-204,203,204,172,217,IMG20260826125127.jpg,IMG20260826125638.jpg,45,0,0,0.0,0,0
203-204,203,204,172,218,IMG20260826125127.jpg,IMG20260826125640.jpg,46,0,0,0.0,0,0
203-204,203,204,172,219,IMG20260826125127.jpg,IMG20260826125643.jpg,47,0,0,0.0,0,0
203-204,203,204,172,220,IMG20260826125127.jpg,IMG20260826125647.jpg,48,0,0,0.0,0,0
203-204,203,204,172,221,IMG20260826125127.jpg,IMG20260826125650.jpg,49,0,0,0.0,0,0
203-204,203,204,172,222,IMG20260826125127.jpg,IMG20260826125653.jpg,50,0,0,0.0,0,0
203-204,203,204,172,223,IMG20260826125127.jpg,IMG20260826125657.jpg,51,0,0,0.0,0,0
203-204,203,204,172,224,IMG20260826125127.jpg,IMG20260826125737.jpg,52,17,0,0.0,0,0
203-204,203,204,172,225,IMG20260826125127.jpg,IMG20260826125739.jpg,53,0,0,0.0,0,0
203-204,203,204,172,226,IMG20260826125127.jpg,IMG20260826125741.jpg,54,0,0,0.0,0,0
203-204,203,204,172,227,IMG20260826125127.jpg,IMG20260826125743.jpg,55,0,0,0.0,0,0
203-204,203,204,172,228,IMG20260826125127.jpg,IMG20260826125746.jpg,56,0,0,0.0,0,0
203-204,203,204,172,229,IMG20260826125127.jpg,IMG20260826125749.jpg,57,16,0,0.0,0,0
203-204,203,204,172,230,IMG20260826125127.jpg,IMG20260826125845.jpg,58,15,0,0.0,0,0
203-204,203,204,172,231,IMG20260826125127.jpg,IMG20260826125849.jpg,59,0,0,0.0,0,0
203-204,203,204,172,232,IMG20260826125127.jpg,IMG20260826125852.jpg,60,0,0,0.0,0,0
203-204,203,204,172,233,IMG20260826125127.jpg,IMG20260826125854.jpg,61,0,0,0.0,0,0
203-204,203,204,172,234,IMG20260826125127.jpg,IMG20260826125857.jpg,62,0,0,0.0,0,0
203-204,203,204,172,235,IMG20260826125127.jpg,IMG20260826125901.jpg,63,21,0,0.0,0,0
203-204,203,204,172,236,IMG20260826125127.jpg,IMG20260826125910.jpg,64,16,0,0.0,0,0
203-204,203,204,172,237,IMG20260826125127.jpg,IMG20260826125914.jpg,65,0,0,0.0,0,0
203-204,203,204,172,238,IMG20260826125127.jpg,IMG20260826125922.jpg,66,0,0,0.0,0,0
203-204,203,204,172,239,IMG20260826125127.jpg,IMG20260826125925.jpg,67,0,0,0.0,0,0
203-204,203,204,172,240,IMG20260826125127.jpg,IMG20260826125930.jpg,68,0,0,0.0,0,0
203-204,203,204,172,241,IMG20260826125127.jpg,IMG20260826125936.jpg,69,0,0,0.0,0,0
203-204,203,204,172,242,IMG20260826125127.jpg,IMG20260826125940.jpg,70,15,0,0.0,0,0
203-204,203,204,172,243,IMG20260826125127.jpg,IMG20260826125942.jpg,71,0,0,0.0,0,0
203-204,203,204,173,214,IMG20260826125130.jpg,IMG20260826125628.jpg,41,0,0,0.0,0,0
203-204,203,204,173,215,IMG20260826125130.jpg,IMG20260826125631.jpg,42,0,0,0.0,0,0
203-204,203,204,173,216,IMG20260826125130.jpg,IMG20260826125634.jpg,43,0,0,0.0,0,0
203-204,203,204,173,217,IMG20260826125130.jpg,IMG20260826125638.jpg,44,0,0,0.0,0,0
203-204,203,204,173,218,IMG20260826125130.jpg,IMG20260826125640.jpg,45,15,0,0.0,0,0
203-204,203,204,173,219,IMG20260826125130.jpg,IMG20260826125643.jpg,46,0,0,0.0,0,0
203-204,203,204,173,220,IMG20260826125130.jpg,IMG20260826125647.jpg,47,0,0,0.0,0,0
203-204,203,204,173,221,IMG20260826125130.jpg,IMG20260826125650.jpg,48,0,0,0.0,0,0
203-204,203,204,173,222,IMG20260826125130.jpg,IMG20260826125653.jpg,49,0,0,0.0,0,0
203-204,203,204,173,223,IMG20260826125130.jpg,IMG20260826125657.jpg,50,0,0,0.0,0,0
203-204,203,204,173,224,IMG20260826125130.jpg,IMG20260826125737.jpg,51,0,0,0.0,0,0
203-204,203,204,173,225,IMG20260826125130.jpg,IMG20260826125739.jpg,52,0,0,0.0,0,0
203-204,203,204,173,226,IMG20260826125130.jpg,IMG20260826125741.jpg,53,0,0,0.0,0,0
203-204,203,204,173,227,IMG20260826125130.jpg,IMG20260826125743.jpg,54,0,0,0.0,0,0
203-204,203,204,173,228,IMG20260826125130.jpg,IMG20260826125746.jpg,55,22,0,0.0,0,0
203-204,203,204,173,229,IMG20260826125130.jpg,IMG20260826125749.jpg,56,0,0,0.0,0,0
203-204,203,204,173,230,IMG20260826125130.jpg,IMG20260826125845.jpg,57,0,0,0.0,0,0
203-204,203,204,173,231,IMG20260826125130.jpg,IMG20260826125849.jpg,58,0,0,0.0,0,0
203-204,203,204,173,232,IMG20260826125130.jpg,IMG20260826125852.jpg,59,15,0,0.0,0,0
203-204,203,204,173,233,IMG20260826125130.jpg,IMG20260826125854.jpg,60,17,0,0.0,0,0
203-204,203,204,173,234,IMG20260826125130.jpg,IMG20260826125857.jpg,61,0,0,0.0,0,0
203-204,203,204,173,235,IMG20260826125130.jpg,IMG20260826125901.jpg,62,0,0,0.0,0,0
203-204,203,204,173,236,IMG20260826125130.jpg,IMG20260826125910.jpg,63,0,0,0.0,0,0
203-204,203,204,173,237,IMG20260826125130.jpg,IMG20260826125914.jpg,64,0,0,0.0,0,0
203-204,203,204,173,238,IMG20260826125130.jpg,IMG20260826125922.jpg,65,0,0,0.0,0,0
203-204,203,204,173,239,IMG20260826125130.jpg,IMG20260826125925.jpg,66,0,0,0.0,0,0
203-204,203,204,173,240,IMG20260826125130.jpg,IMG20260826125930.jpg,67,0,0,0.0,0,0
203-204,203,204,173,241,IMG20260826125130.jpg,IMG20260826125936.jpg,68,0,0,0.0,0,0
203-204,203,204,173,242,IMG20260826125130.jpg,IMG20260826125940.jpg,69,0,0,0.0,0,0
203-204,203,204,173,243,IMG20260826125130.jpg,IMG20260826125942.jpg,70,0,0,0.0,0,0
203-204,203,204,174,215,IMG20260826125133.jpg,IMG20260826125631.jpg,41,0,0,0.0,0,0
203-204,203,204,174,216,IMG20260826125133.jpg,IMG20260826125634.jpg,42,0,0,0.0,0,0
203-204,203,204,174,217,IMG20260826125133.jpg,IMG20260826125638.jpg,43,0,0,0.0,0,0
203-204,203,204,174,218,IMG20260826125133.jpg,IMG20260826125640.jpg,44,0,0,0.0,0,0
203-204,203,204,174,219,IMG20260826125133.jpg,IMG20260826125643.jpg,45,0,0,0.0,0,0
203-204,203,204,174,220,IMG20260826125133.jpg,IMG20260826125647.jpg,46,17,0,0.0,0,0
203-204,203,204,174,221,IMG20260826125133.jpg,IMG20260826125650.jpg,47,0,0,0.0,0,0
203-204,203,204,174,222,IMG20260826125133.jpg,IMG20260826125653.jpg,48,16,0,0.0,0,0
203-204,203,204,174,223,IMG20260826125133.jpg,IMG20260826125657.jpg,49,0,0,0.0,0,0
203-204,203,204,174,224,IMG20260826125133.jpg,IMG20260826125737.jpg,50,0,0,0.0,0,0
203-204,203,204,174,225,IMG20260826125133.jpg,IMG20260826125739.jpg,51,0,0,0.0,0,0
203-204,203,204,174,226,IMG20260826125133.jpg,IMG20260826125741.jpg,52,0,0,0.0,0,0
203-204,203,204,174,227,IMG20260826125133.jpg,IMG20260826125743.jpg,53,18,0,0.0,0,0
203-204,203,204,174,228,IMG20260826125133.jpg,IMG20260826125746.jpg,54,15,0,0.0,0,0
203-204,203,204,174,229,IMG20260826125133.jpg,IMG20260826125749.jpg,55,16,0,0.0,0,0
203-204,203,204,174,230,IMG20260826125133.jpg,IMG20260826125845.jpg,56,0,0,0.0,0,0
203-204,203,204,174,231,IMG20260826125133.jpg,IMG20260826125849.jpg,57,0,0,0.0,0,0
203-204,203,204,174,232,IMG20260826125133.jpg,IMG20260826125852.jpg,58,16,0,0.0,0,0
203-204,203,204,174,233,IMG20260826125133.jpg,IMG20260826125854.jpg,59,0,0,0.0,0,0
203-204,203,204,174,234,IMG20260826125133.jpg,IMG20260826125857.jpg,60,0,0,0.0,0,0
203-204,203,204,174,235,IMG20260826125133.jpg,IMG20260826125901.jpg,61,0,0,0.0,0,0
203-204,203,204,174,236,IMG20260826125133.jpg,IMG20260826125910.jpg,62,0,0,0.0,0,0
203-204,203,204,174,237,IMG20260826125133.jpg,IMG20260826125914.jpg,63,0,0,0.0,0,0
203-204,203,204,174,238,IMG20260826125133.jpg,IMG20260826125922.jpg,64,0,0,0.0,0,0
203-204,203,204,174,239,IMG20260826125133.jpg,IMG20260826125925.jpg,65,0,0,0.0,0,0
203-204,203,204,174,240,IMG20260826125133.jpg,IMG20260826125930.jpg,66,0,0,0.0,0,0
203-204,203,204,174,241,IMG20260826125133.jpg,IMG20260826125936.jpg,67,0,0,0.0,0,0
203-204,203,204,174,242,IMG20260826125133.jpg,IMG20260826125940.jpg,68,0,0,0.0,0,0
203-204,203,204,174,243,IMG20260826125133.jpg,IMG20260826125942.jpg,69,0,0,0.0,0,0
203-204,203,204,175,216,IMG20260826125137.jpg,IMG20260826125634.jpg,41,0,0,0.0,0,0
203-204,203,204,175,217,IMG20260826125137.jpg,IMG20260826125638.jpg,42,0,0,0.0,0,0
203-204,203,204,175,218,IMG20260826125137.jpg,IMG20260826125640.jpg,43,16,0,0.0,0,0
203-204,203,204,175,219,IMG20260826125137.jpg,IMG20260826125643.jpg,44,0,0,0.0,0,0
203-204,203,204,175,220,IMG20260826125137.jpg,IMG20260826125647.jpg,45,0,0,0.0,0,0
203-204,203,204,175,221,IMG20260826125137.jpg,IMG20260826125650.jpg,46,0,0,0.0,0,0
203-204,203,204,175,222,IMG20260826125137.jpg,IMG20260826125653.jpg,47,0,0,0.0,0,0
203-204,203,204,175,223,IMG20260826125137.jpg,IMG20260826125657.jpg,48,0,0,0.0,0,0
203-204,203,204,175,224,IMG20260826125137.jpg,IMG20260826125737.jpg,49,15,0,0.0,0,0
203-204,203,204,175,225,IMG20260826125137.jpg,IMG20260826125739.jpg,50,0,0,0.0,0,0
203-204,203,204,175,226,IMG20260826125137.jpg,IMG20260826125741.jpg,51,0,0,0.0,0,0
203-204,203,204,175,227,IMG20260826125137.jpg,IMG20260826125743.jpg,52,0,0,0.0,0,0
203-204,203,204,175,228,IMG20260826125137.jpg,IMG20260826125746.jpg,53,0,0,0.0,0,0
203-204,203,204,175,229,IMG20260826125137.jpg,IMG20260826125749.jpg,54,20,0,0.0,0,0
203-204,203,204,175,230,IMG20260826125137.jpg,IMG20260826125845.jpg,55,34,0,0.0,0,0
203-204,203,204,175,231,IMG20260826125137.jpg,IMG20260826125849.jpg,56,24,0,0.0,0,0
203-204,203,204,175,232,IMG20260826125137.jpg,IMG20260826125852.jpg,57,18,0,0.0,0,0
203-204,203,204,175,233,IMG20260826125137.jpg,IMG20260826125854.jpg,58,0,0,0.0,0,0
203-204,203,204,175,234,IMG20260826125137.jpg,IMG20260826125857.jpg,59,0,0,0.0,0,0
203-204,203,204,175,235,IMG20260826125137.jpg,IMG20260826125901.jpg,60,16,0,0.0,0,0
203-204,203,204,175,236,IMG20260826125137.jpg,IMG20260826125910.jpg,61,0,0,0.0,0,0
203-204,203,204,175,237,IMG20260826125137.jpg,IMG20260826125914.jpg,62,0,0,0.0,0,0
203-204,203,204,175,238,IMG20260826125137.jpg,IMG20260826125922.jpg,63,0,0,0.0,0,0
203-204,203,204,175,239,IMG20260826125137.jpg,IMG20260826125925.jpg,64,16,0,0.0,0,0
203-204,203,204,175,240,IMG20260826125137.jpg,IMG20260826125930.jpg,65,0,0,0.0,0,0
203-204,203,204,175,241,IMG20260826125137.jpg,IMG20260826125936.jpg,66,0,0,0.0,0,0
203-204,203,204,175,242,IMG20260826125137.jpg,IMG20260826125940.jpg,67,0,0,0.0,0,0
203-204,203,204,175,243,IMG20260826125137.jpg,IMG20260826125942.jpg,68,0,0,0.0,0,0
203-204,203,204,176,217,IMG20260826125139.jpg,IMG20260826125638.jpg,41,0,0,0.0,0,0
203-204,203,204,176,218,IMG20260826125139.jpg,IMG20260826125640.jpg,42,0,0,0.0,0,0
203-204,203,204,176,219,IMG20260826125139.jpg,IMG20260826125643.jpg,43,0,0,0.0,0,0
203-204,203,204,176,220,IMG20260826125139.jpg,IMG20260826125647.jpg,44,0,0,0.0,0,0
203-204,203,204,176,221,IMG20260826125139.jpg,IMG20260826125650.jpg,45,0,0,0.0,0,0
203-204,203,204,176,222,IMG20260826125139.jpg,IMG20260826125653.jpg,46,0,0,0.0,0,0
203-204,203,204,176,223,IMG20260826125139.jpg,IMG20260826125657.jpg,47,0,0,0.0,0,0
203-204,203,204,176,224,IMG20260826125139.jpg,IMG20260826125737.jpg,48,18,0,0.0,0,0
203-204,203,204,176,225,IMG20260826125139.jpg,IMG20260826125739.jpg,49,16,0,0.0,0,0
203-204,203,204,176,226,IMG20260826125139.jpg,IMG20260826125741.jpg,50,18,0,0.0,0,0
203-204,203,204,176,227,IMG20260826125139.jpg,IMG20260826125743.jpg,51,0,0,0.0,0,0
203-204,203,204,176,228,IMG20260826125139.jpg,IMG20260826125746.jpg,52,0,0,0.0,0,0
203-204,203,204,176,229,IMG20260826125139.jpg,IMG20260826125749.jpg,53,18,0,0.0,0,0
203-204,203,204,176,230,IMG20260826125139.jpg,IMG20260826125845.jpg,54,26,0,0.0,0,0
203-204,203,204,176,231,IMG20260826125139.jpg,IMG20260826125849.jpg,55,26,0,0.0,0,0
203-204,203,204,176,232,IMG20260826125139.jpg,IMG20260826125852.jpg,56,30,0,0.0,0,0
203-204,203,204,176,233,IMG20260826125139.jpg,IMG20260826125854.jpg,57,17,0,0.0,0,0
203-204,203,204,176,234,IMG20260826125139.jpg,IMG20260826125857.jpg,58,15,0,0.0,0,0
203-204,203,204,176,235,IMG20260826125139.jpg,IMG20260826125901.jpg,59,17,0,0.0,0,0
203-204,203,204,176,236,IMG20260826125139.jpg,IMG20260826125910.jpg,60,16,0,0.0,0,0
203-204,203,204,176,237,IMG20260826125139.jpg,IMG20260826125914.jpg,61,0,0,0.0,0,0
203-204,203,204,176,238,IMG20260826125139.jpg,IMG20260826125922.jpg,62,0,0,0.0,0,0
203-204,203,204,176,239,IMG20260826125139.jpg,IMG20260826125925.jpg,63,0,0,0.0,0,0
203-204,203,204,176,240,IMG20260826125139.jpg,IMG20260826125930.jpg,64,0,0,0.0,0,0
203-204,203,204,176,241,IMG20260826125139.jpg,IMG20260826125936.jpg,65,0,0,0.0,0,0
203-204,203,204,176,242,IMG20260826125139.jpg,IMG20260826125940.jpg,66,0,0,0.0,0,0
203-204,203,204,176,243,IMG20260826125139.jpg,IMG20260826125942.jpg,67,15,0,0.0,0,0
203-204,203,204,177,218,IMG20260826125146.jpg,IMG20260826125640.jpg,41,0,0,0.0,0,0
203-204,203,204,177,219,IMG20260826125146.jpg,IMG20260826125643.jpg,42,0,0,0.0,0,0
203-204,203,204,177,220,IMG20260826125146.jpg,IMG20260826125647.jpg,43,0,0,0.0,0,0
203-204,203,204,177,221,IMG20260826125146.jpg,IMG20260826125650.jpg,44,17,0,0.0,0,0
203-204,203,204,177,222,IMG20260826125146.jpg,IMG20260826125653.jpg,45,0,0,0.0,0,0
203-204,203,204,177,223,IMG20260826125146.jpg,IMG20260826125657.jpg,46,0,0,0.0,0,0
203-204,203,204,177,224,IMG20260826125146.jpg,IMG20260826125737.jpg,47,15,0,0.0,0,0
203-204,203,204,177,225,IMG20260826125146.jpg,IMG20260826125739.jpg,48,0,0,0.0,0,0
203-204,203,204,177,226,IMG20260826125146.jpg,IMG20260826125741.jpg,49,0,0,0.0,0,0
203-204,203,204,177,227,IMG20260826125146.jpg,IMG20260826125743.jpg,50,0,0,0.0,0,0
203-204,203,204,177,228,IMG20260826125146.jpg,IMG20260826125746.jpg,51,0,0,0.0,0,0
203-204,203,204,177,229,IMG20260826125146.jpg,IMG20260826125749.jpg,52,16,0,0.0,0,0
203-204,203,204,177,230,IMG20260826125146.jpg,IMG20260826125845.jpg,53,19,0,0.0,0,0
203-204,203,204,177,231,IMG20260826125146.jpg,IMG20260826125849.jpg,54,40,26,0.65,1,0
203-204,203,204,177,232,IMG20260826125146.jpg,IMG20260826125852.jpg,55,34,21,0.6176470588235294,1,0
203-204,203,204,177,233,IMG20260826125146.jpg,IMG20260826125854.jpg,56,22,0,0.0,0,0
203-204,203,204,177,234,IMG20260826125146.jpg,IMG20260826125857.jpg,57,24,0,0.0,0,0
203-204,203,204,177,235,IMG20260826125146.jpg,IMG20260826125901.jpg,58,22,0,0.0,0,0
203-204,203,204,177,236,IMG20260826125146.jpg,IMG20260826125910.jpg,59,0,0,0.0,0,0
203-204,203,204,177,237,IMG20260826125146.jpg,IMG20260826125914.jpg,60,20,0,0.0,0,0
203-204,203,204,177,238,IMG20260826125146.jpg,IMG20260826125922.jpg,61,20,0,0.0,0,0
203-204,203,204,177,239,IMG20260826125146.jpg,IMG20260826125925.jpg,62,0,0,0.0,0,0
203-204,203,204,177,240,IMG20260826125146.jpg,IMG20260826125930.jpg,63,0,0,0.0,0,0
203-204,203,204,177,241,IMG20260826125146.jpg,IMG20260826125936.jpg,64,0,0,0.0,0,0
203-204,203,204,177,242,IMG20260826125146.jpg,IMG20260826125940.jpg,65,0,0,0.0,0,0
203-204,203,204,177,243,IMG20260826125146.jpg,IMG20260826125942.jpg,66,18,0,0.0,0,0
203-204,203,204,178,219,IMG20260826125151.jpg,IMG20260826125643.jpg,41,0,0,0.0,0,0
203-204,203,204,178,220,IMG20260826125151.jpg,IMG20260826125647.jpg,42,0,0,0.0,0,0
203-204,203,204,178,221,IMG20260826125151.jpg,IMG20260826125650.jpg,43,0,0,0.0,0,0
203-204,203,204,178,222,IMG20260826125151.jpg,IMG20260826125653.jpg,44,19,0,0.0,0,0
203-204,203,204,178,223,IMG20260826125151.jpg,IMG20260826125657.jpg,45,0,0,0.0,0,0
203-204,203,204,178,224,IMG20260826125151.jpg,IMG20260826125737.jpg,46,19,0,0.0,0,0
203-204,203,204,178,225,IMG20260826125151.jpg,IMG20260826125739.jpg,47,0,0,0.0,0,0
203-204,203,204,178,226,IMG20260826125151.jpg,IMG20260826125741.jpg,48,0,0,0.0,0,0
203-204,203,204,178,227,IMG20260826125151.jpg,IMG20260826125743.jpg,49,0,0,0.0,0,0
203-204,203,204,178,228,IMG20260826125151.jpg,IMG20260826125746.jpg,50,0,0,0.0,0,0
203-204,203,204,178,229,IMG20260826125151.jpg,IMG20260826125749.jpg,51,0,0,0.0,0,0
203-204,203,204,178,230,IMG20260826125151.jpg,IMG20260826125845.jpg,52,0,0,0.0,0,0
203-204,203,204,178,231,IMG20260826125151.jpg,IMG20260826125849.jpg,53,28,17,0.6071428571428571,1,0
203-204,203,204,178,232,IMG20260826125151.jpg,IMG20260826125852.jpg,54,37,24,0.6486486486486487,1,0
203-204,203,204,178,233,IMG20260826125151.jpg,IMG20260826125854.jpg,55,40,19,0.475,1,0
203-204,203,204,178,234,IMG20260826125151.jpg,IMG20260826125857.jpg,56,26,17,0.6538461538461539,1,0
203-204,203,204,178,235,IMG20260826125151.jpg,IMG20260826125901.jpg,57,26,0,0.0,0,0
203-204,203,204,178,236,IMG20260826125151.jpg,IMG20260826125910.jpg,58,15,0,0.0,0,0
203-204,203,204,178,237,IMG20260826125151.jpg,IMG20260826125914.jpg,59,15,0,0.0,0,0
203-204,203,204,178,238,IMG20260826125151.jpg,IMG20260826125922.jpg,60,0,0,0.0,0,0
203-204,203,204,178,239,IMG20260826125151.jpg,IMG20260826125925.jpg,61,0,0,0.0,0,0
203-204,203,204,178,240,IMG20260826125151.jpg,IMG20260826125930.jpg,62,15,0,0.0,0,0
203-204,203,204,178,241,IMG20260826125151.jpg,IMG20260826125936.jpg,63,15,0,0.0,0,0
203-204,203,204,178,242,IMG20260826125151.jpg,IMG20260826125940.jpg,64,0,0,0.0,0,0
203-204,203,204,178,243,IMG20260826125151.jpg,IMG20260826125942.jpg,65,0,0,0.0,0,0
203-204,203,204,179,220,IMG20260826125156.jpg,IMG20260826125647.jpg,41,0,0,0.0,0,0
203-204,203,204,179,221,IMG20260826125156.jpg,IMG20260826125650.jpg,42,0,0,0.0,0,0
203-204,203,204,179,222,IMG20260826125156.jpg,IMG20260826125653.jpg,43,17,0,0.0,0,0
203-204,203,204,179,223,IMG20260826125156.jpg,IMG20260826125657.jpg,44,0,0,0.0,0,0
203-204,203,204,179,224,IMG20260826125156.jpg,IMG20260826125737.jpg,45,16,0,0.0,0,0
203-204,203,204,179,225,IMG20260826125156.jpg,IMG20260826125739.jpg,46,0,0,0.0,0,0
203-204,203,204,179,226,IMG20260826125156.jpg,IMG20260826125741.jpg,47,0,0,0.0,0,0
203-204,203,204,179,227,IMG20260826125156.jpg,IMG20260826125743.jpg,48,0,0,0.0,0,0
203-204,203,204,179,228,IMG20260826125156.jpg,IMG20260826125746.jpg,49,16,0,0.0,0,0
203-204,203,204,179,229,IMG20260826125156.jpg,IMG20260826125749.jpg,50,0,0,0.0,0,0
203-204,203,204,179,230,IMG20260826125156.jpg,IMG20260826125845.jpg,51,0,0,0.0,0,0
203-204,203,204,179,231,IMG20260826125156.jpg,IMG20260826125849.jpg,52,21,0,0.0,0,0
203-204,203,204,179,232,IMG20260826125156.jpg,IMG20260826125852.jpg,53,36,25,0.6944444444444444,1,0
203-204,203,204,179,233,IMG20260826125156.jpg,IMG20260826125854.jpg,54,37,29,0.7837837837837838,1,0
203-204,203,204,179,234,IMG20260826125156.jpg,IMG20260826125857.jpg,55,40,24,0.6,1,0
203-204,203,204,179,235,IMG20260826125156.jpg,IMG20260826125901.jpg,56,24,0,0.0,0,0
203-204,203,204,179,236,IMG20260826125156.jpg,IMG20260826125910.jpg,57,25,0,0.0,0,0
203-204,203,204,179,237,IMG20260826125156.jpg,IMG20260826125914.jpg,58,15,0,0.0,0,0
203-204,203,204,179,238,IMG20260826125156.jpg,IMG20260826125922.jpg,59,0,0,0.0,0,0
203-204,203,204,179,239,IMG20260826125156.jpg,IMG20260826125925.jpg,60,0,0,0.0,0,0
203-204,203,204,179,240,IMG20260826125156.jpg,IMG20260826125930.jpg,61,0,0,0.0,0,0
203-204,203,204,179,241,IMG20260826125156.jpg,IMG20260826125936.jpg,62,0,0,0.0,0,0
203-204,203,204,179,242,IMG20260826125156.jpg,IMG20260826125940.jpg,63,15,0,0.0,0,0
203-204,203,204,179,243,IMG20260826125156.jpg,IMG20260826125942.jpg,64,0,0,0.0,0,0
203-204,203,204,180,221,IMG20260826125224.jpg,IMG20260826125650.jpg,41,0,0,0.0,0,0
203-204,203,204,180,222,IMG20260826125224.jpg,IMG20260826125653.jpg,42,20,0,0.0,0,0
203-204,203,204,180,223,IMG20260826125224.jpg,IMG20260826125657.jpg,43,0,0,0.0,0,0
203-204,203,204,180,224,IMG20260826125224.jpg,IMG20260826125737.jpg,44,0,0,0.0,0,0
203-204,203,204,180,225,IMG20260826125224.jpg,IMG20260826125739.jpg,45,0,0,0.0,0,0
203-204,203,204,180,226,IMG20260826125224.jpg,IMG20260826125741.jpg,46,0,0,0.0,0,0
203-204,203,204,180,227,IMG20260826125224.jpg,IMG20260826125743.jpg,47,0,0,0.0,0,0
203-204,203,204,180,228,IMG20260826125224.jpg,IMG20260826125746.jpg,48,0,0,0.0,0,0
203-204,203,204,180,229,IMG20260826125224.jpg,IMG20260826125749.jpg,49,0,0,0.0,0,0
203-204,203,204,180,230,IMG20260826125224.jpg,IMG20260826125845.jpg,50,18,0,0.0,0,0
203-204,203,204,180,231,IMG20260826125224.jpg,IMG20260826125849.jpg,51,16,0,0.0,0,0
203-204,203,204,180,232,IMG20260826125224.jpg,IMG20260826125852.jpg,52,23,15,0.6521739130434783,1,0
203-204,203,204,180,233,IMG20260826125224.jpg,IMG20260826125854.jpg,53,37,21,0.5675675675675675,1,0
203-204,203,204,180,234,IMG20260826125224.jpg,IMG20260826125857.jpg,54,33,18,0.5454545454545454,1,0
203-204,203,204,180,235,IMG20260826125224.jpg,IMG20260826125901.jpg,55,28,17,0.6071428571428571,1,0
203-204,203,204,180,236,IMG20260826125224.jpg,IMG20260826125910.jpg,56,27,16,0.5925925925925926,1,0
203-204,203,204,180,237,IMG20260826125224.jpg,IMG20260826125914.jpg,57,19,0,0.0,0,0
203-204,203,204,180,238,IMG20260826125224.jpg,IMG20260826125922.jpg,58,0,0,0.0,0,0
203-204,203,204,180,239,IMG20260826125224.jpg,IMG20260826125925.jpg,59,0,0,0.0,0,0
203-204,203,204,180,240,IMG20260826125224.jpg,IMG20260826125930.jpg,60,0,0,0.0,0,0
203-204,203,204,180,241,IMG20260826125224.jpg,IMG20260826125936.jpg,61,0,0,0.0,0,0
203-204,203,204,180,242,IMG20260826125224.jpg,IMG20260826125940.jpg,62,0,0,0.0,0,0
203-204,203,204,180,243,IMG20260826125224.jpg,IMG20260826125942.jpg,63,0,0,0.0,0,0
203-204,203,204,181,222,IMG20260826125228.jpg,IMG20260826125653.jpg,41,0,0,0.0,0,0
203-204,203,204,181,223,IMG20260826125228.jpg,IMG20260826125657.jpg,42,15,0,0.0,0,0
203-204,203,204,181,224,IMG20260826125228.jpg,IMG20260826125737.jpg,43,0,0,0.0,0,0
203-204,203,204,181,225,IMG20260826125228.jpg,IMG20260826125739.jpg,44,20,0,0.0,0,0
203-204,203,204,181,226,IMG20260826125228.jpg,IMG20260826125741.jpg,45,0,0,0.0,0,0
203-204,203,204,181,227,IMG20260826125228.jpg,IMG20260826125743.jpg,46,16,0,0.0,0,0
203-204,203,204,181,228,IMG20260826125228.jpg,IMG20260826125746.jpg,47,0,0,0.0,0,0
203-204,203,204,181,229,IMG20260826125228.jpg,IMG20260826125749.jpg,48,0,0,0.0,0,0
203-204,203,204,181,230,IMG20260826125228.jpg,IMG20260826125845.jpg,49,17,0,0.0,0,0
203-204,203,204,181,231,IMG20260826125228.jpg,IMG20260826125849.jpg,50,18,0,0.0,0,0
203-204,203,204,181,232,IMG20260826125228.jpg,IMG20260826125852.jpg,51,33,19,0.5757575757575758,1,0
203-204,203,204,181,233,IMG20260826125228.jpg,IMG20260826125854.jpg,52,34,24,0.7058823529411765,1,0
203-204,203,204,181,234,IMG20260826125228.jpg,IMG20260826125857.jpg,53,45,31,0.6888888888888889,1,0
203-204,203,204,181,235,IMG20260826125228.jpg,IMG20260826125901.jpg,54,39,28,0.717948717948718,1,0
203-204,203,204,181,236,IMG20260826125228.jpg,IMG20260826125910.jpg,55,25,17,0.68,1,0
203-204,203,204,181,237,IMG20260826125228.jpg,IMG20260826125914.jpg,56,31,0,0.0,0,0
203-204,203,204,181,238,IMG20260826125228.jpg,IMG20260826125922.jpg,57,0,0,0.0,0,0
203-204,203,204,181,239,IMG20260826125228.jpg,IMG20260826125925.jpg,58,0,0,0.0,0,0
203-204,203,204,181,240,IMG20260826125228.jpg,IMG20260826125930.jpg,59,0,0,0.0,0,0
203-204,203,204,181,241,IMG20260826125228.jpg,IMG20260826125936.jpg,60,17,0,0.0,0,0
203-204,203,204,181,242,IMG20260826125228.jpg,IMG20260826125940.jpg,61,0,0,0.0,0,0
203-204,203,204,181,243,IMG20260826125228.jpg,IMG20260826125942.jpg,62,0,0,0.0,0,0
203-204,203,204,182,223,IMG20260826125230.jpg,IMG20260826125657.jpg,41,0,0,0.0,0,0
203-204,203,204,182,224,IMG20260826125230.jpg,IMG20260826125737.jpg,42,0,0,0.0,0,0
203-204,203,204,182,225,IMG20260826125230.jpg,IMG20260826125739.jpg,43,0,0,0.0,0,0
203-204,203,204,182,226,IMG20260826125230.jpg,IMG20260826125741.jpg,44,0,0,0.0,0,0
203-204,203,204,182,227,IMG20260826125230.jpg,IMG20260826125743.jpg,45,16,0,0.0,0,0
203-204,203,204,182,228,IMG20260826125230.jpg,IMG20260826125746.jpg,46,0,0,0.0,0,0
203-204,203,204,182,229,IMG20260826125230.jpg,IMG20260826125749.jpg,47,15,0,0.0,0,0
203-204,203,204,182,230,IMG20260826125230.jpg,IMG20260826125845.jpg,48,18,0,0.0,0,0
203-204,203,204,182,231,IMG20260826125230.jpg,IMG20260826125849.jpg,49,22,0,0.0,0,0
203-204,203,204,182,232,IMG20260826125230.jpg,IMG20260826125852.jpg,50,26,0,0.0,0,0
203-204,203,204,182,233,IMG20260826125230.jpg,IMG20260826125854.jpg,51,37,17,0.4594594594594595,1,0
203-204,203,204,182,234,IMG20260826125230.jpg,IMG20260826125857.jpg,52,58,33,0.5689655172413793,1,0
203-204,203,204,182,235,IMG20260826125230.jpg,IMG20260826125901.jpg,53,54,35,0.6481481481481481,1,1
203-204,203,204,182,236,IMG20260826125230.jpg,IMG20260826125910.jpg,54,29,17,0.5862068965517241,1,0
203-204,203,204,182,237,IMG20260826125230.jpg,IMG20260826125914.jpg,55,30,19,0.6333333333333333,1,0
203-204,203,204,182,238,IMG20260826125230.jpg,IMG20260826125922.jpg,56,19,0,0.0,0,0
203-204,203,204,182,239,IMG20260826125230.jpg,IMG20260826125925.jpg,57,16,0,0.0,0,0
203-204,203,204,182,240,IMG20260826125230.jpg,IMG20260826125930.jpg,58,0,0,0.0,0,0
203-204,203,204,182,241,IMG20260826125230.jpg,IMG20260826125936.jpg,59,17,0,0.0,0,0
203-204,203,204,182,242,IMG20260826125230.jpg,IMG20260826125940.jpg,60,0,0,0.0,0,0
203-204,203,204,182,243,IMG20260826125230.jpg,IMG20260826125942.jpg,61,19,0,0.0,0,0
203-204,203,204,183,224,IMG20260826125234.jpg,IMG20260826125737.jpg,41,0,0,0.0,0,0
203-204,203,204,183,225,IMG20260826125234.jpg,IMG20260826125739.jpg,42,0,0,0.0,0,0
203-204,203,204,183,226,IMG20260826125234.jpg,IMG20260826125741.jpg,43,0,0,0.0,0,0
203-204,203,204,183,227,IMG20260826125234.jpg,IMG20260826125743.jpg,44,0,0,0.0,0,0
203-204,203,204,183,228,IMG20260826125234.jpg,IMG20260826125746.jpg,45,0,0,0.0,0,0
203-204,203,204,183,229,IMG20260826125234.jpg,IMG20260826125749.jpg,46,0,0,0.0,0,0
203-204,203,204,183,230,IMG20260826125234.jpg,IMG20260826125845.jpg,47,19,0,0.0,0,0
203-204,203,204,183,231,IMG20260826125234.jpg,IMG20260826125849.jpg,48,23,0,0.0,0,0
203-204,203,204,183,232,IMG20260826125234.jpg,IMG20260826125852.jpg,49,20,0,0.0,0,0
203-204,203,204,183,233,IMG20260826125234.jpg,IMG20260826125854.jpg,50,26,0,0.0,0,0
203-204,203,204,183,234,IMG20260826125234.jpg,IMG20260826125857.jpg,51,41,21,0.5121951219512195,1,0
203-204,203,204,183,235,IMG20260826125234.jpg,IMG20260826125901.jpg,52,51,29,0.5686274509803921,1,0
203-204,203,204,183,236,IMG20260826125234.jpg,IMG20260826125910.jpg,53,36,25,0.6944444444444444,1,0
203-204,203,204,183,237,IMG20260826125234.jpg,IMG20260826125914.jpg,54,35,23,0.6571428571428571,1,0
203-204,203,204,183,238,IMG20260826125234.jpg,IMG20260826125922.jpg,55,36,17,0.4722222222222222,1,0
203-204,203,204,183,239,IMG20260826125234.jpg,IMG20260826125925.jpg,56,23,0,0.0,0,0
203-204,203,204,183,240,IMG20260826125234.jpg,IMG20260826125930.jpg,57,0,0,0.0,0,0
203-204,203,204,183,241,IMG20260826125234.jpg,IMG20260826125936.jpg,58,0,0,0.0,0,0
203-204,203,204,183,242,IMG20260826125234.jpg,IMG20260826125940.jpg,59,15,0,0.0,0,0
203-204,203,204,183,243,IMG20260826125234.jpg,IMG20260826125942.jpg,60,0,0,0.0,0,0
203-204,203,204,184,225,IMG20260826125237.jpg,IMG20260826125739.jpg,41,25,0,0.0,0,0
203-204,203,204,184,226,IMG20260826125237.jpg,IMG20260826125741.jpg,42,0,0,0.0,0,0
203-204,203,204,184,227,IMG20260826125237.jpg,IMG20260826125743.jpg,43,0,0,0.0,0,0
203-204,203,204,184,228,IMG20260826125237.jpg,IMG20260826125746.jpg,44,0,0,0.0,0,0
203-204,203,204,184,229,IMG20260826125237.jpg,IMG20260826125749.jpg,45,0,0,0.0,0,0
203-204,203,204,184,230,IMG20260826125237.jpg,IMG20260826125845.jpg,46,16,0,0.0,0,0
203-204,203,204,184,231,IMG20260826125237.jpg,IMG20260826125849.jpg,47,0,0,0.0,0,0
203-204,203,204,184,232,IMG20260826125237.jpg,IMG20260826125852.jpg,48,0,0,0.0,0,0
203-204,203,204,184,233,IMG20260826125237.jpg,IMG20260826125854.jpg,49,28,0,0.0,0,0
203-204,203,204,184,234,IMG20260826125237.jpg,IMG20260826125857.jpg,50,28,17,0.6071428571428571,1,0
203-204,203,204,184,235,IMG20260826125237.jpg,IMG20260826125901.jpg,51,34,20,0.5882352941176471,1,0
203-204,203,204,184,236,IMG20260826125237.jpg,IMG20260826125910.jpg,52,49,35,0.7142857142857143,1,1
203-204,203,204,184,237,IMG20260826125237.jpg,IMG20260826125914.jpg,53,34,28,0.8235294117647058,1,0
203-204,203,204,184,238,IMG20260826125237.jpg,IMG20260826125922.jpg,54,29,18,0.6206896551724138,1,0
203-204,203,204,184,239,IMG20260826125237.jpg,IMG20260826125925.jpg,55,27,16,0.5925925925925926,1,0
203-204,203,204,184,240,IMG20260826125237.jpg,IMG20260826125930.jpg,56,15,0,0.0,0,0
203-204,203,204,184,241,IMG20260826125237.jpg,IMG20260826125936.jpg,57,0,0,0.0,0,0
203-204,203,204,184,242,IMG20260826125237.jpg,IMG20260826125940.jpg,58,0,0,0.0,0,0
203-204,203,204,184,243,IMG20260826125237.jpg,IMG20260826125942.jpg,59,0,0,0.0,0,0
203-204,203,204,185,226,IMG20260826125241.jpg,IMG20260826125741.jpg,41,0,0,0.0,0,0
203-204,203,204,185,227,IMG20260826125241.jpg,IMG20260826125743.jpg,42,16,0,0.0,0,0
203-204,203,204,185,228,IMG20260826125241.jpg,IMG20260826125746.jpg,43,17,0,0.0,0,0
203-204,203,204,185,229,IMG20260826125241.jpg,IMG20260826125749.jpg,44,0,0,0.0,0,0
203-204,203,204,185,230,IMG20260826125241.jpg,IMG20260826125845.jpg,45,0,0,0.0,0,0
203-204,203,204,185,231,IMG20260826125241.jpg,IMG20260826125849.jpg,46,16,0,0.0,0,0
203-204,203,204,185,232,IMG20260826125241.jpg,IMG20260826125852.jpg,47,22,0,0.0,0,0
203-204,203,204,185,233,IMG20260826125241.jpg,IMG20260826125854.jpg,48,35,20,0.5714285714285714,1,0
203-204,203,204,185,234,IMG20260826125241.jpg,IMG20260826125857.jpg,49,47,31,0.6595744680851063,1,0
203-204,203,204,185,235,IMG20260826125241.jpg,IMG20260826125901.jpg,50,38,27,0.7105263157894737,1,0
203-204,203,204,185,236,IMG20260826125241.jpg,IMG20260826125910.jpg,51,63,38,0.6031746031746031,1,1
203-204,203,204,185,237,IMG20260826125241.jpg,IMG20260826125914.jpg,52,61,41,0.6721311475409836,1,1
203-204,203,204,185,238,IMG20260826125241.jpg,IMG20260826125922.jpg,53,28,16,0.5714285714285714,1,0
203-204,203,204,185,239,IMG20260826125241.jpg,IMG20260826125925.jpg,54,27,15,0.5555555555555556,1,0
203-204,203,204,185,240,IMG20260826125241.jpg,IMG20260826125930.jpg,55,16,0,0.0,0,0
203-204,203,204,185,241,IMG20260826125241.jpg,IMG20260826125936.jpg,56,0,0,0.0,0,0
203-204,203,204,185,242,IMG20260826125241.jpg,IMG20260826125940.jpg,57,17,0,0.0,0,0
203-204,203,204,185,243,IMG20260826125241.jpg,IMG20260826125942.jpg,58,0,0,0.0,0,0
203-204,203,204,186,227,IMG20260826125244.jpg,IMG20260826125743.jpg,41,0,0,0.0,0,0
203-204,203,204,186,228,IMG20260826125244.jpg,IMG20260826125746.jpg,42,16,0,0.0,0,0
203-204,203,204,186,229,IMG20260826125244.jpg,IMG20260826125749.jpg,43,0,0,0.0,0,0
203-204,203,204,186,230,IMG20260826125244.jpg,IMG20260826125845.jpg,44,16,0,0.0,0,0
203-204,203,204,186,231,IMG20260826125244.jpg,IMG20260826125849.jpg,45,0,0,0.0,0,0
203-204,203,204,186,232,IMG20260826125244.jpg,IMG20260826125852.jpg,46,0,0,0.0,0,0
203-204,203,204,186,233,IMG20260826125244.jpg,IMG20260826125854.jpg,47,17,0,0.0,0,0
203-204,203,204,186,234,IMG20260826125244.jpg,IMG20260826125857.jpg,48,34,21,0.6176470588235294,1,0
203-204,203,204,186,235,IMG20260826125244.jpg,IMG20260826125901.jpg,49,28,21,0.75,1,0
203-204,203,204,186,236,IMG20260826125244.jpg,IMG20260826125910.jpg,50,46,29,0.6304347826086957,1,0
203-204,203,204,186,237,IMG20260826125244.jpg,IMG20260826125914.jpg,51,59,36,0.6101694915254238,1,1
203-204,203,204,186,238,IMG20260826125244.jpg,IMG20260826125922.jpg,52,41,27,0.6585365853658537,1,0
203-204,203,204,186,239,IMG20260826125244.jpg,IMG20260826125925.jpg,53,24,15,0.625,1,0
203-204,203,204,186,240,IMG20260826125244.jpg,IMG20260826125930.jpg,54,20,0,0.0,0,0
203-204,203,204,186,241,IMG20260826125244.jpg,IMG20260826125936.jpg,55,0,0,0.0,0,0
203-204,203,204,186,242,IMG20260826125244.jpg,IMG20260826125940.jpg,56,0,0,0.0,0,0
203-204,203,204,186,243,IMG20260826125244.jpg,IMG20260826125942.jpg,57,15,0,0.0,0,0
203-204,203,204,187,228,IMG20260826125246.jpg,IMG20260826125746.jpg,41,0,0,0.0,0,0
203-204,203,204,187,229,IMG20260826125246.jpg,IMG20260826125749.jpg,42,0,0,0.0,0,0
203-204,203,204,187,230,IMG20260826125246.jpg,IMG20260826125845.jpg,43,0,0,0.0,0,0
203-204,203,204,187,231,IMG20260826125246.jpg,IMG20260826125849.jpg,44,0,0,0.0,0,0
203-204,203,204,187,232,IMG20260826125246.jpg,IMG20260826125852.jpg,45,15,0,0.0,0,0
203-204,203,204,187,233,IMG20260826125246.jpg,IMG20260826125854.jpg,46,0,0,0.0,0,0
203-204,203,204,187,234,IMG20260826125246.jpg,IMG20260826125857.jpg,47,31,16,0.5161290322580645,1,0
203-204,203,204,187,235,IMG20260826125246.jpg,IMG20260826125901.jpg,48,33,19,0.5757575757575758,1,0
203-204,203,204,187,236,IMG20260826125246.jpg,IMG20260826125910.jpg,49,35,24,0.6857142857142857,1,0
203-204,203,204,187,237,IMG20260826125246.jpg,IMG20260826125914.jpg,50,43,30,0.6976744186046512,1,0
203-204,203,204,187,238,IMG20260826125246.jpg,IMG20260826125922.jpg,51,53,32,0.6037735849056604,1,0
203-204,203,204,187,239,IMG20260826125246.jpg,IMG20260826125925.jpg,52,36,20,0.5555555555555556,1,0
203-204,203,204,187,240,IMG20260826125246.jpg,IMG20260826125930.jpg,53,0,0,0.0,0,0
203-204,203,204,187,241,IMG20260826125246.jpg,IMG20260826125936.jpg,54,0,0,0.0,0,0
203-204,203,204,187,242,IMG20260826125246.jpg,IMG20260826125940.jpg,55,0,0,0.0,0,0
203-204,203,204,187,243,IMG20260826125246.jpg,IMG20260826125942.jpg,56,15,0,0.0,0,0
203-204,203,204,188,229,IMG20260826125249.jpg,IMG20260826125749.jpg,41,0,0,0.0,0,0
203-204,203,204,188,230,IMG20260826125249.jpg,IMG20260826125845.jpg,42,0,0,0.0,0,0
203-204,203,204,188,231,IMG20260826125249.jpg,IMG20260826125849.jpg,43,0,0,0.0,0,0
203-204,203,204,188,232,IMG20260826125249.jpg,IMG20260826125852.jpg,44,0,0,0.0,0,0
203-204,203,204,188,233,IMG20260826125249.jpg,IMG20260826125854.jpg,45,18,0,0.0,0,0
203-204,203,204,188,234,IMG20260826125249.jpg,IMG20260826125857.jpg,46,0,0,0.0,0,0
203-204,203,204,188,235,IMG20260826125249.jpg,IMG20260826125901.jpg,47,0,0,0.0,0,0
203-204,203,204,188,236,IMG20260826125249.jpg,IMG20260826125910.jpg,48,29,19,0.6551724137931034,1,0
203-204,203,204,188,237,IMG20260826125249.jpg,IMG20260826125914.jpg,49,31,23,0.7419354838709677,1,0
203-204,203,204,188,238,IMG20260826125249.jpg,IMG20260826125922.jpg,50,55,39,0.7090909090909091,1,1
203-204,203,204,188,239,IMG20260826125249.jpg,IMG20260826125925.jpg,51,34,25,0.7352941176470589,1,0
203-204,203,204,188,240,IMG20260826125249.jpg,IMG20260826125930.jpg,52,0,0,0.0,0,0
203-204,203,204,188,241,IMG20260826125249.jpg,IMG20260826125936.jpg,53,0,0,0.0,0,0
203-204,203,204,188,242,IMG20260826125249.jpg,IMG20260826125940.jpg,54,0,0,0.0,0,0
203-204,203,204,188,243,IMG20260826125249.jpg,IMG20260826125942.jpg,55,16,0,0.0,0,0
203-204,203,204,189,230,IMG20260826125253.jpg,IMG20260826125845.jpg,41,0,0,0.0,0,0
203-204,203,204,189,231,IMG20260826125253.jpg,IMG20260826125849.jpg,42,0,0,0.0,0,0
203-204,203,204,189,232,IMG20260826125253.jpg,IMG20260826125852.jpg,43,0,0,0.0,0,0
203-204,203,204,189,233,IMG20260826125253.jpg,IMG20260826125854.jpg,44,18,0,0.0,0,0
203-204,203,204,189,234,IMG20260826125253.jpg,IMG20260826125857.jpg,45,0,0,0.0,0,0
203-204,203,204,189,235,IMG20260826125253.jpg,IMG20260826125901.jpg,46,21,0,0.0,0,0
203-204,203,204,189,236,IMG20260826125253.jpg,IMG20260826125910.jpg,47,33,21,0.6363636363636364,1,0
203-204,203,204,189,237,IMG20260826125253.jpg,IMG20260826125914.jpg,48,35,22,0.6285714285714286,1,0
203-204,203,204,189,238,IMG20260826125253.jpg,IMG20260826125922.jpg,49,47,33,0.7021276595744681,1,1
203-204,203,204,189,239,IMG20260826125253.jpg,IMG20260826125925.jpg,50,51,35,0.6862745098039216,1,1
203-204,203,204,189,240,IMG20260826125253.jpg,IMG20260826125930.jpg,51,25,16,0.64,1,0
203-204,203,204,189,241,IMG20260826125253.jpg,IMG20260826125936.jpg,52,0,0,0.0,0,0
203-204,203,204,189,242,IMG20260826125253.jpg,IMG20260826125940.jpg,53,0,0,0.0,0,0
203-204,203,204,189,243,IMG20260826125253.jpg,IMG20260826125942.jpg,54,0,0,0.0,0,0
203-204,203,204,190,231,IMG20260826125257.jpg,IMG20260826125849.jpg,41,19,0,0.0,0,0
203-204,203,204,190,232,IMG20260826125257.jpg,IMG20260826125852.jpg,42,0,0,0.0,0,0
203-204,203,204,190,233,IMG20260826125257.jpg,IMG20260826125854.jpg,43,0,0,0.0,0,0
203-204,203,204,190,234,IMG20260826125257.jpg,IMG20260826125857.jpg,44,0,0,0.0,0,0
203-204,203,204,190,235,IMG20260826125257.jpg,IMG20260826125901.jpg,45,0,0,0.0,0,0
203-204,203,204,190,236,IMG20260826125257.jpg,IMG20260826125910.jpg,46,23,16,0.6956521739130435,1,0
203-204,203,204,190,237,IMG20260826125257.jpg,IMG20260826125914.jpg,47,32,20,0.625,1,0
203-204,203,204,190,238,IMG20260826125257.jpg,IMG20260826125922.jpg,48,30,21,0.7,1,0
203-204,203,204,190,239,IMG20260826125257.jpg,IMG20260826125925.jpg,49,51,27,0.5294117647058824,1,0
203-204,203,204,190,240,IMG20260826125257.jpg,IMG20260826125930.jpg,50,29,17,0.5862068965517241,1,0
203-204,203,204,190,241,IMG20260826125257.jpg,IMG20260826125936.jpg,51,17,0,0.0,0,0
203-204,203,204,190,242,IMG20260826125257.jpg,IMG20260826125940.jpg,52,15,0,0.0,0,0
203-204,203,204,190,243,IMG20260826125257.jpg,IMG20260826125942.jpg,53,0,0,0.0,0,0
203-204,203,204,191,232,IMG20260826125302.jpg,IMG20260826125852.jpg,41,15,0,0.0,0,0
203-204,203,204,191,233,IMG20260826125302.jpg,IMG20260826125854.jpg,42,17,0,0.0,0,0
203-204,203,204,191,234,IMG20260826125302.jpg,IMG20260826125857.jpg,43,18,0,0.0,0,0
203-204,203,204,191,235,IMG20260826125302.jpg,IMG20260826125901.jpg,44,17,0,0.0,0,0
203-204,203,204,191,236,IMG20260826125302.jpg,IMG20260826125910.jpg,45,0,0,0.0,0,0
203-204,203,204,191,237,IMG20260826125302.jpg,IMG20260826125914.jpg,46,0,0,0.0,0,0
203-204,203,204,191,238,IMG20260826125302.jpg,IMG20260826125922.jpg,47,16,0,0.0,0,0
203-204,203,204,191,239,IMG20260826125302.jpg,IMG20260826125925.jpg,48,0,0,0.0,0,0
203-204,203,204,191,240,IMG20260826125302.jpg,IMG20260826125930.jpg,49,27,0,0.0,0,0
203-204,203,204,191,241,IMG20260826125302.jpg,IMG20260826125936.jpg,50,33,0,0.0,0,0
203-204,203,204,191,242,IMG20260826125302.jpg,IMG20260826125940.jpg,51,15,0,0.0,0,0
203-204,203,204,191,243,IMG20260826125302.jpg,IMG20260826125942.jpg,52,16,0,0.0,0,0
203-204,203,204,192,233,IMG20260826125400.jpg,IMG20260826125854.jpg,41,0,0,0.0,0,0
203-204,203,204,192,234,IMG20260826125400.jpg,IMG20260826125857.jpg,42,18,0,0.0,0,0
203-204,203,204,192,235,IMG20260826125400.jpg,IMG20260826125901.jpg,43,18,0,0.0,0,0
203-204,203,204,192,236,IMG20260826125400.jpg,IMG20260826125910.jpg,44,0,0,0.0,0,0
203-204,203,204,192,237,IMG20260826125400.jpg,IMG20260826125914.jpg,45,0,0,0.0,0,0
203-204,203,204,192,238,IMG20260826125400.jpg,IMG20260826125922.jpg,46,0,0,0.0,0,0
203-204,203,204,192,239,IMG20260826125400.jpg,IMG20260826125925.jpg,47,15,0,0.0,0,0
203-204,203,204,192,240,IMG20260826125400.jpg,IMG20260826125930.jpg,48,21,0,0.0,0,0
203-204,203,204,192,241,IMG20260826125400.jpg,IMG20260826125936.jpg,49,18,0,0.0,0,0
203-204,203,204,192,242,IMG20260826125400.jpg,IMG20260826125940.jpg,50,23,0,0.0,0,0
203-204,203,204,192,243,IMG20260826125400.jpg,IMG20260826125942.jpg,51,16,0,0.0,0,0
203-204,203,204,193,234,IMG20260826125402.jpg,IMG20260826125857.jpg,41,17,0,0.0,0,0
203-204,203,204,193,235,IMG20260826125402.jpg,IMG20260826125901.jpg,42,0,0,0.0,0,0
203-204,203,204,193,236,IMG20260826125402.jpg,IMG20260826125910.jpg,43,0,0,0.0,0,0
203-204,203,204,193,237,IMG20260826125402.jpg,IMG20260826125914.jpg,44,0,0,0.0,0,0
203-204,203,204,193,238,IMG20260826125402.jpg,IMG20260826125922.jpg,45,0,0,0.0,0,0
203-204,203,204,193,239,IMG20260826125402.jpg,IMG20260826125925.jpg,46,0,0,0.0,0,0
203-204,203,204,193,240,IMG20260826125402.jpg,IMG20260826125930.jpg,47,0,0,0.0,0,0
203-204,203,204,193,241,IMG20260826125402.jpg,IMG20260826125936.jpg,48,0,0,0.0,0,0
203-204,203,204,193,242,IMG20260826125402.jpg,IMG20260826125940.jpg,49,19,0,0.0,0,0
203-204,203,204,193,243,IMG20260826125402.jpg,IMG20260826125942.jpg,50,23,0,0.0,0,0
203-204,203,204,194,235,IMG20260826125404.jpg,IMG20260826125901.jpg,41,18,0,0.0,0,0
203-204,203,204,194,236,IMG20260826125404.jpg,IMG20260826125910.jpg,42,0,0,0.0,0,0
203-204,203,204,194,237,IMG20260826125404.jpg,IMG20260826125914.jpg,43,17,0,0.0,0,0
203-204,203,204,194,238,IMG20260826125404.jpg,IMG20260826125922.jpg,44,0,0,0.0,0,0
203-204,203,204,194,239,IMG20260826125404.jpg,IMG20260826125925.jpg,45,0,0,0.0,0,0
203-204,203,204,194,240,IMG20260826125404.jpg,IMG20260826125930.jpg,46,0,0,0.0,0,0
203-204,203,204,194,241,IMG20260826125404.jpg,IMG20260826125936.jpg,47,0,0,0.0,0,0
203-204,203,204,194,242,IMG20260826125404.jpg,IMG20260826125940.jpg,48,0,0,0.0,0,0
203-204,203,204,194,243,IMG20260826125404.jpg,IMG20260826125942.jpg,49,24,0,0.0,0,0
203-204,203,204,195,236,IMG20260826125409.jpg,IMG20260826125910.jpg,41,0,0,0.0,0,0
203-204,203,204,195,237,IMG20260826125409.jpg,IMG20260826125914.jpg,42,0,0,0.0,0,0
203-204,203,204,195,238,IMG20260826125409.jpg,IMG20260826125922.jpg,43,0,0,0.0,0,0
203-204,203,204,195,239,IMG20260826125409.jpg,IMG20260826125925.jpg,44,16,0,0.0,0,0
203-204,203,204,195,240,IMG20260826125409.jpg,IMG20260826125930.jpg,45,16,0,0.0,0,0
203-204,203,204,195,241,IMG20260826125409.jpg,IMG20260826125936.jpg,46,0,0,0.0,0,0
203-204,203,204,195,242,IMG20260826125409.jpg,IMG20260826125940.jpg,47,0,0,0.0,0,0
203-204,203,204,195,243,IMG20260826125409.jpg,IMG20260826125942.jpg,48,20,0,0.0,0,0
203-204,203,204,196,237,IMG20260826125412.jpg,IMG20260826125914.jpg,41,0,0,0.0,0,0
203-204,203,204,196,238,IMG20260826125412.jpg,IMG20260826125922.jpg,42,0,0,0.0,0,0
203-204,203,204,196,239,IMG20260826125412.jpg,IMG20260826125925.jpg,43,0,0,0.0,0,0
203-204,203,204,196,240,IMG20260826125412.jpg,IMG20260826125930.jpg,44,0,0,0.0,0,0
203-204,203,204,196,241,IMG20260826125412.jpg,IMG20260826125936.jpg,45,0,0,0.0,0,0
203-204,203,204,196,242,IMG20260826125412.jpg,IMG20260826125940.jpg,46,18,0,0.0,0,0
203-204,203,204,196,243,IMG20260826125412.jpg,IMG20260826125942.jpg,47,20,0,0.0,0,0
203-204,203,204,197,238,IMG20260826125415.jpg,IMG20260826125922.jpg,41,0,0,0.0,0,0
203-204,203,204,197,239,IMG20260826125415.jpg,IMG20260826125925.jpg,42,0,0,0.0,0,0
203-204,203,204,197,240,IMG20260826125415.jpg,IMG20260826125930.jpg,43,0,0,0.0,0,0
203-204,203,204,197,241,IMG20260826125415.jpg,IMG20260826125936.jpg,44,19,0,0.0,0,0
203-204,203,204,197,242,IMG20260826125415.jpg,IMG20260826125940.jpg,45,16,0,0.0,0,0
203-204,203,204,197,243,IMG20260826125415.jpg,IMG20260826125942.jpg,46,19,0,0.0,0,0
203-204,203,204,198,239,IMG20260826125417.jpg,IMG20260826125925.jpg,41,0,0,0.0,0,0
203-204,203,204,198,240,IMG20260826125417.jpg,IMG20260826125930.jpg,42,0,0,0.0,0,0
203-204,203,204,198,241,IMG20260826125417.jpg,IMG20260826125936.jpg,43,0,0,0.0,0,0
203-204,203,204,198,242,IMG20260826125417.jpg,IMG20260826125940.jpg,44,0,0,0.0,0,0
203-204,203,204,198,243,IMG20260826125417.jpg,IMG20260826125942.jpg,45,16,0,0.0,0,0
203-204,203,204,199,240,IMG20260826125419.jpg,IMG20260826125930.jpg,41,0,0,0.0,0,0
203-204,203,204,199,241,IMG20260826125419.jpg,IMG20260826125936.jpg,42,0,0,0.0,0,0
203-204,203,204,199,242,IMG20260826125419.jpg,IMG20260826125940.jpg,43,0,0,0.0,0,0
203-204,203,204,199,243,IMG20260826125419.jpg,IMG20260826125942.jpg,44,22,0,0.0,0,0
203-204,203,204,200,241,IMG20260826125422.jpg,IMG20260826125936.jpg,41,0,0,0.0,0,0
203-204,203,204,200,242,IMG20260826125422.jpg,IMG20260826125940.jpg,42,0,0,0.0,0,0
203-204,203,204,200,243,IMG20260826125422.jpg,IMG20260826125942.jpg,43,22,0,0.0,0,0
203-204,203,204,201,242,IMG20260826125425.jpg,IMG20260826125940.jpg,41,0,0,0.0,0,0
203-204,203,204,201,243,IMG20260826125425.jpg,IMG20260826125942.jpg,42,24,0,0.0,0,0
203-204,203,204,202,243,IMG20260826125427.jpg,IMG20260826125942.jpg,41,15,0,0.0,0,0
