I20260915 09:34:23.414841 14560 patch_match.cc:210] Reading workspace...
I20260915 09:34:23.632485 14560 patch_match.cc:240] Reading configuration...
I20260915 09:34:23.643792 14560 patch_match.cc:371] Configuration has 37 problems...
I20260915 09:34:23.644696  4160 patch_match.cc:419] === Processing view 1 / 37 for IMG20260912150514.jpg ===
I20260915 09:34:23.644816  4160 patch_match.cc:466] Reading inputs...
I20260915 09:34:24.141057  4160 patch_match.cc:56] --- PatchMatch::Problem ---
I20260915 09:34:24.141121  4160 patch_match.cc:57] ref_image_idx: 335
I20260915 09:34:24.141132  4160 patch_match.cc:64] src_image_idxs: 337 338
I20260915 09:34:24.141140  4160 patch_match_options.cc:46] --- PatchMatchOptions ---
I20260915 09:34:24.141146  4160 patch_match_options.cc:47] max_image_size: 3072
I20260915 09:34:24.141155  4160 patch_match_options.cc:48] gpu_index: 0
I20260915 09:34:24.141160  4160 patch_match_options.cc:49] depth_min: 0.931715
I20260915 09:34:24.141179  4160 patch_match_options.cc:50] depth_max: 2.90706
I20260915 09:34:24.141185  4160 patch_match_options.cc:51] window_radius: 5
I20260915 09:34:24.141191  4160 patch_match_options.cc:52] window_step: 1
I20260915 09:34:24.141196  4160 patch_match_options.cc:53] sigma_spatial: 5
I20260915 09:34:24.141202  4160 patch_match_options.cc:54] sigma_color: 0.2
I20260915 09:34:24.141209  4160 patch_match_options.cc:55] num_samples: 15
I20260915 09:34:24.141214  4160 patch_match_options.cc:56] ncc_sigma: 0.6
I20260915 09:34:24.141227  4160 patch_match_options.cc:57] min_triangulation_angle: 1
I20260915 09:34:24.141233  4160 patch_match_options.cc:58] incident_angle_sigma: 0.9
I20260915 09:34:24.141239  4160 patch_match_options.cc:59] num_iterations: 5
I20260915 09:34:24.141244  4160 patch_match_options.cc:60] geom_consistency: 0
I20260915 09:34:24.141250  4160 patch_match_options.cc:61] geom_consistency_regularizer: 0.3
I20260915 09:34:24.141256  4160 patch_match_options.cc:62] geom_consistency_max_cost: 3
I20260915 09:34:24.141262  4160 patch_match_options.cc:63] filter: 0
I20260915 09:34:24.141267  4160 patch_match_options.cc:64] filter_min_ncc: 0.1
I20260915 09:34:24.141273  4160 patch_match_options.cc:65] filter_min_triangulation_angle: 3
I20260915 09:34:24.141279  4160 patch_match_options.cc:66] filter_min_num_consistent: 2
I20260915 09:34:24.141284  4160 patch_match_options.cc:67] filter_geom_consistency_max_cost: 1
I20260915 09:34:24.141290  4160 patch_match_options.cc:68] write_consistency_graph: 0
I20260915 09:34:24.141297  4160 patch_match_options.cc:69] allow_missing_files: 0
I20260915 09:34:24.141303  4160 patch_match_options.cc:70] num_threads: -1
I20260915 09:34:24.141309  4160 patch_match.cc:129] --- PatchMatch::Run ---
I20260915 09:34:24.461556  4160 cudacc.cc:52] Initialization: 0.0262s
I20260915 09:34:25.183027  4160 cudacc.cc:52]  Sweep 1: 0.7214s
I20260915 09:34:26.030829  4160 cudacc.cc:52]  Sweep 2: 0.8477s
I20260915 09:34:26.782763  4160 cudacc.cc:52]  Sweep 3: 0.7519s
I20260915 09:34:27.617091  4160 cudacc.cc:52]  Sweep 4: 0.8342s
I20260915 09:34:27.617192  4160 cudacc.cc:52] Iteration 1: 3.1556s
I20260915 09:34:28.332815  4160 cudacc.cc:52]  Sweep 1: 0.7156s
I20260915 09:34:29.200630  4160 cudacc.cc:52]  Sweep 2: 0.8677s
I20260915 09:34:29.922321  4160 cudacc.cc:52]  Sweep 3: 0.7216s
I20260915 09:34:30.699994  4160 cudacc.cc:52]  Sweep 4: 0.7776s
I20260915 09:34:30.700141  4160 cudacc.cc:52] Iteration 2: 3.0829s
I20260915 09:34:31.413604  4160 cudacc.cc:52]  Sweep 1: 0.7134s
I20260915 09:34:32.206114  4160 cudacc.cc:52]  Sweep 2: 0.7924s
I20260915 09:34:32.917229  4160 cudacc.cc:52]  Sweep 3: 0.7110s
I20260915 09:34:33.677148  4160 cudacc.cc:52]  Sweep 4: 0.7598s
I20260915 09:34:33.677247  4160 cudacc.cc:52] Iteration 3: 2.9771s
I20260915 09:34:34.390847  4160 cudacc.cc:52]  Sweep 1: 0.7135s
I20260915 09:34:35.147844  4160 cudacc.cc:52]  Sweep 2: 0.7569s
I20260915 09:34:35.859830  4160 cudacc.cc:52]  Sweep 3: 0.7119s
I20260915 09:34:36.608030  4160 cudacc.cc:52]  Sweep 4: 0.7481s
I20260915 09:34:36.608105  4160 cudacc.cc:52] Iteration 4: 2.9308s
I20260915 09:34:37.320169  4160 cudacc.cc:52]  Sweep 1: 0.7120s
I20260915 09:34:38.053182  4160 cudacc.cc:52]  Sweep 2: 0.7329s
I20260915 09:34:38.766483  4160 cudacc.cc:52]  Sweep 3: 0.7107s
I20260915 09:34:39.504470  4160 cudacc.cc:52]  Sweep 4: 0.7379s
I20260915 09:34:39.504549  4160 cudacc.cc:52] Iteration 5: 2.8964s
I20260915 09:34:39.504569  4160 cudacc.cc:52] Total: 15.0694s
I20260915 09:34:39.504583  4160 patch_match.cc:525] 
Writing photometric output for IMG20260912150514.jpg
I20260915 09:34:40.537126  4160 patch_match.cc:419] === Processing view 2 / 37 for IMG20260912150514_01.jpg ===
I20260915 09:34:40.537218  4160 patch_match.cc:466] Reading inputs...
I20260915 09:34:40.851311  4160 patch_match.cc:56] --- PatchMatch::Problem ---
I20260915 09:34:40.851369  4160 patch_match.cc:57] ref_image_idx: 336
I20260915 09:34:40.851382  4160 patch_match.cc:64] src_image_idxs: 337 338 339
I20260915 09:34:40.851389  4160 patch_match_options.cc:46] --- PatchMatchOptions ---
I20260915 09:34:40.851395  4160 patch_match_options.cc:47] max_image_size: 3072
I20260915 09:34:40.851401  4160 patch_match_options.cc:48] gpu_index: 0
I20260915 09:34:40.851406  4160 patch_match_options.cc:49] depth_min: 0.937275
I20260915 09:34:40.851418  4160 patch_match_options.cc:50] depth_max: 2.91654
I20260915 09:34:40.851424  4160 patch_match_options.cc:51] window_radius: 5
I20260915 09:34:40.851430  4160 patch_match_options.cc:52] window_step: 1
I20260915 09:34:40.851435  4160 patch_match_options.cc:53] sigma_spatial: 5
I20260915 09:34:40.851444  4160 patch_match_options.cc:54] sigma_color: 0.2
I20260915 09:34:40.851452  4160 patch_match_options.cc:55] num_samples: 15
I20260915 09:34:40.851457  4160 patch_match_options.cc:56] ncc_sigma: 0.6
I20260915 09:34:40.851463  4160 patch_match_options.cc:57] min_triangulation_angle: 1
I20260915 09:34:40.851469  4160 patch_match_options.cc:58] incident_angle_sigma: 0.9
I20260915 09:34:40.851478  4160 patch_match_options.cc:59] num_iterations: 5
I20260915 09:34:40.851485  4160 patch_match_options.cc:60] geom_consistency: 0
I20260915 09:34:40.851491  4160 patch_match_options.cc:61] geom_consistency_regularizer: 0.3
I20260915 09:34:40.851497  4160 patch_match_options.cc:62] geom_consistency_max_cost: 3
I20260915 09:34:40.851503  4160 patch_match_options.cc:63] filter: 0
I20260915 09:34:40.851508  4160 patch_match_options.cc:64] filter_min_ncc: 0.1
I20260915 09:34:40.851517  4160 patch_match_options.cc:65] filter_min_triangulation_angle: 3
I20260915 09:34:40.851524  4160 patch_match_options.cc:66] filter_min_num_consistent: 2
I20260915 09:34:40.851529  4160 patch_match_options.cc:67] filter_geom_consistency_max_cost: 1
I20260915 09:34:40.851535  4160 patch_match_options.cc:68] write_consistency_graph: 0
I20260915 09:34:40.851541  4160 patch_match_options.cc:69] allow_missing_files: 0
I20260915 09:34:40.851549  4160 patch_match_options.cc:70] num_threads: -1
I20260915 09:34:40.851556  4160 patch_match.cc:129] --- PatchMatch::Run ---
I20260915 09:34:41.121906  4160 cudacc.cc:52] Initialization: 0.0493s
I20260915 09:34:41.886180  4160 cudacc.cc:52]  Sweep 1: 0.7642s
I20260915 09:34:42.773425  4160 cudacc.cc:52]  Sweep 2: 0.8871s
I20260915 09:34:43.560381  4160 cudacc.cc:52]  Sweep 3: 0.7869s
I20260915 09:34:44.442701  4160 cudacc.cc:52]  Sweep 4: 0.8822s
I20260915 09:34:44.442816  4160 cudacc.cc:52] Iteration 1: 3.3208s
I20260915 09:34:45.196944  4160 cudacc.cc:52]  Sweep 1: 0.7539s
I20260915 09:34:46.029989  4160 cudacc.cc:52]  Sweep 2: 0.8329s
I20260915 09:34:46.784694  4160 cudacc.cc:52]  Sweep 3: 0.7546s
I20260915 09:34:47.603317  4160 cudacc.cc:52]  Sweep 4: 0.8185s
I20260915 09:34:47.603419  4160 cudacc.cc:52] Iteration 2: 3.1605s
I20260915 09:34:48.346153  4160 cudacc.cc:52]  Sweep 1: 0.7427s
I20260915 09:34:49.141769  4160 cudacc.cc:52]  Sweep 2: 0.7955s
I20260915 09:34:49.882765  4160 cudacc.cc:52]  Sweep 3: 0.7409s
I20260915 09:34:50.673861  4160 cudacc.cc:52]  Sweep 4: 0.7910s
I20260915 09:34:50.673944  4160 cudacc.cc:52] Iteration 3: 3.0705s
I20260915 09:34:51.415914  4160 cudacc.cc:52]  Sweep 1: 0.7419s
I20260915 09:34:52.200275  4160 cudacc.cc:52]  Sweep 2: 0.7843s
I20260915 09:34:52.940246  4160 cudacc.cc:52]  Sweep 3: 0.7399s
I20260915 09:34:53.733020  4160 cudacc.cc:52]  Sweep 4: 0.7926s
I20260915 09:34:53.733226  4160 cudacc.cc:52] Iteration 4: 3.0593s
I20260915 09:34:54.479242  4160 cudacc.cc:52]  Sweep 1: 0.7459s
I20260915 09:34:55.270712  4160 cudacc.cc:52]  Sweep 2: 0.7914s
I20260915 09:34:56.011593  4160 cudacc.cc:52]  Sweep 3: 0.7408s
I20260915 09:34:56.795599  4160 cudacc.cc:52]  Sweep 4: 0.7839s
I20260915 09:34:56.795709  4160 cudacc.cc:52] Iteration 5: 3.0624s
I20260915 09:34:56.795755  4160 cudacc.cc:52] Total: 15.7234s
I20260915 09:34:56.795781  4160 patch_match.cc:525] 
Writing photometric output for IMG20260912150514_01.jpg
I20260915 09:34:58.232221  4160 patch_match.cc:419] === Processing view 3 / 37 for IMG20260912150518.jpg ===
I20260915 09:34:58.232353  4160 patch_match.cc:466] Reading inputs...
I20260915 09:34:58.630040  4160 patch_match.cc:56] --- PatchMatch::Problem ---
I20260915 09:34:58.630119  4160 patch_match.cc:57] ref_image_idx: 337
I20260915 09:34:58.630137  4160 patch_match.cc:64] src_image_idxs: 338 335 339 336 340
I20260915 09:34:58.630151  4160 patch_match_options.cc:46] --- PatchMatchOptions ---
I20260915 09:34:58.630167  4160 patch_match_options.cc:47] max_image_size: 3072
I20260915 09:34:58.630178  4160 patch_match_options.cc:48] gpu_index: 0
I20260915 09:34:58.630193  4160 patch_match_options.cc:49] depth_min: 0.947249
I20260915 09:34:58.630211  4160 patch_match_options.cc:50] depth_max: 2.91817
I20260915 09:34:58.630227  4160 patch_match_options.cc:51] window_radius: 5
I20260915 09:34:58.630238  4160 patch_match_options.cc:52] window_step: 1
I20260915 09:34:58.630248  4160 patch_match_options.cc:53] sigma_spatial: 5
I20260915 09:34:58.630260  4160 patch_match_options.cc:54] sigma_color: 0.2
I20260915 09:34:58.630272  4160 patch_match_options.cc:55] num_samples: 15
I20260915 09:34:58.630283  4160 patch_match_options.cc:56] ncc_sigma: 0.6
I20260915 09:34:58.630295  4160 patch_match_options.cc:57] min_triangulation_angle: 1
I20260915 09:34:58.630310  4160 patch_match_options.cc:58] incident_angle_sigma: 0.9
I20260915 09:34:58.630322  4160 patch_match_options.cc:59] num_iterations: 5
I20260915 09:34:58.630335  4160 patch_match_options.cc:60] geom_consistency: 0
I20260915 09:34:58.630346  4160 patch_match_options.cc:61] geom_consistency_regularizer: 0.3
I20260915 09:34:58.630358  4160 patch_match_options.cc:62] geom_consistency_max_cost: 3
I20260915 09:34:58.630369  4160 patch_match_options.cc:63] filter: 0
I20260915 09:34:58.630380  4160 patch_match_options.cc:64] filter_min_ncc: 0.1
I20260915 09:34:58.630395  4160 patch_match_options.cc:65] filter_min_triangulation_angle: 3
I20260915 09:34:58.630407  4160 patch_match_options.cc:66] filter_min_num_consistent: 2
I20260915 09:34:58.630421  4160 patch_match_options.cc:67] filter_geom_consistency_max_cost: 1
I20260915 09:34:58.630435  4160 patch_match_options.cc:68] write_consistency_graph: 0
I20260915 09:34:58.630446  4160 patch_match_options.cc:69] allow_missing_files: 0
I20260915 09:34:58.630460  4160 patch_match_options.cc:70] num_threads: -1
I20260915 09:34:58.630472  4160 patch_match.cc:129] --- PatchMatch::Run ---
I20260915 09:34:58.947809  4160 cudacc.cc:52] Initialization: 0.0642s
I20260915 09:34:59.746476  4160 cudacc.cc:52]  Sweep 1: 0.7985s
I20260915 09:35:00.693838  4160 cudacc.cc:52]  Sweep 2: 0.9473s
I20260915 09:35:01.508568  4160 cudacc.cc:52]  Sweep 3: 0.8146s
I20260915 09:35:02.429740  4160 cudacc.cc:52]  Sweep 4: 0.9211s
I20260915 09:35:02.429849  4160 cudacc.cc:52] Iteration 1: 3.4820s
I20260915 09:35:03.226734  4160 cudacc.cc:52]  Sweep 1: 0.7968s
I20260915 09:35:04.132205  4160 cudacc.cc:52]  Sweep 2: 0.9053s
I20260915 09:35:04.927827  4160 cudacc.cc:52]  Sweep 3: 0.7955s
I20260915 09:35:05.797532  4160 cudacc.cc:52]  Sweep 4: 0.8696s
I20260915 09:35:05.797641  4160 cudacc.cc:52] Iteration 2: 3.3678s
I20260915 09:35:06.587843  4160 cudacc.cc:52]  Sweep 1: 0.7901s
I20260915 09:35:07.448037  4160 cudacc.cc:52]  Sweep 2: 0.8601s
I20260915 09:35:08.239912  4160 cudacc.cc:52]  Sweep 3: 0.7918s
I20260915 09:35:09.120221  4160 cudacc.cc:52]  Sweep 4: 0.8802s
I20260915 09:35:09.120335  4160 cudacc.cc:52] Iteration 3: 3.3227s
I20260915 09:35:09.957564  4160 cudacc.cc:52]  Sweep 1: 0.8371s
I20260915 09:35:10.814391  4160 cudacc.cc:52]  Sweep 2: 0.8567s
I20260915 09:35:11.605866  4160 cudacc.cc:52]  Sweep 3: 0.7914s
I20260915 09:35:12.464975  4160 cudacc.cc:52]  Sweep 4: 0.8590s
I20260915 09:35:12.465054  4160 cudacc.cc:52] Iteration 4: 3.3447s
I20260915 09:35:13.255478  4160 cudacc.cc:52]  Sweep 1: 0.7904s
I20260915 09:35:14.217492  4160 cudacc.cc:52]  Sweep 2: 0.9619s
I20260915 09:35:15.002964  4160 cudacc.cc:52]  Sweep 3: 0.7854s
I20260915 09:35:15.852642  4160 cudacc.cc:52]  Sweep 4: 0.8496s
I20260915 09:35:15.852749  4160 cudacc.cc:52] Iteration 5: 3.3877s
I20260915 09:35:15.852793  4160 cudacc.cc:52] Total: 16.9694s
I20260915 09:35:15.852817  4160 patch_match.cc:525] 
Writing photometric output for IMG20260912150518.jpg
I20260915 09:35:17.261906  4160 patch_match.cc:419] === Processing view 4 / 37 for IMG20260912150520.jpg ===
I20260915 09:35:17.262020  4160 patch_match.cc:466] Reading inputs...
I20260915 09:35:17.680278  4160 patch_match.cc:56] --- PatchMatch::Problem ---
I20260915 09:35:17.680352  4160 patch_match.cc:57] ref_image_idx: 338
I20260915 09:35:17.680363  4160 patch_match.cc:64] src_image_idxs: 339 337 335 341 340 336
I20260915 09:35:17.680370  4160 patch_match_options.cc:46] --- PatchMatchOptions ---
I20260915 09:35:17.680375  4160 patch_match_options.cc:47] max_image_size: 3072
I20260915 09:35:17.680381  4160 patch_match_options.cc:48] gpu_index: 0
I20260915 09:35:17.680386  4160 patch_match_options.cc:49] depth_min: 0.939449
I20260915 09:35:17.680396  4160 patch_match_options.cc:50] depth_max: 2.90413
I20260915 09:35:17.680402  4160 patch_match_options.cc:51] window_radius: 5
I20260915 09:35:17.680407  4160 patch_match_options.cc:52] window_step: 1
I20260915 09:35:17.680412  4160 patch_match_options.cc:53] sigma_spatial: 5
I20260915 09:35:17.680418  4160 patch_match_options.cc:54] sigma_color: 0.2
I20260915 09:35:17.680424  4160 patch_match_options.cc:55] num_samples: 15
I20260915 09:35:17.680429  4160 patch_match_options.cc:56] ncc_sigma: 0.6
I20260915 09:35:17.680434  4160 patch_match_options.cc:57] min_triangulation_angle: 1
I20260915 09:35:17.680440  4160 patch_match_options.cc:58] incident_angle_sigma: 0.9
I20260915 09:35:17.680445  4160 patch_match_options.cc:59] num_iterations: 5
I20260915 09:35:17.680450  4160 patch_match_options.cc:60] geom_consistency: 0
I20260915 09:35:17.680456  4160 patch_match_options.cc:61] geom_consistency_regularizer: 0.3
I20260915 09:35:17.680461  4160 patch_match_options.cc:62] geom_consistency_max_cost: 3
I20260915 09:35:17.680467  4160 patch_match_options.cc:63] filter: 0
I20260915 09:35:17.680472  4160 patch_match_options.cc:64] filter_min_ncc: 0.1
I20260915 09:35:17.680477  4160 patch_match_options.cc:65] filter_min_triangulation_angle: 3
I20260915 09:35:17.680482  4160 patch_match_options.cc:66] filter_min_num_consistent: 2
I20260915 09:35:17.680487  4160 patch_match_options.cc:67] filter_geom_consistency_max_cost: 1
I20260915 09:35:17.680493  4160 patch_match_options.cc:68] write_consistency_graph: 0
I20260915 09:35:17.680498  4160 patch_match_options.cc:69] allow_missing_files: 0
I20260915 09:35:17.680504  4160 patch_match_options.cc:70] num_threads: -1
I20260915 09:35:17.680509  4160 patch_match.cc:129] --- PatchMatch::Run ---
I20260915 09:35:17.826235  4160 cudacc.cc:52] Initialization: 0.0668s
I20260915 09:35:18.657131  4160 cudacc.cc:52]  Sweep 1: 0.8307s
I20260915 09:35:19.619232  4160 cudacc.cc:52]  Sweep 2: 0.9620s
I20260915 09:35:20.436537  4160 cudacc.cc:52]  Sweep 3: 0.8172s
I20260915 09:35:21.364080  4160 cudacc.cc:52]  Sweep 4: 0.9274s
I20260915 09:35:21.364200  4160 cudacc.cc:52] Iteration 1: 3.5379s
I20260915 09:35:22.184050  4160 cudacc.cc:52]  Sweep 1: 0.8198s
I20260915 09:35:23.095127  4160 cudacc.cc:52]  Sweep 2: 0.9110s
I20260915 09:35:23.911960  4160 cudacc.cc:52]  Sweep 3: 0.8167s
I20260915 09:35:24.825205  4160 cudacc.cc:52]  Sweep 4: 0.9131s
I20260915 09:35:24.825327  4160 cudacc.cc:52] Iteration 2: 3.4611s
I20260915 09:35:25.645159  4160 cudacc.cc:52]  Sweep 1: 0.8198s
I20260915 09:35:26.551533  4160 cudacc.cc:52]  Sweep 2: 0.9063s
I20260915 09:35:27.362487  4160 cudacc.cc:52]  Sweep 3: 0.8108s
I20260915 09:35:28.265424  4160 cudacc.cc:52]  Sweep 4: 0.9029s
I20260915 09:35:28.265525  4160 cudacc.cc:52] Iteration 3: 3.4402s
I20260915 09:35:29.080363  4160 cudacc.cc:52]  Sweep 1: 0.8148s
I20260915 09:35:29.973393  4160 cudacc.cc:52]  Sweep 2: 0.8929s
I20260915 09:35:30.785650  4160 cudacc.cc:52]  Sweep 3: 0.8122s
I20260915 09:35:31.683044  4160 cudacc.cc:52]  Sweep 4: 0.8973s
I20260915 09:35:31.683149  4160 cudacc.cc:52] Iteration 4: 3.4176s
I20260915 09:35:32.493951  4160 cudacc.cc:52]  Sweep 1: 0.8107s
I20260915 09:35:33.386773  4160 cudacc.cc:52]  Sweep 2: 0.8927s
I20260915 09:35:34.194586  4160 cudacc.cc:52]  Sweep 3: 0.8077s
I20260915 09:35:35.088125  4160 cudacc.cc:52]  Sweep 4: 0.8935s
I20260915 09:35:35.088267  4160 cudacc.cc:52] Iteration 5: 3.4051s
I20260915 09:35:35.088332  4160 cudacc.cc:52] Total: 17.3291s
I20260915 09:35:35.088371  4160 patch_match.cc:525] 
Writing photometric output for IMG20260912150520.jpg
I20260915 09:35:36.549698  4160 patch_match.cc:419] === Processing view 5 / 37 for IMG20260912150522.jpg ===
I20260915 09:35:36.549794  4160 patch_match.cc:466] Reading inputs...
I20260915 09:35:36.978815  4160 patch_match.cc:56] --- PatchMatch::Problem ---
I20260915 09:35:36.978874  4160 patch_match.cc:57] ref_image_idx: 339
I20260915 09:35:36.978885  4160 patch_match.cc:64] src_image_idxs: 338 337 341 340 342 336
I20260915 09:35:36.978892  4160 patch_match_options.cc:46] --- PatchMatchOptions ---
I20260915 09:35:36.978897  4160 patch_match_options.cc:47] max_image_size: 3072
I20260915 09:35:36.978902  4160 patch_match_options.cc:48] gpu_index: 0
I20260915 09:35:36.978907  4160 patch_match_options.cc:49] depth_min: 0.930014
I20260915 09:35:36.978917  4160 patch_match_options.cc:50] depth_max: 2.92455
I20260915 09:35:36.978924  4160 patch_match_options.cc:51] window_radius: 5
I20260915 09:35:36.978930  4160 patch_match_options.cc:52] window_step: 1
I20260915 09:35:36.978935  4160 patch_match_options.cc:53] sigma_spatial: 5
I20260915 09:35:36.978940  4160 patch_match_options.cc:54] sigma_color: 0.2
I20260915 09:35:36.978946  4160 patch_match_options.cc:55] num_samples: 15
I20260915 09:35:36.978955  4160 patch_match_options.cc:56] ncc_sigma: 0.6
I20260915 09:35:36.978960  4160 patch_match_options.cc:57] min_triangulation_angle: 1
I20260915 09:35:36.978969  4160 patch_match_options.cc:58] incident_angle_sigma: 0.9
I20260915 09:35:36.978977  4160 patch_match_options.cc:59] num_iterations: 5
I20260915 09:35:36.978982  4160 patch_match_options.cc:60] geom_consistency: 0
I20260915 09:35:36.978987  4160 patch_match_options.cc:61] geom_consistency_regularizer: 0.3
I20260915 09:35:36.978992  4160 patch_match_options.cc:62] geom_consistency_max_cost: 3
I20260915 09:35:36.978997  4160 patch_match_options.cc:63] filter: 0
I20260915 09:35:36.979002  4160 patch_match_options.cc:64] filter_min_ncc: 0.1
I20260915 09:35:36.979007  4160 patch_match_options.cc:65] filter_min_triangulation_angle: 3
I20260915 09:35:36.979012  4160 patch_match_options.cc:66] filter_min_num_consistent: 2
I20260915 09:35:36.979017  4160 patch_match_options.cc:67] filter_geom_consistency_max_cost: 1
I20260915 09:35:36.979022  4160 patch_match_options.cc:68] write_consistency_graph: 0
I20260915 09:35:36.979027  4160 patch_match_options.cc:69] allow_missing_files: 0
I20260915 09:35:36.979032  4160 patch_match_options.cc:70] num_threads: -1
I20260915 09:35:36.979037  4160 patch_match.cc:129] --- PatchMatch::Run ---
I20260915 09:35:37.127494  4160 cudacc.cc:52] Initialization: 0.0670s
I20260915 09:35:37.960846  4160 cudacc.cc:52]  Sweep 1: 0.8331s
I20260915 09:35:38.944870  4160 cudacc.cc:52]  Sweep 2: 0.9839s
I20260915 09:35:39.782569  4160 cudacc.cc:52]  Sweep 3: 0.8376s
I20260915 09:35:40.726417  4160 cudacc.cc:52]  Sweep 4: 0.9437s
I20260915 09:35:40.726537  4160 cudacc.cc:52] Iteration 1: 3.5989s
I20260915 09:35:41.548465  4160 cudacc.cc:52]  Sweep 1: 0.8219s
I20260915 09:35:42.466542  4160 cudacc.cc:52]  Sweep 2: 0.9180s
I20260915 09:35:43.284050  4160 cudacc.cc:52]  Sweep 3: 0.8174s
I20260915 09:35:44.192114  4160 cudacc.cc:52]  Sweep 4: 0.9080s
I20260915 09:35:44.192194  4160 cudacc.cc:52] Iteration 2: 3.4657s
I20260915 09:35:45.006965  4160 cudacc.cc:52]  Sweep 1: 0.8147s
I20260915 09:35:45.906981  4160 cudacc.cc:52]  Sweep 2: 0.8999s
I20260915 09:35:46.727920  4160 cudacc.cc:52]  Sweep 3: 0.8208s
I20260915 09:35:47.634711  4160 cudacc.cc:52]  Sweep 4: 0.9066s
I20260915 09:35:47.634839  4160 cudacc.cc:52] Iteration 3: 3.4427s
I20260915 09:35:48.449574  4160 cudacc.cc:52]  Sweep 1: 0.8146s
I20260915 09:35:49.347512  4160 cudacc.cc:52]  Sweep 2: 0.8978s
I20260915 09:35:50.168923  4160 cudacc.cc:52]  Sweep 3: 0.8213s
I20260915 09:35:51.090849  4160 cudacc.cc:52]  Sweep 4: 0.9218s
I20260915 09:35:51.090965  4160 cudacc.cc:52] Iteration 4: 3.4561s
I20260915 09:35:51.914557  4160 cudacc.cc:52]  Sweep 1: 0.8235s
I20260915 09:35:52.827142  4160 cudacc.cc:52]  Sweep 2: 0.9125s
I20260915 09:35:53.645737  4160 cudacc.cc:52]  Sweep 3: 0.8185s
I20260915 09:35:54.549222  4160 cudacc.cc:52]  Sweep 4: 0.9034s
I20260915 09:35:54.549364  4160 cudacc.cc:52] Iteration 5: 3.4584s
I20260915 09:35:54.549416  4160 cudacc.cc:52] Total: 17.4892s
I20260915 09:35:54.549445  4160 patch_match.cc:525] 
Writing photometric output for IMG20260912150522.jpg
I20260915 09:35:56.073954  4160 patch_match.cc:419] === Processing view 6 / 37 for IMG20260912150525.jpg ===
I20260915 09:35:56.074057  4160 patch_match.cc:466] Reading inputs...
I20260915 09:35:56.466144  4160 patch_match.cc:56] --- PatchMatch::Problem ---
I20260915 09:35:56.466221  4160 patch_match.cc:57] ref_image_idx: 340
I20260915 09:35:56.466231  4160 patch_match.cc:64] src_image_idxs: 339 341 338 343 337 342
I20260915 09:35:56.466238  4160 patch_match_options.cc:46] --- PatchMatchOptions ---
I20260915 09:35:56.466243  4160 patch_match_options.cc:47] max_image_size: 3072
I20260915 09:35:56.466248  4160 patch_match_options.cc:48] gpu_index: 0
I20260915 09:35:56.466252  4160 patch_match_options.cc:49] depth_min: 0.940612
I20260915 09:35:56.466262  4160 patch_match_options.cc:50] depth_max: 2.93818
I20260915 09:35:56.466268  4160 patch_match_options.cc:51] window_radius: 5
I20260915 09:35:56.466304  4160 patch_match_options.cc:52] window_step: 1
I20260915 09:35:56.466349  4160 patch_match_options.cc:53] sigma_spatial: 5
I20260915 09:35:56.466358  4160 patch_match_options.cc:54] sigma_color: 0.2
I20260915 09:35:56.466365  4160 patch_match_options.cc:55] num_samples: 15
I20260915 09:35:56.466370  4160 patch_match_options.cc:56] ncc_sigma: 0.6
I20260915 09:35:56.466375  4160 patch_match_options.cc:57] min_triangulation_angle: 1
I20260915 09:35:56.466381  4160 patch_match_options.cc:58] incident_angle_sigma: 0.9
I20260915 09:35:56.466387  4160 patch_match_options.cc:59] num_iterations: 5
I20260915 09:35:56.466392  4160 patch_match_options.cc:60] geom_consistency: 0
I20260915 09:35:56.466397  4160 patch_match_options.cc:61] geom_consistency_regularizer: 0.3
I20260915 09:35:56.466404  4160 patch_match_options.cc:62] geom_consistency_max_cost: 3
I20260915 09:35:56.466409  4160 patch_match_options.cc:63] filter: 0
I20260915 09:35:56.466414  4160 patch_match_options.cc:64] filter_min_ncc: 0.1
I20260915 09:35:56.466419  4160 patch_match_options.cc:65] filter_min_triangulation_angle: 3
I20260915 09:35:56.466424  4160 patch_match_options.cc:66] filter_min_num_consistent: 2
I20260915 09:35:56.466429  4160 patch_match_options.cc:67] filter_geom_consistency_max_cost: 1
I20260915 09:35:56.466434  4160 patch_match_options.cc:68] write_consistency_graph: 0
I20260915 09:35:56.466443  4160 patch_match_options.cc:69] allow_missing_files: 0
I20260915 09:35:56.466448  4160 patch_match_options.cc:70] num_threads: -1
I20260915 09:35:56.466454  4160 patch_match.cc:129] --- PatchMatch::Run ---
I20260915 09:35:56.778403  4160 cudacc.cc:52] Initialization: 0.0664s
I20260915 09:35:57.615001  4160 cudacc.cc:52]  Sweep 1: 0.8365s
I20260915 09:35:58.595154  4160 cudacc.cc:52]  Sweep 2: 0.9800s
I20260915 09:35:59.418774  4160 cudacc.cc:52]  Sweep 3: 0.8235s
I20260915 09:36:00.349388  4160 cudacc.cc:52]  Sweep 4: 0.9305s
I20260915 09:36:00.349485  4160 cudacc.cc:52] Iteration 1: 3.5710s
I20260915 09:36:01.169520  4160 cudacc.cc:52]  Sweep 1: 0.8200s
I20260915 09:36:02.085095  4160 cudacc.cc:52]  Sweep 2: 0.9155s
I20260915 09:36:02.908568  4160 cudacc.cc:52]  Sweep 3: 0.8234s
I20260915 09:36:03.818775  4160 cudacc.cc:52]  Sweep 4: 0.9101s
I20260915 09:36:03.818856  4160 cudacc.cc:52] Iteration 2: 3.4694s
I20260915 09:36:04.634302  4160 cudacc.cc:52]  Sweep 1: 0.8154s
I20260915 09:36:05.546460  4160 cudacc.cc:52]  Sweep 2: 0.9121s
I20260915 09:36:06.358576  4160 cudacc.cc:52]  Sweep 3: 0.8120s
I20260915 09:36:07.258603  4160 cudacc.cc:52]  Sweep 4: 0.8999s
I20260915 09:36:07.258706  4160 cudacc.cc:52] Iteration 3: 3.4398s
I20260915 09:36:08.072619  4160 cudacc.cc:52]  Sweep 1: 0.8139s
I20260915 09:36:08.979494  4160 cudacc.cc:52]  Sweep 2: 0.9068s
I20260915 09:36:09.792694  4160 cudacc.cc:52]  Sweep 3: 0.8131s
I20260915 09:36:10.698489  4160 cudacc.cc:52]  Sweep 4: 0.9057s
I20260915 09:36:10.698597  4160 cudacc.cc:52] Iteration 4: 3.4399s
I20260915 09:36:11.512042  4160 cudacc.cc:52]  Sweep 1: 0.8133s
I20260915 09:36:12.407355  4160 cudacc.cc:52]  Sweep 2: 0.8952s
I20260915 09:36:13.217208  4160 cudacc.cc:52]  Sweep 3: 0.8098s
I20260915 09:36:14.128919  4160 cudacc.cc:52]  Sweep 4: 0.9116s
I20260915 09:36:14.128999  4160 cudacc.cc:52] Iteration 5: 3.4304s
I20260915 09:36:14.129021  4160 cudacc.cc:52] Total: 17.4172s
I20260915 09:36:14.129035  4160 patch_match.cc:525] 
Writing photometric output for IMG20260912150525.jpg
I20260915 09:36:15.103425  4160 patch_match.cc:419] === Processing view 7 / 37 for IMG20260912150527.jpg ===
I20260915 09:36:15.103537  4160 patch_match.cc:466] Reading inputs...
I20260915 09:36:15.394089  4160 patch_match.cc:56] --- PatchMatch::Problem ---
I20260915 09:36:15.394160  4160 patch_match.cc:57] ref_image_idx: 341
I20260915 09:36:15.394177  4160 patch_match.cc:64] src_image_idxs: 343 339 338 340 342 344
I20260915 09:36:15.394187  4160 patch_match_options.cc:46] --- PatchMatchOptions ---
I20260915 09:36:15.394195  4160 patch_match_options.cc:47] max_image_size: 3072
I20260915 09:36:15.394203  4160 patch_match_options.cc:48] gpu_index: 0
I20260915 09:36:15.394210  4160 patch_match_options.cc:49] depth_min: 0.938463
I20260915 09:36:15.394226  4160 patch_match_options.cc:50] depth_max: 2.94352
I20260915 09:36:15.394235  4160 patch_match_options.cc:51] window_radius: 5
I20260915 09:36:15.394243  4160 patch_match_options.cc:52] window_step: 1
I20260915 09:36:15.394250  4160 patch_match_options.cc:53] sigma_spatial: 5
I20260915 09:36:15.394259  4160 patch_match_options.cc:54] sigma_color: 0.2
I20260915 09:36:15.394268  4160 patch_match_options.cc:55] num_samples: 15
I20260915 09:36:15.394275  4160 patch_match_options.cc:56] ncc_sigma: 0.6
I20260915 09:36:15.394283  4160 patch_match_options.cc:57] min_triangulation_angle: 1
I20260915 09:36:15.394292  4160 patch_match_options.cc:58] incident_angle_sigma: 0.9
I20260915 09:36:15.394300  4160 patch_match_options.cc:59] num_iterations: 5
I20260915 09:36:15.394308  4160 patch_match_options.cc:60] geom_consistency: 0
I20260915 09:36:15.394317  4160 patch_match_options.cc:61] geom_consistency_regularizer: 0.3
I20260915 09:36:15.394326  4160 patch_match_options.cc:62] geom_consistency_max_cost: 3
I20260915 09:36:15.394333  4160 patch_match_options.cc:63] filter: 0
I20260915 09:36:15.394341  4160 patch_match_options.cc:64] filter_min_ncc: 0.1
I20260915 09:36:15.394349  4160 patch_match_options.cc:65] filter_min_triangulation_angle: 3
I20260915 09:36:15.394357  4160 patch_match_options.cc:66] filter_min_num_consistent: 2
I20260915 09:36:15.394366  4160 patch_match_options.cc:67] filter_geom_consistency_max_cost: 1
I20260915 09:36:15.394374  4160 patch_match_options.cc:68] write_consistency_graph: 0
I20260915 09:36:15.394383  4160 patch_match_options.cc:69] allow_missing_files: 0
I20260915 09:36:15.394391  4160 patch_match_options.cc:70] num_threads: -1
I20260915 09:36:15.394400  4160 patch_match.cc:129] --- PatchMatch::Run ---
I20260915 09:36:15.535045  4160 cudacc.cc:52] Initialization: 0.0668s
I20260915 09:36:16.365829  4160 cudacc.cc:52]  Sweep 1: 0.8307s
I20260915 09:36:17.318699  4160 cudacc.cc:52]  Sweep 2: 0.9528s
I20260915 09:36:18.138709  4160 cudacc.cc:52]  Sweep 3: 0.8199s
I20260915 09:36:19.078610  4160 cudacc.cc:52]  Sweep 4: 0.9398s
I20260915 09:36:19.078746  4160 cudacc.cc:52] Iteration 1: 3.5436s
I20260915 09:36:19.914005  4160 cudacc.cc:52]  Sweep 1: 0.8352s
I20260915 09:36:20.847219  4160 cudacc.cc:52]  Sweep 2: 0.9331s
I20260915 09:36:21.666056  4160 cudacc.cc:52]  Sweep 3: 0.8187s
I20260915 09:36:22.590825  4160 cudacc.cc:52]  Sweep 4: 0.9247s
I20260915 09:36:22.590938  4160 cudacc.cc:52] Iteration 2: 3.5122s
I20260915 09:36:23.415761  4160 cudacc.cc:52]  Sweep 1: 0.8248s
I20260915 09:36:24.373539  4160 cudacc.cc:52]  Sweep 2: 0.9576s
I20260915 09:36:25.205059  4160 cudacc.cc:52]  Sweep 3: 0.8314s
I20260915 09:36:26.149053  4160 cudacc.cc:52]  Sweep 4: 0.9438s
I20260915 09:36:26.149181  4160 cudacc.cc:52] Iteration 3: 3.5582s
I20260915 09:36:26.978948  4160 cudacc.cc:52]  Sweep 1: 0.8297s
I20260915 09:36:27.934213  4160 cudacc.cc:52]  Sweep 2: 0.9551s
I20260915 09:36:28.750654  4160 cudacc.cc:52]  Sweep 3: 0.8163s
I20260915 09:36:29.655943  4160 cudacc.cc:52]  Sweep 4: 0.9052s
I20260915 09:36:29.656059  4160 cudacc.cc:52] Iteration 4: 3.5068s
I20260915 09:36:30.470283  4160 cudacc.cc:52]  Sweep 1: 0.8142s
I20260915 09:36:31.373236  4160 cudacc.cc:52]  Sweep 2: 0.9028s
I20260915 09:36:32.190297  4160 cudacc.cc:52]  Sweep 3: 0.8169s
I20260915 09:36:33.107388  4160 cudacc.cc:52]  Sweep 4: 0.9170s
I20260915 09:36:33.107477  4160 cudacc.cc:52] Iteration 5: 3.4514s
I20260915 09:36:33.107499  4160 cudacc.cc:52] Total: 17.6394s
I20260915 09:36:33.107511  4160 patch_match.cc:525] 
Writing photometric output for IMG20260912150527.jpg
I20260915 09:36:34.492576  4160 patch_match.cc:419] === Processing view 8 / 37 for IMG20260912150529.jpg ===
I20260915 09:36:34.492671  4160 patch_match.cc:466] Reading inputs...
I20260915 09:36:34.921902  4160 patch_match.cc:56] --- PatchMatch::Problem ---
I20260915 09:36:34.921973  4160 patch_match.cc:57] ref_image_idx: 342
I20260915 09:36:34.921984  4160 patch_match.cc:64] src_image_idxs: 343 341 345 339 344 340
I20260915 09:36:34.921991  4160 patch_match_options.cc:46] --- PatchMatchOptions ---
I20260915 09:36:34.921996  4160 patch_match_options.cc:47] max_image_size: 3072
I20260915 09:36:34.922001  4160 patch_match_options.cc:48] gpu_index: 0
I20260915 09:36:34.922009  4160 patch_match_options.cc:49] depth_min: 0.942213
I20260915 09:36:34.922020  4160 patch_match_options.cc:50] depth_max: 2.95711
I20260915 09:36:34.922026  4160 patch_match_options.cc:51] window_radius: 5
I20260915 09:36:34.922032  4160 patch_match_options.cc:52] window_step: 1
I20260915 09:36:34.922037  4160 patch_match_options.cc:53] sigma_spatial: 5
I20260915 09:36:34.922045  4160 patch_match_options.cc:54] sigma_color: 0.2
I20260915 09:36:34.922052  4160 patch_match_options.cc:55] num_samples: 15
I20260915 09:36:34.922057  4160 patch_match_options.cc:56] ncc_sigma: 0.6
I20260915 09:36:34.922063  4160 patch_match_options.cc:57] min_triangulation_angle: 1
I20260915 09:36:34.922071  4160 patch_match_options.cc:58] incident_angle_sigma: 0.9
I20260915 09:36:34.922077  4160 patch_match_options.cc:59] num_iterations: 5
I20260915 09:36:34.922082  4160 patch_match_options.cc:60] geom_consistency: 0
I20260915 09:36:34.922090  4160 patch_match_options.cc:61] geom_consistency_regularizer: 0.3
I20260915 09:36:34.922097  4160 patch_match_options.cc:62] geom_consistency_max_cost: 3
I20260915 09:36:34.922102  4160 patch_match_options.cc:63] filter: 0
I20260915 09:36:34.922107  4160 patch_match_options.cc:64] filter_min_ncc: 0.1
I20260915 09:36:34.922112  4160 patch_match_options.cc:65] filter_min_triangulation_angle: 3
I20260915 09:36:34.922117  4160 patch_match_options.cc:66] filter_min_num_consistent: 2
I20260915 09:36:34.922122  4160 patch_match_options.cc:67] filter_geom_consistency_max_cost: 1
I20260915 09:36:34.922127  4160 patch_match_options.cc:68] write_consistency_graph: 0
I20260915 09:36:34.922132  4160 patch_match_options.cc:69] allow_missing_files: 0
I20260915 09:36:34.922136  4160 patch_match_options.cc:70] num_threads: -1
I20260915 09:36:34.922142  4160 patch_match.cc:129] --- PatchMatch::Run ---
I20260915 09:36:35.189814  4160 cudacc.cc:52] Initialization: 0.0662s
I20260915 09:36:36.015379  4160 cudacc.cc:52]  Sweep 1: 0.8254s
I20260915 09:36:36.974765  4160 cudacc.cc:52]  Sweep 2: 0.9593s
I20260915 09:36:37.795372  4160 cudacc.cc:52]  Sweep 3: 0.8204s
I20260915 09:36:38.738465  4160 cudacc.cc:52]  Sweep 4: 0.9430s
I20260915 09:36:38.738595  4160 cudacc.cc:52] Iteration 1: 3.5487s
I20260915 09:36:39.558747  4160 cudacc.cc:52]  Sweep 1: 0.8201s
I20260915 09:36:40.485914  4160 cudacc.cc:52]  Sweep 2: 0.9271s
I20260915 09:36:41.302843  4160 cudacc.cc:52]  Sweep 3: 0.8168s
I20260915 09:36:42.256305  4160 cudacc.cc:52]  Sweep 4: 0.9533s
I20260915 09:36:42.256517  4160 cudacc.cc:52] Iteration 2: 3.5179s
I20260915 09:36:43.097763  4160 cudacc.cc:52]  Sweep 1: 0.8412s
I20260915 09:36:44.045998  4160 cudacc.cc:52]  Sweep 2: 0.9481s
I20260915 09:36:44.863273  4160 cudacc.cc:52]  Sweep 3: 0.8172s
I20260915 09:36:45.809739  4160 cudacc.cc:52]  Sweep 4: 0.9464s
I20260915 09:36:45.809853  4160 cudacc.cc:52] Iteration 3: 3.5533s
I20260915 09:36:46.631158  4160 cudacc.cc:52]  Sweep 1: 0.8212s
I20260915 09:36:47.544631  4160 cudacc.cc:52]  Sweep 2: 0.9133s
I20260915 09:36:48.366349  4160 cudacc.cc:52]  Sweep 3: 0.8216s
I20260915 09:36:49.269599  4160 cudacc.cc:52]  Sweep 4: 0.9031s
I20260915 09:36:49.269721  4160 cudacc.cc:52] Iteration 4: 3.4598s
I20260915 09:36:50.084120  4160 cudacc.cc:52]  Sweep 1: 0.8143s
I20260915 09:36:50.982564  4160 cudacc.cc:52]  Sweep 2: 0.8983s
I20260915 09:36:51.792593  4160 cudacc.cc:52]  Sweep 3: 0.8099s
I20260915 09:36:52.694387  4160 cudacc.cc:52]  Sweep 4: 0.9017s
I20260915 09:36:52.694487  4160 cudacc.cc:52] Iteration 5: 3.4247s
I20260915 09:36:52.694523  4160 cudacc.cc:52] Total: 17.5712s
I20260915 09:36:52.694544  4160 patch_match.cc:525] 
Writing photometric output for IMG20260912150529.jpg
I20260915 09:36:54.031312  4160 patch_match.cc:419] === Processing view 9 / 37 for IMG20260912150531.jpg ===
I20260915 09:36:54.031452  4160 patch_match.cc:466] Reading inputs...
I20260915 09:36:54.449365  4160 patch_match.cc:56] --- PatchMatch::Problem ---
I20260915 09:36:54.449463  4160 patch_match.cc:57] ref_image_idx: 343
I20260915 09:36:54.449484  4160 patch_match.cc:64] src_image_idxs: 345 341 346 342 344
I20260915 09:36:54.449512  4160 patch_match_options.cc:46] --- PatchMatchOptions ---
I20260915 09:36:54.449524  4160 patch_match_options.cc:47] max_image_size: 3072
I20260915 09:36:54.449538  4160 patch_match_options.cc:48] gpu_index: 0
I20260915 09:36:54.449550  4160 patch_match_options.cc:49] depth_min: 0.947429
I20260915 09:36:54.449574  4160 patch_match_options.cc:50] depth_max: 2.96424
I20260915 09:36:54.449588  4160 patch_match_options.cc:51] window_radius: 5
I20260915 09:36:54.449610  4160 patch_match_options.cc:52] window_step: 1
I20260915 09:36:54.449622  4160 patch_match_options.cc:53] sigma_spatial: 5
I20260915 09:36:54.449635  4160 patch_match_options.cc:54] sigma_color: 0.2
I20260915 09:36:54.449648  4160 patch_match_options.cc:55] num_samples: 15
I20260915 09:36:54.449660  4160 patch_match_options.cc:56] ncc_sigma: 0.6
I20260915 09:36:54.449674  4160 patch_match_options.cc:57] min_triangulation_angle: 1
I20260915 09:36:54.449687  4160 patch_match_options.cc:58] incident_angle_sigma: 0.9
I20260915 09:36:54.449700  4160 patch_match_options.cc:59] num_iterations: 5
I20260915 09:36:54.449712  4160 patch_match_options.cc:60] geom_consistency: 0
I20260915 09:36:54.449725  4160 patch_match_options.cc:61] geom_consistency_regularizer: 0.3
I20260915 09:36:54.449738  4160 patch_match_options.cc:62] geom_consistency_max_cost: 3
I20260915 09:36:54.449755  4160 patch_match_options.cc:63] filter: 0
I20260915 09:36:54.449768  4160 patch_match_options.cc:64] filter_min_ncc: 0.1
I20260915 09:36:54.449781  4160 patch_match_options.cc:65] filter_min_triangulation_angle: 3
I20260915 09:36:54.449797  4160 patch_match_options.cc:66] filter_min_num_consistent: 2
I20260915 09:36:54.449810  4160 patch_match_options.cc:67] filter_geom_consistency_max_cost: 1
I20260915 09:36:54.449826  4160 patch_match_options.cc:68] write_consistency_graph: 0
I20260915 09:36:54.449839  4160 patch_match_options.cc:69] allow_missing_files: 0
I20260915 09:36:54.449851  4160 patch_match_options.cc:70] num_threads: -1
I20260915 09:36:54.449868  4160 patch_match.cc:129] --- PatchMatch::Run ---
I20260915 09:36:54.578434  4160 cudacc.cc:52] Initialization: 0.0565s
I20260915 09:36:55.383475  4160 cudacc.cc:52]  Sweep 1: 0.8049s
I20260915 09:36:56.313709  4160 cudacc.cc:52]  Sweep 2: 0.9301s
I20260915 09:36:57.106114  4160 cudacc.cc:52]  Sweep 3: 0.7923s
I20260915 09:36:57.979486  4160 cudacc.cc:52]  Sweep 4: 0.8733s
I20260915 09:36:57.979554  4160 cudacc.cc:52] Iteration 1: 3.4011s
I20260915 09:36:58.775174  4160 cudacc.cc:52]  Sweep 1: 0.7956s
I20260915 09:36:59.641884  4160 cudacc.cc:52]  Sweep 2: 0.8666s
I20260915 09:37:00.437020  4160 cudacc.cc:52]  Sweep 3: 0.7950s
I20260915 09:37:01.318966  4160 cudacc.cc:52]  Sweep 4: 0.8818s
I20260915 09:37:01.319093  4160 cudacc.cc:52] Iteration 2: 3.3396s
I20260915 09:37:02.113447  4160 cudacc.cc:52]  Sweep 1: 0.7943s
I20260915 09:37:02.963348  4160 cudacc.cc:52]  Sweep 2: 0.8498s
I20260915 09:37:03.749925  4160 cudacc.cc:52]  Sweep 3: 0.7865s
I20260915 09:37:04.711136  4160 cudacc.cc:52]  Sweep 4: 0.9611s
I20260915 09:37:04.711246  4160 cudacc.cc:52] Iteration 3: 3.3921s
I20260915 09:37:05.527072  4160 cudacc.cc:52]  Sweep 1: 0.8158s
I20260915 09:37:06.373624  4160 cudacc.cc:52]  Sweep 2: 0.8464s
I20260915 09:37:07.163516  4160 cudacc.cc:52]  Sweep 3: 0.7898s
I20260915 09:37:08.020265  4160 cudacc.cc:52]  Sweep 4: 0.8567s
I20260915 09:37:08.020344  4160 cudacc.cc:52] Iteration 4: 3.3091s
I20260915 09:37:08.806911  4160 cudacc.cc:52]  Sweep 1: 0.7865s
I20260915 09:37:09.644143  4160 cudacc.cc:52]  Sweep 2: 0.8372s
I20260915 09:37:10.435738  4160 cudacc.cc:52]  Sweep 3: 0.7915s
I20260915 09:37:11.288130  4160 cudacc.cc:52]  Sweep 4: 0.8523s
I20260915 09:37:11.288213  4160 cudacc.cc:52] Iteration 5: 3.2679s
I20260915 09:37:11.288235  4160 cudacc.cc:52] Total: 16.7665s
I20260915 09:37:11.288247  4160 patch_match.cc:525] 
Writing photometric output for IMG20260912150531.jpg
I20260915 09:37:12.711245  4160 patch_match.cc:419] === Processing view 10 / 37 for IMG20260912150533.jpg ===
I20260915 09:37:12.711364  4160 patch_match.cc:466] Reading inputs...
I20260915 09:37:13.149448  4160 patch_match.cc:56] --- PatchMatch::Problem ---
I20260915 09:37:13.149502  4160 patch_match.cc:57] ref_image_idx: 344
I20260915 09:37:13.149511  4160 patch_match.cc:64] src_image_idxs: 345 343 346 341 347 342
I20260915 09:37:13.149518  4160 patch_match_options.cc:46] --- PatchMatchOptions ---
I20260915 09:37:13.149523  4160 patch_match_options.cc:47] max_image_size: 3072
I20260915 09:37:13.149528  4160 patch_match_options.cc:48] gpu_index: 0
I20260915 09:37:13.149533  4160 patch_match_options.cc:49] depth_min: 0.957233
I20260915 09:37:13.149543  4160 patch_match_options.cc:50] depth_max: 2.96667
I20260915 09:37:13.149549  4160 patch_match_options.cc:51] window_radius: 5
I20260915 09:37:13.149553  4160 patch_match_options.cc:52] window_step: 1
I20260915 09:37:13.149558  4160 patch_match_options.cc:53] sigma_spatial: 5
I20260915 09:37:13.149564  4160 patch_match_options.cc:54] sigma_color: 0.2
I20260915 09:37:13.149569  4160 patch_match_options.cc:55] num_samples: 15
I20260915 09:37:13.149574  4160 patch_match_options.cc:56] ncc_sigma: 0.6
I20260915 09:37:13.149579  4160 patch_match_options.cc:57] min_triangulation_angle: 1
I20260915 09:37:13.149584  4160 patch_match_options.cc:58] incident_angle_sigma: 0.9
I20260915 09:37:13.149589  4160 patch_match_options.cc:59] num_iterations: 5
I20260915 09:37:13.149594  4160 patch_match_options.cc:60] geom_consistency: 0
I20260915 09:37:13.149599  4160 patch_match_options.cc:61] geom_consistency_regularizer: 0.3
I20260915 09:37:13.149604  4160 patch_match_options.cc:62] geom_consistency_max_cost: 3
I20260915 09:37:13.149609  4160 patch_match_options.cc:63] filter: 0
I20260915 09:37:13.149614  4160 patch_match_options.cc:64] filter_min_ncc: 0.1
I20260915 09:37:13.149619  4160 patch_match_options.cc:65] filter_min_triangulation_angle: 3
I20260915 09:37:13.149624  4160 patch_match_options.cc:66] filter_min_num_consistent: 2
I20260915 09:37:13.149629  4160 patch_match_options.cc:67] filter_geom_consistency_max_cost: 1
I20260915 09:37:13.149634  4160 patch_match_options.cc:68] write_consistency_graph: 0
I20260915 09:37:13.149639  4160 patch_match_options.cc:69] allow_missing_files: 0
I20260915 09:37:13.149644  4160 patch_match_options.cc:70] num_threads: -1
I20260915 09:37:13.149669  4160 patch_match.cc:129] --- PatchMatch::Run ---
I20260915 09:37:13.396940  4160 cudacc.cc:52] Initialization: 0.0666s
I20260915 09:37:14.224174  4160 cudacc.cc:52]  Sweep 1: 0.8270s
I20260915 09:37:15.172031  4160 cudacc.cc:52]  Sweep 2: 0.9478s
I20260915 09:37:15.994855  4160 cudacc.cc:52]  Sweep 3: 0.8227s
I20260915 09:37:16.936544  4160 cudacc.cc:52]  Sweep 4: 0.9416s
I20260915 09:37:16.936669  4160 cudacc.cc:52] Iteration 1: 3.5395s
I20260915 09:37:17.761026  4160 cudacc.cc:52]  Sweep 1: 0.8243s
I20260915 09:37:18.682129  4160 cudacc.cc:52]  Sweep 2: 0.9210s
I20260915 09:37:19.498294  4160 cudacc.cc:52]  Sweep 3: 0.8160s
I20260915 09:37:20.419422  4160 cudacc.cc:52]  Sweep 4: 0.9210s
I20260915 09:37:20.419521  4160 cudacc.cc:52] Iteration 2: 3.4828s
I20260915 09:37:21.236358  4160 cudacc.cc:52]  Sweep 1: 0.8168s
I20260915 09:37:22.140745  4160 cudacc.cc:52]  Sweep 2: 0.9043s
I20260915 09:37:22.962850  4160 cudacc.cc:52]  Sweep 3: 0.8220s
I20260915 09:37:23.874648  4160 cudacc.cc:52]  Sweep 4: 0.9117s
I20260915 09:37:23.874789  4160 cudacc.cc:52] Iteration 3: 3.4553s
I20260915 09:37:24.722611  4160 cudacc.cc:52]  Sweep 1: 0.8477s
I20260915 09:37:25.617128  4160 cudacc.cc:52]  Sweep 2: 0.8944s
I20260915 09:37:26.424857  4160 cudacc.cc:52]  Sweep 3: 0.8076s
I20260915 09:37:27.327740  4160 cudacc.cc:52]  Sweep 4: 0.9028s
I20260915 09:37:27.327840  4160 cudacc.cc:52] Iteration 4: 3.4530s
I20260915 09:37:28.139767  4160 cudacc.cc:52]  Sweep 1: 0.8119s
I20260915 09:37:29.030432  4160 cudacc.cc:52]  Sweep 2: 0.8906s
I20260915 09:37:29.840111  4160 cudacc.cc:52]  Sweep 3: 0.8095s
I20260915 09:37:30.738705  4160 cudacc.cc:52]  Sweep 4: 0.8985s
I20260915 09:37:30.738789  4160 cudacc.cc:52] Iteration 5: 3.4110s
I20260915 09:37:30.738811  4160 cudacc.cc:52] Total: 17.4087s
I20260915 09:37:30.738821  4160 patch_match.cc:525] 
Writing photometric output for IMG20260912150533.jpg
I20260915 09:37:32.165117  4160 patch_match.cc:419] === Processing view 11 / 37 for IMG20260912150535.jpg ===
I20260915 09:37:32.165227  4160 patch_match.cc:466] Reading inputs...
I20260915 09:37:32.572963  4160 patch_match.cc:56] --- PatchMatch::Problem ---
I20260915 09:37:32.573075  4160 patch_match.cc:57] ref_image_idx: 345
I20260915 09:37:32.573103  4160 patch_match.cc:64] src_image_idxs: 346 343 347 348 344 342
I20260915 09:37:32.573120  4160 patch_match_options.cc:46] --- PatchMatchOptions ---
I20260915 09:37:32.573245  4160 patch_match_options.cc:47] max_image_size: 3072
I20260915 09:37:32.573258  4160 patch_match_options.cc:48] gpu_index: 0
I20260915 09:37:32.573269  4160 patch_match_options.cc:49] depth_min: 0.963105
I20260915 09:37:32.573292  4160 patch_match_options.cc:50] depth_max: 2.97152
I20260915 09:37:32.573306  4160 patch_match_options.cc:51] window_radius: 5
I20260915 09:37:32.573318  4160 patch_match_options.cc:52] window_step: 1
I20260915 09:37:32.573329  4160 patch_match_options.cc:53] sigma_spatial: 5
I20260915 09:37:32.573341  4160 patch_match_options.cc:54] sigma_color: 0.2
I20260915 09:37:32.573354  4160 patch_match_options.cc:55] num_samples: 15
I20260915 09:37:32.573364  4160 patch_match_options.cc:56] ncc_sigma: 0.6
I20260915 09:37:32.573376  4160 patch_match_options.cc:57] min_triangulation_angle: 1
I20260915 09:37:32.573394  4160 patch_match_options.cc:58] incident_angle_sigma: 0.9
I20260915 09:37:32.573407  4160 patch_match_options.cc:59] num_iterations: 5
I20260915 09:37:32.573418  4160 patch_match_options.cc:60] geom_consistency: 0
I20260915 09:37:32.573430  4160 patch_match_options.cc:61] geom_consistency_regularizer: 0.3
I20260915 09:37:32.573442  4160 patch_match_options.cc:62] geom_consistency_max_cost: 3
I20260915 09:37:32.573458  4160 patch_match_options.cc:63] filter: 0
I20260915 09:37:32.573470  4160 patch_match_options.cc:64] filter_min_ncc: 0.1
I20260915 09:37:32.573482  4160 patch_match_options.cc:65] filter_min_triangulation_angle: 3
I20260915 09:37:32.573494  4160 patch_match_options.cc:66] filter_min_num_consistent: 2
I20260915 09:37:32.573505  4160 patch_match_options.cc:67] filter_geom_consistency_max_cost: 1
I20260915 09:37:32.573520  4160 patch_match_options.cc:68] write_consistency_graph: 0
I20260915 09:37:32.573532  4160 patch_match_options.cc:69] allow_missing_files: 0
I20260915 09:37:32.573543  4160 patch_match_options.cc:70] num_threads: -1
I20260915 09:37:32.573555  4160 patch_match.cc:129] --- PatchMatch::Run ---
I20260915 09:37:32.723621  4160 cudacc.cc:52] Initialization: 0.0668s
I20260915 09:37:33.579309  4160 cudacc.cc:52]  Sweep 1: 0.8556s
I20260915 09:37:34.548369  4160 cudacc.cc:52]  Sweep 2: 0.9690s
I20260915 09:37:35.367570  4160 cudacc.cc:52]  Sweep 3: 0.8191s
I20260915 09:37:36.300342  4160 cudacc.cc:52]  Sweep 4: 0.9327s
I20260915 09:37:36.300428  4160 cudacc.cc:52] Iteration 1: 3.5767s
I20260915 09:37:37.118123  4160 cudacc.cc:52]  Sweep 1: 0.8177s
I20260915 09:37:38.034897  4160 cudacc.cc:52]  Sweep 2: 0.9167s
I20260915 09:37:38.851996  4160 cudacc.cc:52]  Sweep 3: 0.8170s
I20260915 09:37:39.812648  4160 cudacc.cc:52]  Sweep 4: 0.9605s
I20260915 09:37:39.812771  4160 cudacc.cc:52] Iteration 2: 3.5124s
I20260915 09:37:40.637614  4160 cudacc.cc:52]  Sweep 1: 0.8248s
I20260915 09:37:41.582116  4160 cudacc.cc:52]  Sweep 2: 0.9444s
I20260915 09:37:42.401307  4160 cudacc.cc:52]  Sweep 3: 0.8191s
I20260915 09:37:43.310417  4160 cudacc.cc:52]  Sweep 4: 0.9089s
I20260915 09:37:43.310504  4160 cudacc.cc:52] Iteration 3: 3.4977s
I20260915 09:37:44.126125  4160 cudacc.cc:52]  Sweep 1: 0.8156s
I20260915 09:37:45.024070  4160 cudacc.cc:52]  Sweep 2: 0.8978s
I20260915 09:37:45.831569  4160 cudacc.cc:52]  Sweep 3: 0.8074s
I20260915 09:37:46.734595  4160 cudacc.cc:52]  Sweep 4: 0.9030s
I20260915 09:37:46.734673  4160 cudacc.cc:52] Iteration 4: 3.4242s
I20260915 09:37:47.547089  4160 cudacc.cc:52]  Sweep 1: 0.8124s
I20260915 09:37:48.440754  4160 cudacc.cc:52]  Sweep 2: 0.8936s
I20260915 09:37:49.249155  4160 cudacc.cc:52]  Sweep 3: 0.8083s
I20260915 09:37:50.143469  4160 cudacc.cc:52]  Sweep 4: 0.8942s
I20260915 09:37:50.143570  4160 cudacc.cc:52] Iteration 5: 3.4089s
I20260915 09:37:50.143609  4160 cudacc.cc:52] Total: 17.4870s
I20260915 09:37:50.143630  4160 patch_match.cc:525] 
Writing photometric output for IMG20260912150535.jpg
I20260915 09:37:51.567011  4160 patch_match.cc:419] === Processing view 12 / 37 for IMG20260912150537.jpg ===
I20260915 09:37:51.567146  4160 patch_match.cc:466] Reading inputs...
I20260915 09:37:52.084983  4160 patch_match.cc:56] --- PatchMatch::Problem ---
I20260915 09:37:52.085059  4160 patch_match.cc:57] ref_image_idx: 346
I20260915 09:37:52.085081  4160 patch_match.cc:64] src_image_idxs: 345 347 348 343 344 349
I20260915 09:37:52.085096  4160 patch_match_options.cc:46] --- PatchMatchOptions ---
I20260915 09:37:52.085109  4160 patch_match_options.cc:47] max_image_size: 3072
I20260915 09:37:52.085121  4160 patch_match_options.cc:48] gpu_index: 0
I20260915 09:37:52.085133  4160 patch_match_options.cc:49] depth_min: 0.983243
I20260915 09:37:52.085152  4160 patch_match_options.cc:50] depth_max: 2.98892
I20260915 09:37:52.085166  4160 patch_match_options.cc:51] window_radius: 5
I20260915 09:37:52.085178  4160 patch_match_options.cc:52] window_step: 1
I20260915 09:37:52.085190  4160 patch_match_options.cc:53] sigma_spatial: 5
I20260915 09:37:52.085203  4160 patch_match_options.cc:54] sigma_color: 0.2
I20260915 09:37:52.085216  4160 patch_match_options.cc:55] num_samples: 15
I20260915 09:37:52.085228  4160 patch_match_options.cc:56] ncc_sigma: 0.6
I20260915 09:37:52.085242  4160 patch_match_options.cc:57] min_triangulation_angle: 1
I20260915 09:37:52.085258  4160 patch_match_options.cc:58] incident_angle_sigma: 0.9
I20260915 09:37:52.085273  4160 patch_match_options.cc:59] num_iterations: 5
I20260915 09:37:52.085285  4160 patch_match_options.cc:60] geom_consistency: 0
I20260915 09:37:52.085297  4160 patch_match_options.cc:61] geom_consistency_regularizer: 0.3
I20260915 09:37:52.085312  4160 patch_match_options.cc:62] geom_consistency_max_cost: 3
I20260915 09:37:52.085326  4160 patch_match_options.cc:63] filter: 0
I20260915 09:37:52.085338  4160 patch_match_options.cc:64] filter_min_ncc: 0.1
I20260915 09:37:52.085352  4160 patch_match_options.cc:65] filter_min_triangulation_angle: 3
I20260915 09:37:52.085365  4160 patch_match_options.cc:66] filter_min_num_consistent: 2
I20260915 09:37:52.085377  4160 patch_match_options.cc:67] filter_geom_consistency_max_cost: 1
I20260915 09:37:52.085429  4160 patch_match_options.cc:68] write_consistency_graph: 0
I20260915 09:37:52.085442  4160 patch_match_options.cc:69] allow_missing_files: 0
I20260915 09:37:52.085453  4160 patch_match_options.cc:70] num_threads: -1
I20260915 09:37:52.085467  4160 patch_match.cc:129] --- PatchMatch::Run ---
I20260915 09:37:52.368404  4160 cudacc.cc:52] Initialization: 0.0670s
I20260915 09:37:53.208626  4160 cudacc.cc:52]  Sweep 1: 0.8401s
I20260915 09:37:54.141161  4160 cudacc.cc:52]  Sweep 2: 0.9324s
I20260915 09:37:54.966240  4160 cudacc.cc:52]  Sweep 3: 0.8250s
I20260915 09:37:55.890743  4160 cudacc.cc:52]  Sweep 4: 0.9244s
I20260915 09:37:55.890842  4160 cudacc.cc:52] Iteration 1: 3.5223s
I20260915 09:37:56.710238  4160 cudacc.cc:52]  Sweep 1: 0.8193s
I20260915 09:37:57.626689  4160 cudacc.cc:52]  Sweep 2: 0.9164s
I20260915 09:37:58.443284  4160 cudacc.cc:52]  Sweep 3: 0.8165s
I20260915 09:37:59.359308  4160 cudacc.cc:52]  Sweep 4: 0.9159s
I20260915 09:37:59.359393  4160 cudacc.cc:52] Iteration 2: 3.4686s
I20260915 09:38:00.177620  4160 cudacc.cc:52]  Sweep 1: 0.8182s
I20260915 09:38:01.087182  4160 cudacc.cc:52]  Sweep 2: 0.9094s
I20260915 09:38:01.902560  4160 cudacc.cc:52]  Sweep 3: 0.8153s
I20260915 09:38:02.810619  4160 cudacc.cc:52]  Sweep 4: 0.9080s
I20260915 09:38:02.810723  4160 cudacc.cc:52] Iteration 3: 3.4513s
I20260915 09:38:03.630453  4160 cudacc.cc:52]  Sweep 1: 0.8197s
I20260915 09:38:04.524487  4160 cudacc.cc:52]  Sweep 2: 0.8939s
I20260915 09:38:05.339482  4160 cudacc.cc:52]  Sweep 3: 0.8149s
I20260915 09:38:06.243046  4160 cudacc.cc:52]  Sweep 4: 0.9034s
I20260915 09:38:06.243153  4160 cudacc.cc:52] Iteration 4: 3.4324s
I20260915 09:38:07.061403  4160 cudacc.cc:52]  Sweep 1: 0.8182s
I20260915 09:38:07.958480  4160 cudacc.cc:52]  Sweep 2: 0.8970s
I20260915 09:38:08.770576  4160 cudacc.cc:52]  Sweep 3: 0.8120s
I20260915 09:38:09.660524  4160 cudacc.cc:52]  Sweep 4: 0.8898s
I20260915 09:38:09.660597  4160 cudacc.cc:52] Iteration 5: 3.4175s
I20260915 09:38:09.660619  4160 cudacc.cc:52] Total: 17.3594s
I20260915 09:38:09.660630  4160 patch_match.cc:525] 
Writing photometric output for IMG20260912150537.jpg
I20260915 09:38:10.959400  4160 patch_match.cc:419] === Processing view 13 / 37 for IMG20260912150539.jpg ===
I20260915 09:38:10.959496  4160 patch_match.cc:466] Reading inputs...
I20260915 09:38:11.335001  4160 patch_match.cc:56] --- PatchMatch::Problem ---
I20260915 09:38:11.335056  4160 patch_match.cc:57] ref_image_idx: 347
I20260915 09:38:11.335067  4160 patch_match.cc:64] src_image_idxs: 346 348 345 344 349 350
I20260915 09:38:11.335074  4160 patch_match_options.cc:46] --- PatchMatchOptions ---
I20260915 09:38:11.335079  4160 patch_match_options.cc:47] max_image_size: 3072
I20260915 09:38:11.335084  4160 patch_match_options.cc:48] gpu_index: 0
I20260915 09:38:11.335089  4160 patch_match_options.cc:49] depth_min: 0.996035
I20260915 09:38:11.335104  4160 patch_match_options.cc:50] depth_max: 3.00172
I20260915 09:38:11.335110  4160 patch_match_options.cc:51] window_radius: 5
I20260915 09:38:11.335115  4160 patch_match_options.cc:52] window_step: 1
I20260915 09:38:11.335120  4160 patch_match_options.cc:53] sigma_spatial: 5
I20260915 09:38:11.335126  4160 patch_match_options.cc:54] sigma_color: 0.2
I20260915 09:38:11.335134  4160 patch_match_options.cc:55] num_samples: 15
I20260915 09:38:11.335139  4160 patch_match_options.cc:56] ncc_sigma: 0.6
I20260915 09:38:11.335147  4160 patch_match_options.cc:57] min_triangulation_angle: 1
I20260915 09:38:11.335153  4160 patch_match_options.cc:58] incident_angle_sigma: 0.9
I20260915 09:38:11.335159  4160 patch_match_options.cc:59] num_iterations: 5
I20260915 09:38:11.335166  4160 patch_match_options.cc:60] geom_consistency: 0
I20260915 09:38:11.335173  4160 patch_match_options.cc:61] geom_consistency_regularizer: 0.3
I20260915 09:38:11.335178  4160 patch_match_options.cc:62] geom_consistency_max_cost: 3
I20260915 09:38:11.335191  4160 patch_match_options.cc:63] filter: 0
I20260915 09:38:11.335199  4160 patch_match_options.cc:64] filter_min_ncc: 0.1
I20260915 09:38:11.335205  4160 patch_match_options.cc:65] filter_min_triangulation_angle: 3
I20260915 09:38:11.335213  4160 patch_match_options.cc:66] filter_min_num_consistent: 2
I20260915 09:38:11.335219  4160 patch_match_options.cc:67] filter_geom_consistency_max_cost: 1
I20260915 09:38:11.335228  4160 patch_match_options.cc:68] write_consistency_graph: 0
I20260915 09:38:11.335234  4160 patch_match_options.cc:69] allow_missing_files: 0
I20260915 09:38:11.335239  4160 patch_match_options.cc:70] num_threads: -1
I20260915 09:38:11.335247  4160 patch_match.cc:129] --- PatchMatch::Run ---
I20260915 09:38:11.614689  4160 cudacc.cc:52] Initialization: 0.0672s
I20260915 09:38:12.450209  4160 cudacc.cc:52]  Sweep 1: 0.8353s
I20260915 09:38:13.383372  4160 cudacc.cc:52]  Sweep 2: 0.9331s
I20260915 09:38:14.201812  4160 cudacc.cc:52]  Sweep 3: 0.8184s
I20260915 09:38:15.131779  4160 cudacc.cc:52]  Sweep 4: 0.9299s
I20260915 09:38:15.131880  4160 cudacc.cc:52] Iteration 1: 3.5170s
I20260915 09:38:15.953178  4160 cudacc.cc:52]  Sweep 1: 0.8213s
I20260915 09:38:16.882732  4160 cudacc.cc:52]  Sweep 2: 0.9295s
I20260915 09:38:17.702005  4160 cudacc.cc:52]  Sweep 3: 0.8192s
I20260915 09:38:18.625145  4160 cudacc.cc:52]  Sweep 4: 0.9230s
I20260915 09:38:18.625254  4160 cudacc.cc:52] Iteration 2: 3.4934s
I20260915 09:38:19.442369  4160 cudacc.cc:52]  Sweep 1: 0.8171s
I20260915 09:38:20.367443  4160 cudacc.cc:52]  Sweep 2: 0.9250s
I20260915 09:38:21.183317  4160 cudacc.cc:52]  Sweep 3: 0.8158s
I20260915 09:38:22.087865  4160 cudacc.cc:52]  Sweep 4: 0.9044s
I20260915 09:38:22.087962  4160 cudacc.cc:52] Iteration 3: 3.4627s
I20260915 09:38:22.905379  4160 cudacc.cc:52]  Sweep 1: 0.8174s
I20260915 09:38:23.803112  4160 cudacc.cc:52]  Sweep 2: 0.8976s
I20260915 09:38:24.614323  4160 cudacc.cc:52]  Sweep 3: 0.8111s
I20260915 09:38:25.514219  4160 cudacc.cc:52]  Sweep 4: 0.8998s
I20260915 09:38:25.514302  4160 cudacc.cc:52] Iteration 4: 3.4263s
I20260915 09:38:26.326265  4160 cudacc.cc:52]  Sweep 1: 0.8119s
I20260915 09:38:27.220419  4160 cudacc.cc:52]  Sweep 2: 0.8941s
I20260915 09:38:28.033099  4160 cudacc.cc:52]  Sweep 3: 0.8126s
I20260915 09:38:28.921905  4160 cudacc.cc:52]  Sweep 4: 0.8887s
I20260915 09:38:28.921981  4160 cudacc.cc:52] Iteration 5: 3.4077s
I20260915 09:38:28.921997  4160 cudacc.cc:52] Total: 17.3747s
I20260915 09:38:28.922005  4160 patch_match.cc:525] 
Writing photometric output for IMG20260912150539.jpg
I20260915 09:38:30.171881  4160 patch_match.cc:419] === Processing view 14 / 37 for IMG20260912150541.jpg ===
I20260915 09:38:30.171972  4160 patch_match.cc:466] Reading inputs...
I20260915 09:38:30.594084  4160 patch_match.cc:56] --- PatchMatch::Problem ---
I20260915 09:38:30.594155  4160 patch_match.cc:57] ref_image_idx: 348
I20260915 09:38:30.594167  4160 patch_match.cc:64] src_image_idxs: 347 346 345 351 349 350
I20260915 09:38:30.594174  4160 patch_match_options.cc:46] --- PatchMatchOptions ---
I20260915 09:38:30.594181  4160 patch_match_options.cc:47] max_image_size: 3072
I20260915 09:38:30.594187  4160 patch_match_options.cc:48] gpu_index: 0
I20260915 09:38:30.594192  4160 patch_match_options.cc:49] depth_min: 1.02812
I20260915 09:38:30.594204  4160 patch_match_options.cc:50] depth_max: 3.03823
I20260915 09:38:30.594210  4160 patch_match_options.cc:51] window_radius: 5
I20260915 09:38:30.594216  4160 patch_match_options.cc:52] window_step: 1
I20260915 09:38:30.594222  4160 patch_match_options.cc:53] sigma_spatial: 5
I20260915 09:38:30.594229  4160 patch_match_options.cc:54] sigma_color: 0.2
I20260915 09:38:30.594239  4160 patch_match_options.cc:55] num_samples: 15
I20260915 09:38:30.594246  4160 patch_match_options.cc:56] ncc_sigma: 0.6
I20260915 09:38:30.594252  4160 patch_match_options.cc:57] min_triangulation_angle: 1
I20260915 09:38:30.594259  4160 patch_match_options.cc:58] incident_angle_sigma: 0.9
I20260915 09:38:30.594265  4160 patch_match_options.cc:59] num_iterations: 5
I20260915 09:38:30.594271  4160 patch_match_options.cc:60] geom_consistency: 0
I20260915 09:38:30.594279  4160 patch_match_options.cc:61] geom_consistency_regularizer: 0.3
I20260915 09:38:30.594289  4160 patch_match_options.cc:62] geom_consistency_max_cost: 3
I20260915 09:38:30.594296  4160 patch_match_options.cc:63] filter: 0
I20260915 09:38:30.594302  4160 patch_match_options.cc:64] filter_min_ncc: 0.1
I20260915 09:38:30.594310  4160 patch_match_options.cc:65] filter_min_triangulation_angle: 3
I20260915 09:38:30.594316  4160 patch_match_options.cc:66] filter_min_num_consistent: 2
I20260915 09:38:30.594322  4160 patch_match_options.cc:67] filter_geom_consistency_max_cost: 1
I20260915 09:38:30.594328  4160 patch_match_options.cc:68] write_consistency_graph: 0
I20260915 09:38:30.594334  4160 patch_match_options.cc:69] allow_missing_files: 0
I20260915 09:38:30.594340  4160 patch_match_options.cc:70] num_threads: -1
I20260915 09:38:30.594346  4160 patch_match.cc:129] --- PatchMatch::Run ---
I20260915 09:38:30.742596  4160 cudacc.cc:52] Initialization: 0.0679s
I20260915 09:38:31.581034  4160 cudacc.cc:52]  Sweep 1: 0.8382s
I20260915 09:38:32.536034  4160 cudacc.cc:52]  Sweep 2: 0.9549s
I20260915 09:38:33.397306  4160 cudacc.cc:52]  Sweep 3: 0.8612s
I20260915 09:38:34.375624  4160 cudacc.cc:52]  Sweep 4: 0.9782s
I20260915 09:38:34.375702  4160 cudacc.cc:52] Iteration 1: 3.6330s
I20260915 09:38:35.200582  4160 cudacc.cc:52]  Sweep 1: 0.8249s
I20260915 09:38:36.149772  4160 cudacc.cc:52]  Sweep 2: 0.9491s
I20260915 09:38:36.974685  4160 cudacc.cc:52]  Sweep 3: 0.8247s
I20260915 09:38:37.888726  4160 cudacc.cc:52]  Sweep 4: 0.9139s
I20260915 09:38:37.888848  4160 cudacc.cc:52] Iteration 2: 3.5132s
I20260915 09:38:38.707948  4160 cudacc.cc:52]  Sweep 1: 0.8190s
I20260915 09:38:39.625285  4160 cudacc.cc:52]  Sweep 2: 0.9173s
I20260915 09:38:40.442010  4160 cudacc.cc:52]  Sweep 3: 0.8166s
I20260915 09:38:41.350493  4160 cudacc.cc:52]  Sweep 4: 0.9084s
I20260915 09:38:41.350602  4160 cudacc.cc:52] Iteration 3: 3.4617s
I20260915 09:38:42.173157  4160 cudacc.cc:52]  Sweep 1: 0.8225s
I20260915 09:38:43.085674  4160 cudacc.cc:52]  Sweep 2: 0.9124s
I20260915 09:38:43.902018  4160 cudacc.cc:52]  Sweep 3: 0.8162s
I20260915 09:38:44.801279  4160 cudacc.cc:52]  Sweep 4: 0.8992s
I20260915 09:38:44.801438  4160 cudacc.cc:52] Iteration 4: 3.4508s
I20260915 09:38:45.618713  4160 cudacc.cc:52]  Sweep 1: 0.8172s
I20260915 09:38:46.556589  4160 cudacc.cc:52]  Sweep 2: 0.9378s
I20260915 09:38:47.369067  4160 cudacc.cc:52]  Sweep 3: 0.8124s
I20260915 09:38:48.260979  4160 cudacc.cc:52]  Sweep 4: 0.8918s
I20260915 09:38:48.261087  4160 cudacc.cc:52] Iteration 5: 3.4596s
I20260915 09:38:48.261127  4160 cudacc.cc:52] Total: 17.5867s
I20260915 09:38:48.261149  4160 patch_match.cc:525] 
Writing photometric output for IMG20260912150541.jpg
I20260915 09:38:49.523997  4160 patch_match.cc:419] === Processing view 15 / 37 for IMG20260912150543.jpg ===
I20260915 09:38:49.524080  4160 patch_match.cc:466] Reading inputs...
I20260915 09:38:49.937241  4160 patch_match.cc:56] --- PatchMatch::Problem ---
I20260915 09:38:49.937300  4160 patch_match.cc:57] ref_image_idx: 349
I20260915 09:38:49.937310  4160 patch_match.cc:64] src_image_idxs: 348 347 351 346 350 352
I20260915 09:38:49.937316  4160 patch_match_options.cc:46] --- PatchMatchOptions ---
I20260915 09:38:49.937321  4160 patch_match_options.cc:47] max_image_size: 3072
I20260915 09:38:49.937326  4160 patch_match_options.cc:48] gpu_index: 0
I20260915 09:38:49.937331  4160 patch_match_options.cc:49] depth_min: 1.0449
I20260915 09:38:49.937341  4160 patch_match_options.cc:50] depth_max: 3.07967
I20260915 09:38:49.937347  4160 patch_match_options.cc:51] window_radius: 5
I20260915 09:38:49.937352  4160 patch_match_options.cc:52] window_step: 1
I20260915 09:38:49.937357  4160 patch_match_options.cc:53] sigma_spatial: 5
I20260915 09:38:49.937362  4160 patch_match_options.cc:54] sigma_color: 0.2
I20260915 09:38:49.937367  4160 patch_match_options.cc:55] num_samples: 15
I20260915 09:38:49.937372  4160 patch_match_options.cc:56] ncc_sigma: 0.6
I20260915 09:38:49.937378  4160 patch_match_options.cc:57] min_triangulation_angle: 1
I20260915 09:38:49.937394  4160 patch_match_options.cc:58] incident_angle_sigma: 0.9
I20260915 09:38:49.937400  4160 patch_match_options.cc:59] num_iterations: 5
I20260915 09:38:49.937405  4160 patch_match_options.cc:60] geom_consistency: 0
I20260915 09:38:49.937411  4160 patch_match_options.cc:61] geom_consistency_regularizer: 0.3
I20260915 09:38:49.937416  4160 patch_match_options.cc:62] geom_consistency_max_cost: 3
I20260915 09:38:49.937425  4160 patch_match_options.cc:63] filter: 0
I20260915 09:38:49.937430  4160 patch_match_options.cc:64] filter_min_ncc: 0.1
I20260915 09:38:49.937435  4160 patch_match_options.cc:65] filter_min_triangulation_angle: 3
I20260915 09:38:49.937440  4160 patch_match_options.cc:66] filter_min_num_consistent: 2
I20260915 09:38:49.937445  4160 patch_match_options.cc:67] filter_geom_consistency_max_cost: 1
I20260915 09:38:49.937450  4160 patch_match_options.cc:68] write_consistency_graph: 0
I20260915 09:38:49.937456  4160 patch_match_options.cc:69] allow_missing_files: 0
I20260915 09:38:49.937461  4160 patch_match_options.cc:70] num_threads: -1
I20260915 09:38:49.937467  4160 patch_match.cc:129] --- PatchMatch::Run ---
I20260915 09:38:50.088064  4160 cudacc.cc:52] Initialization: 0.0680s
I20260915 09:38:50.933863  4160 cudacc.cc:52]  Sweep 1: 0.8456s
I20260915 09:38:51.915521  4160 cudacc.cc:52]  Sweep 2: 0.9816s
I20260915 09:38:52.747542  4160 cudacc.cc:52]  Sweep 3: 0.8319s
I20260915 09:38:53.712719  4160 cudacc.cc:52]  Sweep 4: 0.9651s
I20260915 09:38:53.712880  4160 cudacc.cc:52] Iteration 1: 3.6247s
I20260915 09:38:54.543169  4160 cudacc.cc:52]  Sweep 1: 0.8302s
I20260915 09:38:55.478319  4160 cudacc.cc:52]  Sweep 2: 0.9350s
I20260915 09:38:56.301672  4160 cudacc.cc:52]  Sweep 3: 0.8233s
I20260915 09:38:57.229506  4160 cudacc.cc:52]  Sweep 4: 0.9277s
I20260915 09:38:57.229719  4160 cudacc.cc:52] Iteration 2: 3.5168s
I20260915 09:38:58.050415  4160 cudacc.cc:52]  Sweep 1: 0.8206s
I20260915 09:38:58.971994  4160 cudacc.cc:52]  Sweep 2: 0.9215s
I20260915 09:38:59.791174  4160 cudacc.cc:52]  Sweep 3: 0.8191s
I20260915 09:39:00.713002  4160 cudacc.cc:52]  Sweep 4: 0.9218s
I20260915 09:39:00.713114  4160 cudacc.cc:52] Iteration 3: 3.4834s
I20260915 09:39:01.532618  4160 cudacc.cc:52]  Sweep 1: 0.8194s
I20260915 09:39:02.453857  4160 cudacc.cc:52]  Sweep 2: 0.9211s
I20260915 09:39:03.273805  4160 cudacc.cc:52]  Sweep 3: 0.8198s
I20260915 09:39:04.191247  4160 cudacc.cc:52]  Sweep 4: 0.9174s
I20260915 09:39:04.191368  4160 cudacc.cc:52] Iteration 4: 3.4782s
I20260915 09:39:05.025639  4160 cudacc.cc:52]  Sweep 1: 0.8342s
I20260915 09:39:05.961384  4160 cudacc.cc:52]  Sweep 2: 0.9356s
I20260915 09:39:06.785305  4160 cudacc.cc:52]  Sweep 3: 0.8238s
I20260915 09:39:07.697817  4160 cudacc.cc:52]  Sweep 4: 0.9124s
I20260915 09:39:07.697938  4160 cudacc.cc:52] Iteration 5: 3.5066s
I20260915 09:39:07.697989  4160 cudacc.cc:52] Total: 17.6781s
I20260915 09:39:07.698017  4160 patch_match.cc:525] 
Writing photometric output for IMG20260912150543.jpg
I20260915 09:39:09.006835  4160 patch_match.cc:419] === Processing view 16 / 37 for IMG20260912150545.jpg ===
I20260915 09:39:09.006921  4160 patch_match.cc:466] Reading inputs...
I20260915 09:39:09.383681  4160 patch_match.cc:56] --- PatchMatch::Problem ---
I20260915 09:39:09.383736  4160 patch_match.cc:57] ref_image_idx: 350
I20260915 09:39:09.383747  4160 patch_match.cc:64] src_image_idxs: 351 348 353 347 349 352
I20260915 09:39:09.383754  4160 patch_match_options.cc:46] --- PatchMatchOptions ---
I20260915 09:39:09.383760  4160 patch_match_options.cc:47] max_image_size: 3072
I20260915 09:39:09.383765  4160 patch_match_options.cc:48] gpu_index: 0
I20260915 09:39:09.383773  4160 patch_match_options.cc:49] depth_min: 1.05442
I20260915 09:39:09.383783  4160 patch_match_options.cc:50] depth_max: 3.09147
I20260915 09:39:09.383794  4160 patch_match_options.cc:51] window_radius: 5
I20260915 09:39:09.383799  4160 patch_match_options.cc:52] window_step: 1
I20260915 09:39:09.383804  4160 patch_match_options.cc:53] sigma_spatial: 5
I20260915 09:39:09.383809  4160 patch_match_options.cc:54] sigma_color: 0.2
I20260915 09:39:09.383817  4160 patch_match_options.cc:55] num_samples: 15
I20260915 09:39:09.383828  4160 patch_match_options.cc:56] ncc_sigma: 0.6
I20260915 09:39:09.383833  4160 patch_match_options.cc:57] min_triangulation_angle: 1
I20260915 09:39:09.383839  4160 patch_match_options.cc:58] incident_angle_sigma: 0.9
I20260915 09:39:09.383845  4160 patch_match_options.cc:59] num_iterations: 5
I20260915 09:39:09.383850  4160 patch_match_options.cc:60] geom_consistency: 0
I20260915 09:39:09.383856  4160 patch_match_options.cc:61] geom_consistency_regularizer: 0.3
I20260915 09:39:09.383861  4160 patch_match_options.cc:62] geom_consistency_max_cost: 3
I20260915 09:39:09.383867  4160 patch_match_options.cc:63] filter: 0
I20260915 09:39:09.383872  4160 patch_match_options.cc:64] filter_min_ncc: 0.1
I20260915 09:39:09.383877  4160 patch_match_options.cc:65] filter_min_triangulation_angle: 3
I20260915 09:39:09.383882  4160 patch_match_options.cc:66] filter_min_num_consistent: 2
I20260915 09:39:09.383887  4160 patch_match_options.cc:67] filter_geom_consistency_max_cost: 1
I20260915 09:39:09.383893  4160 patch_match_options.cc:68] write_consistency_graph: 0
I20260915 09:39:09.383898  4160 patch_match_options.cc:69] allow_missing_files: 0
I20260915 09:39:09.383906  4160 patch_match_options.cc:70] num_threads: -1
I20260915 09:39:09.383912  4160 patch_match.cc:129] --- PatchMatch::Run ---
I20260915 09:39:09.530346  4160 cudacc.cc:52] Initialization: 0.0676s
I20260915 09:39:10.372351  4160 cudacc.cc:52]  Sweep 1: 0.8419s
I20260915 09:39:11.361749  4160 cudacc.cc:52]  Sweep 2: 0.9893s
I20260915 09:39:12.207332  4160 cudacc.cc:52]  Sweep 3: 0.8455s
I20260915 09:39:13.198360  4160 cudacc.cc:52]  Sweep 4: 0.9909s
I20260915 09:39:13.198505  4160 cudacc.cc:52] Iteration 1: 3.6681s
I20260915 09:39:14.023616  4160 cudacc.cc:52]  Sweep 1: 0.8250s
I20260915 09:39:14.968840  4160 cudacc.cc:52]  Sweep 2: 0.9451s
I20260915 09:39:15.791069  4160 cudacc.cc:52]  Sweep 3: 0.8221s
I20260915 09:39:16.727601  4160 cudacc.cc:52]  Sweep 4: 0.9364s
I20260915 09:39:16.727706  4160 cudacc.cc:52] Iteration 2: 3.5291s
I20260915 09:39:17.548184  4160 cudacc.cc:52]  Sweep 1: 0.8204s
I20260915 09:39:18.478821  4160 cudacc.cc:52]  Sweep 2: 0.9306s
I20260915 09:39:19.297539  4160 cudacc.cc:52]  Sweep 3: 0.8186s
I20260915 09:39:20.226864  4160 cudacc.cc:52]  Sweep 4: 0.9292s
I20260915 09:39:20.226978  4160 cudacc.cc:52] Iteration 3: 3.4993s
I20260915 09:39:21.048430  4160 cudacc.cc:52]  Sweep 1: 0.8214s
I20260915 09:39:21.975459  4160 cudacc.cc:52]  Sweep 2: 0.9269s
I20260915 09:39:22.796000  4160 cudacc.cc:52]  Sweep 3: 0.8204s
I20260915 09:39:23.738715  4160 cudacc.cc:52]  Sweep 4: 0.9426s
I20260915 09:39:23.738820  4160 cudacc.cc:52] Iteration 4: 3.5118s
I20260915 09:39:24.558442  4160 cudacc.cc:52]  Sweep 1: 0.8195s
I20260915 09:39:25.474541  4160 cudacc.cc:52]  Sweep 2: 0.9160s
I20260915 09:39:26.291228  4160 cudacc.cc:52]  Sweep 3: 0.8166s
I20260915 09:39:27.204417  4160 cudacc.cc:52]  Sweep 4: 0.9131s
I20260915 09:39:27.204522  4160 cudacc.cc:52] Iteration 5: 3.4657s
I20260915 09:39:27.204573  4160 cudacc.cc:52] Total: 17.7420s
I20260915 09:39:27.204586  4160 patch_match.cc:525] 
Writing photometric output for IMG20260912150545.jpg
I20260915 09:39:28.544941  4160 patch_match.cc:419] === Processing view 17 / 37 for IMG20260912150548.jpg ===
I20260915 09:39:28.545088  4160 patch_match.cc:466] Reading inputs...
I20260915 09:39:28.910359  4160 patch_match.cc:56] --- PatchMatch::Problem ---
I20260915 09:39:28.910434  4160 patch_match.cc:57] ref_image_idx: 351
I20260915 09:39:28.910454  4160 patch_match.cc:64] src_image_idxs: 353 348 352 350 349 354
I20260915 09:39:28.910469  4160 patch_match_options.cc:46] --- PatchMatchOptions ---
I20260915 09:39:28.910486  4160 patch_match_options.cc:47] max_image_size: 3072
I20260915 09:39:28.910502  4160 patch_match_options.cc:48] gpu_index: 0
I20260915 09:39:28.910517  4160 patch_match_options.cc:49] depth_min: 1.06572
I20260915 09:39:28.910540  4160 patch_match_options.cc:50] depth_max: 3.11017
I20260915 09:39:28.910557  4160 patch_match_options.cc:51] window_radius: 5
I20260915 09:39:28.910572  4160 patch_match_options.cc:52] window_step: 1
I20260915 09:39:28.910587  4160 patch_match_options.cc:53] sigma_spatial: 5
I20260915 09:39:28.910603  4160 patch_match_options.cc:54] sigma_color: 0.2
I20260915 09:39:28.910620  4160 patch_match_options.cc:55] num_samples: 15
I20260915 09:39:28.910635  4160 patch_match_options.cc:56] ncc_sigma: 0.6
I20260915 09:39:28.910651  4160 patch_match_options.cc:57] min_triangulation_angle: 1
I20260915 09:39:28.910668  4160 patch_match_options.cc:58] incident_angle_sigma: 0.9
I20260915 09:39:28.910681  4160 patch_match_options.cc:59] num_iterations: 5
I20260915 09:39:28.910692  4160 patch_match_options.cc:60] geom_consistency: 0
I20260915 09:39:28.910708  4160 patch_match_options.cc:61] geom_consistency_regularizer: 0.3
I20260915 09:39:28.910724  4160 patch_match_options.cc:62] geom_consistency_max_cost: 3
I20260915 09:39:28.910740  4160 patch_match_options.cc:63] filter: 0
I20260915 09:39:28.910755  4160 patch_match_options.cc:64] filter_min_ncc: 0.1
I20260915 09:39:28.910771  4160 patch_match_options.cc:65] filter_min_triangulation_angle: 3
I20260915 09:39:28.910787  4160 patch_match_options.cc:66] filter_min_num_consistent: 2
I20260915 09:39:28.910802  4160 patch_match_options.cc:67] filter_geom_consistency_max_cost: 1
I20260915 09:39:28.910818  4160 patch_match_options.cc:68] write_consistency_graph: 0
I20260915 09:39:28.910832  4160 patch_match_options.cc:69] allow_missing_files: 0
I20260915 09:39:28.910847  4160 patch_match_options.cc:70] num_threads: -1
I20260915 09:39:28.910863  4160 patch_match.cc:129] --- PatchMatch::Run ---
I20260915 09:39:29.212251  4160 cudacc.cc:52] Initialization: 0.0678s
I20260915 09:39:30.041490  4160 cudacc.cc:52]  Sweep 1: 0.8291s
I20260915 09:39:30.991211  4160 cudacc.cc:52]  Sweep 2: 0.9496s
I20260915 09:39:31.814129  4160 cudacc.cc:52]  Sweep 3: 0.8228s
I20260915 09:39:32.761106  4160 cudacc.cc:52]  Sweep 4: 0.9469s
I20260915 09:39:32.761247  4160 cudacc.cc:52] Iteration 1: 3.5489s
I20260915 09:39:33.581935  4160 cudacc.cc:52]  Sweep 1: 0.8206s
I20260915 09:39:34.508784  4160 cudacc.cc:52]  Sweep 2: 0.9268s
I20260915 09:39:35.326725  4160 cudacc.cc:52]  Sweep 3: 0.8178s
I20260915 09:39:36.254217  4160 cudacc.cc:52]  Sweep 4: 0.9274s
I20260915 09:39:36.254311  4160 cudacc.cc:52] Iteration 2: 3.4931s
I20260915 09:39:37.078712  4160 cudacc.cc:52]  Sweep 1: 0.8244s
I20260915 09:39:38.004494  4160 cudacc.cc:52]  Sweep 2: 0.9257s
I20260915 09:39:38.822715  4160 cudacc.cc:52]  Sweep 3: 0.8181s
I20260915 09:39:39.744785  4160 cudacc.cc:52]  Sweep 4: 0.9220s
I20260915 09:39:39.744897  4160 cudacc.cc:52] Iteration 3: 3.4906s
I20260915 09:39:40.564608  4160 cudacc.cc:52]  Sweep 1: 0.8196s
I20260915 09:39:41.476855  4160 cudacc.cc:52]  Sweep 2: 0.9122s
I20260915 09:39:42.297530  4160 cudacc.cc:52]  Sweep 3: 0.8206s
I20260915 09:39:43.213822  4160 cudacc.cc:52]  Sweep 4: 0.9162s
I20260915 09:39:43.213924  4160 cudacc.cc:52] Iteration 4: 3.4690s
I20260915 09:39:44.035154  4160 cudacc.cc:52]  Sweep 1: 0.8212s
I20260915 09:39:44.939795  4160 cudacc.cc:52]  Sweep 2: 0.9046s
I20260915 09:39:45.752102  4160 cudacc.cc:52]  Sweep 3: 0.8121s
I20260915 09:39:46.656730  4160 cudacc.cc:52]  Sweep 4: 0.9045s
I20260915 09:39:46.656837  4160 cudacc.cc:52] Iteration 5: 3.4429s
I20260915 09:39:46.656896  4160 cudacc.cc:52] Total: 17.5127s
I20260915 09:39:46.656933  4160 patch_match.cc:525] 
Writing photometric output for IMG20260912150548.jpg
I20260915 09:39:47.992238  4160 patch_match.cc:419] === Processing view 18 / 37 for IMG20260912150551.jpg ===
I20260915 09:39:47.992372  4160 patch_match.cc:466] Reading inputs...
I20260915 09:39:48.470961  4160 patch_match.cc:56] --- PatchMatch::Problem ---
I20260915 09:39:48.471019  4160 patch_match.cc:57] ref_image_idx: 352
I20260915 09:39:48.471031  4160 patch_match.cc:64] src_image_idxs: 351 353 350 354 355 349
I20260915 09:39:48.471038  4160 patch_match_options.cc:46] --- PatchMatchOptions ---
I20260915 09:39:48.471045  4160 patch_match_options.cc:47] max_image_size: 3072
I20260915 09:39:48.471051  4160 patch_match_options.cc:48] gpu_index: 0
I20260915 09:39:48.471057  4160 patch_match_options.cc:49] depth_min: 1.07443
I20260915 09:39:48.471068  4160 patch_match_options.cc:50] depth_max: 3.13788
I20260915 09:39:48.471075  4160 patch_match_options.cc:51] window_radius: 5
I20260915 09:39:48.471081  4160 patch_match_options.cc:52] window_step: 1
I20260915 09:39:48.471087  4160 patch_match_options.cc:53] sigma_spatial: 5
I20260915 09:39:48.471094  4160 patch_match_options.cc:54] sigma_color: 0.2
I20260915 09:39:48.471101  4160 patch_match_options.cc:55] num_samples: 15
I20260915 09:39:48.471107  4160 patch_match_options.cc:56] ncc_sigma: 0.6
I20260915 09:39:48.471113  4160 patch_match_options.cc:57] min_triangulation_angle: 1
I20260915 09:39:48.471120  4160 patch_match_options.cc:58] incident_angle_sigma: 0.9
I20260915 09:39:48.471126  4160 patch_match_options.cc:59] num_iterations: 5
I20260915 09:39:48.471133  4160 patch_match_options.cc:60] geom_consistency: 0
I20260915 09:39:48.471142  4160 patch_match_options.cc:61] geom_consistency_regularizer: 0.3
I20260915 09:39:48.471150  4160 patch_match_options.cc:62] geom_consistency_max_cost: 3
I20260915 09:39:48.471157  4160 patch_match_options.cc:63] filter: 0
I20260915 09:39:48.471162  4160 patch_match_options.cc:64] filter_min_ncc: 0.1
I20260915 09:39:48.471169  4160 patch_match_options.cc:65] filter_min_triangulation_angle: 3
I20260915 09:39:48.471175  4160 patch_match_options.cc:66] filter_min_num_consistent: 2
I20260915 09:39:48.471181  4160 patch_match_options.cc:67] filter_geom_consistency_max_cost: 1
I20260915 09:39:48.471187  4160 patch_match_options.cc:68] write_consistency_graph: 0
I20260915 09:39:48.471193  4160 patch_match_options.cc:69] allow_missing_files: 0
I20260915 09:39:48.471199  4160 patch_match_options.cc:70] num_threads: -1
I20260915 09:39:48.471206  4160 patch_match.cc:129] --- PatchMatch::Run ---
I20260915 09:39:48.758588  4160 cudacc.cc:52] Initialization: 0.0664s
I20260915 09:39:49.589738  4160 cudacc.cc:52]  Sweep 1: 0.8311s
I20260915 09:39:50.526479  4160 cudacc.cc:52]  Sweep 2: 0.9366s
I20260915 09:39:51.351672  4160 cudacc.cc:52]  Sweep 3: 0.8250s
I20260915 09:39:52.290011  4160 cudacc.cc:52]  Sweep 4: 0.9382s
I20260915 09:39:52.290090  4160 cudacc.cc:52] Iteration 1: 3.5315s
I20260915 09:39:53.111327  4160 cudacc.cc:52]  Sweep 1: 0.8212s
I20260915 09:39:54.032432  4160 cudacc.cc:52]  Sweep 2: 0.9210s
I20260915 09:39:54.851771  4160 cudacc.cc:52]  Sweep 3: 0.8193s
I20260915 09:39:55.779772  4160 cudacc.cc:52]  Sweep 4: 0.9279s
I20260915 09:39:55.779859  4160 cudacc.cc:52] Iteration 2: 3.4898s
I20260915 09:39:56.598135  4160 cudacc.cc:52]  Sweep 1: 0.8182s
I20260915 09:39:57.539753  4160 cudacc.cc:52]  Sweep 2: 0.9415s
I20260915 09:39:58.355203  4160 cudacc.cc:52]  Sweep 3: 0.8153s
I20260915 09:39:59.330146  4160 cudacc.cc:52]  Sweep 4: 0.9749s
I20260915 09:39:59.330291  4160 cudacc.cc:52] Iteration 3: 3.5504s
I20260915 09:40:00.190783  4160 cudacc.cc:52]  Sweep 1: 0.8604s
I20260915 09:40:01.128760  4160 cudacc.cc:52]  Sweep 2: 0.9379s
I20260915 09:40:01.943272  4160 cudacc.cc:52]  Sweep 3: 0.8144s
I20260915 09:40:02.859016  4160 cudacc.cc:52]  Sweep 4: 0.9157s
I20260915 09:40:02.859109  4160 cudacc.cc:52] Iteration 4: 3.5288s
I20260915 09:40:03.674962  4160 cudacc.cc:52]  Sweep 1: 0.8158s
I20260915 09:40:04.572278  4160 cudacc.cc:52]  Sweep 2: 0.8972s
I20260915 09:40:05.385060  4160 cudacc.cc:52]  Sweep 3: 0.8127s
I20260915 09:40:06.289579  4160 cudacc.cc:52]  Sweep 4: 0.9044s
I20260915 09:40:06.289669  4160 cudacc.cc:52] Iteration 5: 3.4306s
I20260915 09:40:06.289693  4160 cudacc.cc:52] Total: 17.5978s
I20260915 09:40:06.289704  4160 patch_match.cc:525] 
Writing photometric output for IMG20260912150551.jpg
I20260915 09:40:07.661017  4160 patch_match.cc:419] === Processing view 19 / 37 for IMG20260912150553.jpg ===
I20260915 09:40:07.661196  4160 patch_match.cc:466] Reading inputs...
I20260915 09:40:07.664525  4160 patch_match.cc:56] --- PatchMatch::Problem ---
I20260915 09:40:07.664598  4160 patch_match.cc:57] ref_image_idx: 353
I20260915 09:40:07.664623  4160 patch_match.cc:64] src_image_idxs: 351 352 354 355 350
I20260915 09:40:07.664642  4160 patch_match_options.cc:46] --- PatchMatchOptions ---
I20260915 09:40:07.664658  4160 patch_match_options.cc:47] max_image_size: 3072
I20260915 09:40:07.664674  4160 patch_match_options.cc:48] gpu_index: 0
I20260915 09:40:07.664690  4160 patch_match_options.cc:49] depth_min: 1.08842
I20260915 09:40:07.664712  4160 patch_match_options.cc:50] depth_max: 3.14266
I20260915 09:40:07.664729  4160 patch_match_options.cc:51] window_radius: 5
I20260915 09:40:07.664745  4160 patch_match_options.cc:52] window_step: 1
I20260915 09:40:07.664761  4160 patch_match_options.cc:53] sigma_spatial: 5
I20260915 09:40:07.664779  4160 patch_match_options.cc:54] sigma_color: 0.2
I20260915 09:40:07.664794  4160 patch_match_options.cc:55] num_samples: 15
I20260915 09:40:07.664809  4160 patch_match_options.cc:56] ncc_sigma: 0.6
I20260915 09:40:07.664823  4160 patch_match_options.cc:57] min_triangulation_angle: 1
I20260915 09:40:07.664837  4160 patch_match_options.cc:58] incident_angle_sigma: 0.9
I20260915 09:40:07.664854  4160 patch_match_options.cc:59] num_iterations: 5
I20260915 09:40:07.664866  4160 patch_match_options.cc:60] geom_consistency: 0
I20260915 09:40:07.664882  4160 patch_match_options.cc:61] geom_consistency_regularizer: 0.3
I20260915 09:40:07.664899  4160 patch_match_options.cc:62] geom_consistency_max_cost: 3
I20260915 09:40:07.664916  4160 patch_match_options.cc:63] filter: 0
I20260915 09:40:07.664928  4160 patch_match_options.cc:64] filter_min_ncc: 0.1
I20260915 09:40:07.664942  4160 patch_match_options.cc:65] filter_min_triangulation_angle: 3
I20260915 09:40:07.664958  4160 patch_match_options.cc:66] filter_min_num_consistent: 2
I20260915 09:40:07.664970  4160 patch_match_options.cc:67] filter_geom_consistency_max_cost: 1
I20260915 09:40:07.664987  4160 patch_match_options.cc:68] write_consistency_graph: 0
I20260915 09:40:07.665003  4160 patch_match_options.cc:69] allow_missing_files: 0
I20260915 09:40:07.665018  4160 patch_match_options.cc:70] num_threads: -1
I20260915 09:40:07.665034  4160 patch_match.cc:129] --- PatchMatch::Run ---
I20260915 09:40:07.817185  4160 cudacc.cc:52] Initialization: 0.0560s
I20260915 09:40:08.618253  4160 cudacc.cc:52]  Sweep 1: 0.8009s
I20260915 09:40:09.513059  4160 cudacc.cc:52]  Sweep 2: 0.8947s
I20260915 09:40:10.305120  4160 cudacc.cc:52]  Sweep 3: 0.7920s
I20260915 09:40:11.188425  4160 cudacc.cc:52]  Sweep 4: 0.8831s
I20260915 09:40:11.188516  4160 cudacc.cc:52] Iteration 1: 3.3712s
I20260915 09:40:11.983279  4160 cudacc.cc:52]  Sweep 1: 0.7947s
I20260915 09:40:12.851690  4160 cudacc.cc:52]  Sweep 2: 0.8683s
I20260915 09:40:13.642462  4160 cudacc.cc:52]  Sweep 3: 0.7907s
I20260915 09:40:14.512697  4160 cudacc.cc:52]  Sweep 4: 0.8700s
I20260915 09:40:14.512829  4160 cudacc.cc:52] Iteration 2: 3.3243s
I20260915 09:40:15.305740  4160 cudacc.cc:52]  Sweep 1: 0.7928s
I20260915 09:40:16.166736  4160 cudacc.cc:52]  Sweep 2: 0.8609s
I20260915 09:40:16.955546  4160 cudacc.cc:52]  Sweep 3: 0.7887s
I20260915 09:40:17.819503  4160 cudacc.cc:52]  Sweep 4: 0.8639s
I20260915 09:40:17.819570  4160 cudacc.cc:52] Iteration 3: 3.3067s
I20260915 09:40:18.624421  4160 cudacc.cc:52]  Sweep 1: 0.8048s
I20260915 09:40:19.502493  4160 cudacc.cc:52]  Sweep 2: 0.8780s
I20260915 09:40:20.292585  4160 cudacc.cc:52]  Sweep 3: 0.7900s
I20260915 09:40:21.156606  4160 cudacc.cc:52]  Sweep 4: 0.8639s
I20260915 09:40:21.156744  4160 cudacc.cc:52] Iteration 4: 3.3372s
I20260915 09:40:21.945656  4160 cudacc.cc:52]  Sweep 1: 0.7888s
I20260915 09:40:22.800697  4160 cudacc.cc:52]  Sweep 2: 0.8550s
I20260915 09:40:23.586186  4160 cudacc.cc:52]  Sweep 3: 0.7854s
I20260915 09:40:24.502382  4160 cudacc.cc:52]  Sweep 4: 0.9161s
I20260915 09:40:24.502483  4160 cudacc.cc:52] Iteration 5: 3.3457s
I20260915 09:40:24.502515  4160 cudacc.cc:52] Total: 16.7415s
I20260915 09:40:24.502532  4160 patch_match.cc:525] 
Writing photometric output for IMG20260912150553.jpg
I20260915 09:40:25.833109  4160 patch_match.cc:419] === Processing view 20 / 37 for IMG20260912150557.jpg ===
I20260915 09:40:25.833202  4160 patch_match.cc:466] Reading inputs...
I20260915 09:40:26.212418  4160 patch_match.cc:56] --- PatchMatch::Problem ---
I20260915 09:40:26.212482  4160 patch_match.cc:57] ref_image_idx: 354
I20260915 09:40:26.212493  4160 patch_match.cc:64] src_image_idxs: 353 356 355 352
I20260915 09:40:26.212500  4160 patch_match_options.cc:46] --- PatchMatchOptions ---
I20260915 09:40:26.212505  4160 patch_match_options.cc:47] max_image_size: 3072
I20260915 09:40:26.212510  4160 patch_match_options.cc:48] gpu_index: 0
I20260915 09:40:26.212515  4160 patch_match_options.cc:49] depth_min: 1.10778
I20260915 09:40:26.212525  4160 patch_match_options.cc:50] depth_max: 3.16579
I20260915 09:40:26.212531  4160 patch_match_options.cc:51] window_radius: 5
I20260915 09:40:26.212535  4160 patch_match_options.cc:52] window_step: 1
I20260915 09:40:26.212540  4160 patch_match_options.cc:53] sigma_spatial: 5
I20260915 09:40:26.212545  4160 patch_match_options.cc:54] sigma_color: 0.2
I20260915 09:40:26.212551  4160 patch_match_options.cc:55] num_samples: 15
I20260915 09:40:26.212555  4160 patch_match_options.cc:56] ncc_sigma: 0.6
I20260915 09:40:26.212560  4160 patch_match_options.cc:57] min_triangulation_angle: 1
I20260915 09:40:26.212566  4160 patch_match_options.cc:58] incident_angle_sigma: 0.9
I20260915 09:40:26.212571  4160 patch_match_options.cc:59] num_iterations: 5
I20260915 09:40:26.212576  4160 patch_match_options.cc:60] geom_consistency: 0
I20260915 09:40:26.212581  4160 patch_match_options.cc:61] geom_consistency_regularizer: 0.3
I20260915 09:40:26.212589  4160 patch_match_options.cc:62] geom_consistency_max_cost: 3
I20260915 09:40:26.212594  4160 patch_match_options.cc:63] filter: 0
I20260915 09:40:26.212598  4160 patch_match_options.cc:64] filter_min_ncc: 0.1
I20260915 09:40:26.212603  4160 patch_match_options.cc:65] filter_min_triangulation_angle: 3
I20260915 09:40:26.212608  4160 patch_match_options.cc:66] filter_min_num_consistent: 2
I20260915 09:40:26.212613  4160 patch_match_options.cc:67] filter_geom_consistency_max_cost: 1
I20260915 09:40:26.212618  4160 patch_match_options.cc:68] write_consistency_graph: 0
I20260915 09:40:26.212623  4160 patch_match_options.cc:69] allow_missing_files: 0
I20260915 09:40:26.212628  4160 patch_match_options.cc:70] num_threads: -1
I20260915 09:40:26.212633  4160 patch_match.cc:129] --- PatchMatch::Run ---
I20260915 09:40:26.325875  4160 cudacc.cc:52] Initialization: 0.0456s
I20260915 09:40:27.102015  4160 cudacc.cc:52]  Sweep 1: 0.7760s
I20260915 09:40:27.998227  4160 cudacc.cc:52]  Sweep 2: 0.8961s
I20260915 09:40:28.856867  4160 cudacc.cc:52]  Sweep 3: 0.8586s
I20260915 09:40:29.833291  4160 cudacc.cc:52]  Sweep 4: 0.9763s
I20260915 09:40:29.833428  4160 cudacc.cc:52] Iteration 1: 3.5075s
I20260915 09:40:30.605885  4160 cudacc.cc:52]  Sweep 1: 0.7724s
I20260915 09:40:31.512998  4160 cudacc.cc:52]  Sweep 2: 0.9070s
I20260915 09:40:32.304141  4160 cudacc.cc:52]  Sweep 3: 0.7911s
I20260915 09:40:33.155099  4160 cudacc.cc:52]  Sweep 4: 0.8509s
I20260915 09:40:33.155252  4160 cudacc.cc:52] Iteration 2: 3.3218s
I20260915 09:40:33.950006  4160 cudacc.cc:52]  Sweep 1: 0.7947s
I20260915 09:40:34.786323  4160 cudacc.cc:52]  Sweep 2: 0.8362s
I20260915 09:40:35.550942  4160 cudacc.cc:52]  Sweep 3: 0.7645s
I20260915 09:40:36.384880  4160 cudacc.cc:52]  Sweep 4: 0.8339s
I20260915 09:40:36.385018  4160 cudacc.cc:52] Iteration 3: 3.2297s
I20260915 09:40:37.153220  4160 cudacc.cc:52]  Sweep 1: 0.7681s
I20260915 09:40:38.007786  4160 cudacc.cc:52]  Sweep 2: 0.8545s
I20260915 09:40:38.774372  4160 cudacc.cc:52]  Sweep 3: 0.7665s
I20260915 09:40:39.605448  4160 cudacc.cc:52]  Sweep 4: 0.8310s
I20260915 09:40:39.605556  4160 cudacc.cc:52] Iteration 4: 3.2205s
I20260915 09:40:40.369863  4160 cudacc.cc:52]  Sweep 1: 0.7643s
I20260915 09:40:41.243289  4160 cudacc.cc:52]  Sweep 2: 0.8733s
I20260915 09:40:42.014557  4160 cudacc.cc:52]  Sweep 3: 0.7712s
I20260915 09:40:42.835799  4160 cudacc.cc:52]  Sweep 4: 0.8211s
I20260915 09:40:42.835897  4160 cudacc.cc:52] Iteration 5: 3.2303s
I20260915 09:40:42.835935  4160 cudacc.cc:52] Total: 16.5560s
I20260915 09:40:42.835955  4160 patch_match.cc:525] 
Writing photometric output for IMG20260912150557.jpg
I20260915 09:40:44.123394  4160 patch_match.cc:419] === Processing view 21 / 37 for IMG20260912150559.jpg ===
I20260915 09:40:44.123492  4160 patch_match.cc:466] Reading inputs...
I20260915 09:40:44.487253  4160 patch_match.cc:56] --- PatchMatch::Problem ---
I20260915 09:40:44.487306  4160 patch_match.cc:57] ref_image_idx: 355
I20260915 09:40:44.487317  4160 patch_match.cc:64] src_image_idxs: 356 353 354 357
I20260915 09:40:44.487324  4160 patch_match_options.cc:46] --- PatchMatchOptions ---
I20260915 09:40:44.487330  4160 patch_match_options.cc:47] max_image_size: 3072
I20260915 09:40:44.487335  4160 patch_match_options.cc:48] gpu_index: 0
I20260915 09:40:44.487340  4160 patch_match_options.cc:49] depth_min: 1.11928
I20260915 09:40:44.487350  4160 patch_match_options.cc:50] depth_max: 3.20047
I20260915 09:40:44.487356  4160 patch_match_options.cc:51] window_radius: 5
I20260915 09:40:44.487360  4160 patch_match_options.cc:52] window_step: 1
I20260915 09:40:44.487365  4160 patch_match_options.cc:53] sigma_spatial: 5
I20260915 09:40:44.487371  4160 patch_match_options.cc:54] sigma_color: 0.2
I20260915 09:40:44.487376  4160 patch_match_options.cc:55] num_samples: 15
I20260915 09:40:44.487381  4160 patch_match_options.cc:56] ncc_sigma: 0.6
I20260915 09:40:44.487386  4160 patch_match_options.cc:57] min_triangulation_angle: 1
I20260915 09:40:44.487391  4160 patch_match_options.cc:58] incident_angle_sigma: 0.9
I20260915 09:40:44.487397  4160 patch_match_options.cc:59] num_iterations: 5
I20260915 09:40:44.487401  4160 patch_match_options.cc:60] geom_consistency: 0
I20260915 09:40:44.487406  4160 patch_match_options.cc:61] geom_consistency_regularizer: 0.3
I20260915 09:40:44.487412  4160 patch_match_options.cc:62] geom_consistency_max_cost: 3
I20260915 09:40:44.487417  4160 patch_match_options.cc:63] filter: 0
I20260915 09:40:44.487422  4160 patch_match_options.cc:64] filter_min_ncc: 0.1
I20260915 09:40:44.487427  4160 patch_match_options.cc:65] filter_min_triangulation_angle: 3
I20260915 09:40:44.487473  4160 patch_match_options.cc:66] filter_min_num_consistent: 2
I20260915 09:40:44.487488  4160 patch_match_options.cc:67] filter_geom_consistency_max_cost: 1
I20260915 09:40:44.487496  4160 patch_match_options.cc:68] write_consistency_graph: 0
I20260915 09:40:44.487502  4160 patch_match_options.cc:69] allow_missing_files: 0
I20260915 09:40:44.487507  4160 patch_match_options.cc:70] num_threads: -1
I20260915 09:40:44.487513  4160 patch_match.cc:129] --- PatchMatch::Run ---
I20260915 09:40:44.775145  4160 cudacc.cc:52] Initialization: 0.0453s
I20260915 09:40:45.546011  4160 cudacc.cc:52]  Sweep 1: 0.7707s
I20260915 09:40:46.446829  4160 cudacc.cc:52]  Sweep 2: 0.9007s
I20260915 09:40:47.223685  4160 cudacc.cc:52]  Sweep 3: 0.7767s
I20260915 09:40:48.068466  4160 cudacc.cc:52]  Sweep 4: 0.8446s
I20260915 09:40:48.068541  4160 cudacc.cc:52] Iteration 1: 3.2933s
I20260915 09:40:48.837296  4160 cudacc.cc:52]  Sweep 1: 0.7687s
I20260915 09:40:49.667366  4160 cudacc.cc:52]  Sweep 2: 0.8299s
I20260915 09:40:50.433613  4160 cudacc.cc:52]  Sweep 3: 0.7661s
I20260915 09:40:51.287401  4160 cudacc.cc:52]  Sweep 4: 0.8537s
I20260915 09:40:51.287509  4160 cudacc.cc:52] Iteration 2: 3.2190s
I20260915 09:40:52.130523  4160 cudacc.cc:52]  Sweep 1: 0.8430s
I20260915 09:40:53.000265  4160 cudacc.cc:52]  Sweep 2: 0.8696s
I20260915 09:40:53.850441  4160 cudacc.cc:52]  Sweep 3: 0.8501s
I20260915 09:40:54.797999  4160 cudacc.cc:52]  Sweep 4: 0.9475s
I20260915 09:40:54.798096  4160 cudacc.cc:52] Iteration 3: 3.5106s
I20260915 09:40:55.562222  4160 cudacc.cc:52]  Sweep 1: 0.7641s
I20260915 09:40:56.381170  4160 cudacc.cc:52]  Sweep 2: 0.8189s
I20260915 09:40:57.154614  4160 cudacc.cc:52]  Sweep 3: 0.7734s
I20260915 09:40:57.975850  4160 cudacc.cc:52]  Sweep 4: 0.8211s
I20260915 09:40:57.975919  4160 cudacc.cc:52] Iteration 4: 3.1778s
I20260915 09:40:58.741319  4160 cudacc.cc:52]  Sweep 1: 0.7654s
I20260915 09:40:59.599891  4160 cudacc.cc:52]  Sweep 2: 0.8585s
I20260915 09:41:00.447012  4160 cudacc.cc:52]  Sweep 3: 0.8470s
I20260915 09:41:01.262187  4160 cudacc.cc:52]  Sweep 4: 0.8151s
I20260915 09:41:01.262314  4160 cudacc.cc:52] Iteration 5: 3.2864s
I20260915 09:41:01.262353  4160 cudacc.cc:52] Total: 16.5327s
I20260915 09:41:01.262364  4160 patch_match.cc:525] 
Writing photometric output for IMG20260912150559.jpg
I20260915 09:41:02.732122  4160 patch_match.cc:419] === Processing view 22 / 37 for IMG20260912150601.jpg ===
I20260915 09:41:02.732206  4160 patch_match.cc:466] Reading inputs...
I20260915 09:41:03.163555  4160 patch_match.cc:56] --- PatchMatch::Problem ---
I20260915 09:41:03.163609  4160 patch_match.cc:57] ref_image_idx: 356
I20260915 09:41:03.163619  4160 patch_match.cc:64] src_image_idxs: 358 355 357 354
I20260915 09:41:03.163626  4160 patch_match_options.cc:46] --- PatchMatchOptions ---
I20260915 09:41:03.163631  4160 patch_match_options.cc:47] max_image_size: 3072
I20260915 09:41:03.163668  4160 patch_match_options.cc:48] gpu_index: 0
I20260915 09:41:03.163708  4160 patch_match_options.cc:49] depth_min: 1.13354
I20260915 09:41:03.163738  4160 patch_match_options.cc:50] depth_max: 3.2038
I20260915 09:41:03.163753  4160 patch_match_options.cc:51] window_radius: 5
I20260915 09:41:03.163764  4160 patch_match_options.cc:52] window_step: 1
I20260915 09:41:03.163775  4160 patch_match_options.cc:53] sigma_spatial: 5
I20260915 09:41:03.163788  4160 patch_match_options.cc:54] sigma_color: 0.2
I20260915 09:41:03.163800  4160 patch_match_options.cc:55] num_samples: 15
I20260915 09:41:03.163812  4160 patch_match_options.cc:56] ncc_sigma: 0.6
I20260915 09:41:03.163824  4160 patch_match_options.cc:57] min_triangulation_angle: 1
I20260915 09:41:03.163837  4160 patch_match_options.cc:58] incident_angle_sigma: 0.9
I20260915 09:41:03.163849  4160 patch_match_options.cc:59] num_iterations: 5
I20260915 09:41:03.163860  4160 patch_match_options.cc:60] geom_consistency: 0
I20260915 09:41:03.163938  4160 patch_match_options.cc:61] geom_consistency_regularizer: 0.3
I20260915 09:41:03.163961  4160 patch_match_options.cc:62] geom_consistency_max_cost: 3
I20260915 09:41:03.163968  4160 patch_match_options.cc:63] filter: 0
I20260915 09:41:03.163974  4160 patch_match_options.cc:64] filter_min_ncc: 0.1
I20260915 09:41:03.163979  4160 patch_match_options.cc:65] filter_min_triangulation_angle: 3
I20260915 09:41:03.163985  4160 patch_match_options.cc:66] filter_min_num_consistent: 2
I20260915 09:41:03.163989  4160 patch_match_options.cc:67] filter_geom_consistency_max_cost: 1
I20260915 09:41:03.163995  4160 patch_match_options.cc:68] write_consistency_graph: 0
I20260915 09:41:03.164000  4160 patch_match_options.cc:69] allow_missing_files: 0
I20260915 09:41:03.164005  4160 patch_match_options.cc:70] num_threads: -1
I20260915 09:41:03.164014  4160 patch_match.cc:129] --- PatchMatch::Run ---
I20260915 09:41:03.504028  4160 cudacc.cc:52] Initialization: 0.0849s
I20260915 09:41:04.276491  4160 cudacc.cc:52]  Sweep 1: 0.7722s
I20260915 09:41:05.197679  4160 cudacc.cc:52]  Sweep 2: 0.9211s
I20260915 09:41:05.968433  4160 cudacc.cc:52]  Sweep 3: 0.7707s
I20260915 09:41:06.813278  4160 cudacc.cc:52]  Sweep 4: 0.8448s
I20260915 09:41:06.813352  4160 cudacc.cc:52] Iteration 1: 3.3091s
I20260915 09:41:07.582177  4160 cudacc.cc:52]  Sweep 1: 0.7688s
I20260915 09:41:08.416509  4160 cudacc.cc:52]  Sweep 2: 0.8343s
I20260915 09:41:09.185329  4160 cudacc.cc:52]  Sweep 3: 0.7687s
I20260915 09:41:10.019805  4160 cudacc.cc:52]  Sweep 4: 0.8344s
I20260915 09:41:10.019902  4160 cudacc.cc:52] Iteration 2: 3.2066s
I20260915 09:41:10.783973  4160 cudacc.cc:52]  Sweep 1: 0.7640s
I20260915 09:41:11.614187  4160 cudacc.cc:52]  Sweep 2: 0.8301s
I20260915 09:41:12.380023  4160 cudacc.cc:52]  Sweep 3: 0.7657s
I20260915 09:41:13.265301  4160 cudacc.cc:52]  Sweep 4: 0.8852s
I20260915 09:41:13.265372  4160 cudacc.cc:52] Iteration 3: 3.2455s
I20260915 09:41:14.031616  4160 cudacc.cc:52]  Sweep 1: 0.7662s
I20260915 09:41:14.974410  4160 cudacc.cc:52]  Sweep 2: 0.9427s
I20260915 09:41:15.740420  4160 cudacc.cc:52]  Sweep 3: 0.7659s
I20260915 09:41:16.602770  4160 cudacc.cc:52]  Sweep 4: 0.8622s
I20260915 09:41:16.602937  4160 cudacc.cc:52] Iteration 4: 3.3376s
I20260915 09:41:17.366756  4160 cudacc.cc:52]  Sweep 1: 0.7638s
I20260915 09:41:18.185163  4160 cudacc.cc:52]  Sweep 2: 0.8183s
I20260915 09:41:18.949947  4160 cudacc.cc:52]  Sweep 3: 0.7647s
I20260915 09:41:19.772624  4160 cudacc.cc:52]  Sweep 4: 0.8226s
I20260915 09:41:19.772719  4160 cudacc.cc:52] Iteration 5: 3.1698s
I20260915 09:41:19.772755  4160 cudacc.cc:52] Total: 16.3539s
I20260915 09:41:19.772773  4160 patch_match.cc:525] 
Writing photometric output for IMG20260912150601.jpg
I20260915 09:41:21.032041  4160 patch_match.cc:419] === Processing view 23 / 37 for IMG20260912150604.jpg ===
I20260915 09:41:21.032170  4160 patch_match.cc:466] Reading inputs...
I20260915 09:41:21.392969  4160 patch_match.cc:56] --- PatchMatch::Problem ---
I20260915 09:41:21.393023  4160 patch_match.cc:57] ref_image_idx: 357
I20260915 09:41:21.393034  4160 patch_match.cc:64] src_image_idxs: 356 358 355 359
I20260915 09:41:21.393041  4160 patch_match_options.cc:46] --- PatchMatchOptions ---
I20260915 09:41:21.393046  4160 patch_match_options.cc:47] max_image_size: 3072
I20260915 09:41:21.393051  4160 patch_match_options.cc:48] gpu_index: 0
I20260915 09:41:21.393055  4160 patch_match_options.cc:49] depth_min: 1.13436
I20260915 09:41:21.393065  4160 patch_match_options.cc:50] depth_max: 3.21869
I20260915 09:41:21.393071  4160 patch_match_options.cc:51] window_radius: 5
I20260915 09:41:21.393075  4160 patch_match_options.cc:52] window_step: 1
I20260915 09:41:21.393080  4160 patch_match_options.cc:53] sigma_spatial: 5
I20260915 09:41:21.393085  4160 patch_match_options.cc:54] sigma_color: 0.2
I20260915 09:41:21.393091  4160 patch_match_options.cc:55] num_samples: 15
I20260915 09:41:21.393096  4160 patch_match_options.cc:56] ncc_sigma: 0.6
I20260915 09:41:21.393105  4160 patch_match_options.cc:57] min_triangulation_angle: 1
I20260915 09:41:21.393114  4160 patch_match_options.cc:58] incident_angle_sigma: 0.9
I20260915 09:41:21.393120  4160 patch_match_options.cc:59] num_iterations: 5
I20260915 09:41:21.393125  4160 patch_match_options.cc:60] geom_consistency: 0
I20260915 09:41:21.393130  4160 patch_match_options.cc:61] geom_consistency_regularizer: 0.3
I20260915 09:41:21.393138  4160 patch_match_options.cc:62] geom_consistency_max_cost: 3
I20260915 09:41:21.393144  4160 patch_match_options.cc:63] filter: 0
I20260915 09:41:21.393149  4160 patch_match_options.cc:64] filter_min_ncc: 0.1
I20260915 09:41:21.393157  4160 patch_match_options.cc:65] filter_min_triangulation_angle: 3
I20260915 09:41:21.393163  4160 patch_match_options.cc:66] filter_min_num_consistent: 2
I20260915 09:41:21.393168  4160 patch_match_options.cc:67] filter_geom_consistency_max_cost: 1
I20260915 09:41:21.393175  4160 patch_match_options.cc:68] write_consistency_graph: 0
I20260915 09:41:21.393181  4160 patch_match_options.cc:69] allow_missing_files: 0
I20260915 09:41:21.393186  4160 patch_match_options.cc:70] num_threads: -1
I20260915 09:41:21.393194  4160 patch_match.cc:129] --- PatchMatch::Run ---
I20260915 09:41:21.503960  4160 cudacc.cc:52] Initialization: 0.0461s
I20260915 09:41:22.273110  4160 cudacc.cc:52]  Sweep 1: 0.7691s
I20260915 09:41:23.273215  4160 cudacc.cc:52]  Sweep 2: 1.0000s
I20260915 09:41:24.098165  4160 cudacc.cc:52]  Sweep 3: 0.8248s
I20260915 09:41:24.985402  4160 cudacc.cc:52]  Sweep 4: 0.8872s
I20260915 09:41:24.985474  4160 cudacc.cc:52] Iteration 1: 3.4815s
I20260915 09:41:25.787888  4160 cudacc.cc:52]  Sweep 1: 0.8024s
I20260915 09:41:26.624970  4160 cudacc.cc:52]  Sweep 2: 0.8370s
I20260915 09:41:27.392349  4160 cudacc.cc:52]  Sweep 3: 0.7673s
I20260915 09:41:28.229784  4160 cudacc.cc:52]  Sweep 4: 0.8374s
I20260915 09:41:28.229879  4160 cudacc.cc:52] Iteration 2: 3.2444s
I20260915 09:41:28.995434  4160 cudacc.cc:52]  Sweep 1: 0.7655s
I20260915 09:41:29.829028  4160 cudacc.cc:52]  Sweep 2: 0.8335s
I20260915 09:41:30.596901  4160 cudacc.cc:52]  Sweep 3: 0.7678s
I20260915 09:41:31.430589  4160 cudacc.cc:52]  Sweep 4: 0.8336s
I20260915 09:41:31.430691  4160 cudacc.cc:52] Iteration 3: 3.2008s
I20260915 09:41:32.193957  4160 cudacc.cc:52]  Sweep 1: 0.7632s
I20260915 09:41:33.021093  4160 cudacc.cc:52]  Sweep 2: 0.8271s
I20260915 09:41:33.786386  4160 cudacc.cc:52]  Sweep 3: 0.7652s
I20260915 09:41:34.615348  4160 cudacc.cc:52]  Sweep 4: 0.8289s
I20260915 09:41:34.615425  4160 cudacc.cc:52] Iteration 4: 3.1847s
I20260915 09:41:35.377911  4160 cudacc.cc:52]  Sweep 1: 0.7624s
I20260915 09:41:36.200739  4160 cudacc.cc:52]  Sweep 2: 0.8227s
I20260915 09:41:36.967679  4160 cudacc.cc:52]  Sweep 3: 0.7668s
I20260915 09:41:37.792933  4160 cudacc.cc:52]  Sweep 4: 0.8251s
I20260915 09:41:37.793040  4160 cudacc.cc:52] Iteration 5: 3.1776s
I20260915 09:41:37.793101  4160 cudacc.cc:52] Total: 16.3355s
I20260915 09:41:37.793120  4160 patch_match.cc:525] 
Writing photometric output for IMG20260912150604.jpg
I20260915 09:41:39.327878  4160 patch_match.cc:419] === Processing view 24 / 37 for IMG20260912150605.jpg ===
I20260915 09:41:39.328035  4160 patch_match.cc:466] Reading inputs...
I20260915 09:41:39.736269  4160 patch_match.cc:56] --- PatchMatch::Problem ---
I20260915 09:41:39.736334  4160 patch_match.cc:57] ref_image_idx: 358
I20260915 09:41:39.736345  4160 patch_match.cc:64] src_image_idxs: 356 359 357 360
I20260915 09:41:39.736394  4160 patch_match_options.cc:46] --- PatchMatchOptions ---
I20260915 09:41:39.736403  4160 patch_match_options.cc:47] max_image_size: 3072
I20260915 09:41:39.736409  4160 patch_match_options.cc:48] gpu_index: 0
I20260915 09:41:39.736415  4160 patch_match_options.cc:49] depth_min: 1.14208
I20260915 09:41:39.736429  4160 patch_match_options.cc:50] depth_max: 3.19418
I20260915 09:41:39.736435  4160 patch_match_options.cc:51] window_radius: 5
I20260915 09:41:39.736441  4160 patch_match_options.cc:52] window_step: 1
I20260915 09:41:39.736447  4160 patch_match_options.cc:53] sigma_spatial: 5
I20260915 09:41:39.736453  4160 patch_match_options.cc:54] sigma_color: 0.2
I20260915 09:41:39.736460  4160 patch_match_options.cc:55] num_samples: 15
I20260915 09:41:39.736466  4160 patch_match_options.cc:56] ncc_sigma: 0.6
I20260915 09:41:39.736472  4160 patch_match_options.cc:57] min_triangulation_angle: 1
I20260915 09:41:39.736478  4160 patch_match_options.cc:58] incident_angle_sigma: 0.9
I20260915 09:41:39.736485  4160 patch_match_options.cc:59] num_iterations: 5
I20260915 09:41:39.736491  4160 patch_match_options.cc:60] geom_consistency: 0
I20260915 09:41:39.736498  4160 patch_match_options.cc:61] geom_consistency_regularizer: 0.3
I20260915 09:41:39.736504  4160 patch_match_options.cc:62] geom_consistency_max_cost: 3
I20260915 09:41:39.736510  4160 patch_match_options.cc:63] filter: 0
I20260915 09:41:39.736516  4160 patch_match_options.cc:64] filter_min_ncc: 0.1
I20260915 09:41:39.736522  4160 patch_match_options.cc:65] filter_min_triangulation_angle: 3
I20260915 09:41:39.736528  4160 patch_match_options.cc:66] filter_min_num_consistent: 2
I20260915 09:41:39.736534  4160 patch_match_options.cc:67] filter_geom_consistency_max_cost: 1
I20260915 09:41:39.736540  4160 patch_match_options.cc:68] write_consistency_graph: 0
I20260915 09:41:39.736548  4160 patch_match_options.cc:69] allow_missing_files: 0
I20260915 09:41:39.736554  4160 patch_match_options.cc:70] num_threads: -1
I20260915 09:41:39.736560  4160 patch_match.cc:129] --- PatchMatch::Run ---
I20260915 09:41:39.951636  4160 cudacc.cc:52] Initialization: 0.0456s
I20260915 09:41:40.731079  4160 cudacc.cc:52]  Sweep 1: 0.7794s
I20260915 09:41:41.699929  4160 cudacc.cc:52]  Sweep 2: 0.9687s
I20260915 09:41:42.501009  4160 cudacc.cc:52]  Sweep 3: 0.8009s
I20260915 09:41:43.392300  4160 cudacc.cc:52]  Sweep 4: 0.8912s
I20260915 09:41:43.392375  4160 cudacc.cc:52] Iteration 1: 3.4407s
I20260915 09:41:44.171825  4160 cudacc.cc:52]  Sweep 1: 0.7794s
I20260915 09:41:45.119072  4160 cudacc.cc:52]  Sweep 2: 0.9472s
I20260915 09:41:45.887451  4160 cudacc.cc:52]  Sweep 3: 0.7683s
I20260915 09:41:46.725953  4160 cudacc.cc:52]  Sweep 4: 0.8384s
I20260915 09:41:46.726106  4160 cudacc.cc:52] Iteration 2: 3.3337s
I20260915 09:41:47.493823  4160 cudacc.cc:52]  Sweep 1: 0.7677s
I20260915 09:41:48.361149  4160 cudacc.cc:52]  Sweep 2: 0.8673s
I20260915 09:41:49.219002  4160 cudacc.cc:52]  Sweep 3: 0.8577s
I20260915 09:41:50.049680  4160 cudacc.cc:52]  Sweep 4: 0.8305s
I20260915 09:41:50.049845  4160 cudacc.cc:52] Iteration 3: 3.3237s
I20260915 09:41:50.814860  4160 cudacc.cc:52]  Sweep 1: 0.7649s
I20260915 09:41:51.639963  4160 cudacc.cc:52]  Sweep 2: 0.8250s
I20260915 09:41:52.415757  4160 cudacc.cc:52]  Sweep 3: 0.7757s
I20260915 09:41:53.241415  4160 cudacc.cc:52]  Sweep 4: 0.8256s
I20260915 09:41:53.241484  4160 cudacc.cc:52] Iteration 4: 3.1916s
I20260915 09:41:54.003675  4160 cudacc.cc:52]  Sweep 1: 0.7622s
I20260915 09:41:54.825698  4160 cudacc.cc:52]  Sweep 2: 0.8219s
I20260915 09:41:55.590526  4160 cudacc.cc:52]  Sweep 3: 0.7647s
I20260915 09:41:56.410230  4160 cudacc.cc:52]  Sweep 4: 0.8196s
I20260915 09:41:56.410362  4160 cudacc.cc:52] Iteration 5: 3.1689s
I20260915 09:41:56.410429  4160 cudacc.cc:52] Total: 16.5046s
I20260915 09:41:56.410468  4160 patch_match.cc:525] 
Writing photometric output for IMG20260912150605.jpg
I20260915 09:41:57.607534  4160 patch_match.cc:419] === Processing view 25 / 37 for IMG20260912150607.jpg ===
I20260915 09:41:57.607684  4160 patch_match.cc:466] Reading inputs...
I20260915 09:41:57.980265  4160 patch_match.cc:56] --- PatchMatch::Problem ---
I20260915 09:41:57.980341  4160 patch_match.cc:57] ref_image_idx: 359
I20260915 09:41:57.980363  4160 patch_match.cc:64] src_image_idxs: 358 361 360 357
I20260915 09:41:57.980377  4160 patch_match_options.cc:46] --- PatchMatchOptions ---
I20260915 09:41:57.980389  4160 patch_match_options.cc:47] max_image_size: 3072
I20260915 09:41:57.980402  4160 patch_match_options.cc:48] gpu_index: 0
I20260915 09:41:57.980413  4160 patch_match_options.cc:49] depth_min: 1.13514
I20260915 09:41:57.980443  4160 patch_match_options.cc:50] depth_max: 3.18095
I20260915 09:41:57.980463  4160 patch_match_options.cc:51] window_radius: 5
I20260915 09:41:57.980481  4160 patch_match_options.cc:52] window_step: 1
I20260915 09:41:57.980499  4160 patch_match_options.cc:53] sigma_spatial: 5
I20260915 09:41:57.980518  4160 patch_match_options.cc:54] sigma_color: 0.2
I20260915 09:41:57.980545  4160 patch_match_options.cc:55] num_samples: 15
I20260915 09:41:57.980569  4160 patch_match_options.cc:56] ncc_sigma: 0.6
I20260915 09:41:57.980594  4160 patch_match_options.cc:57] min_triangulation_angle: 1
I20260915 09:41:57.980621  4160 patch_match_options.cc:58] incident_angle_sigma: 0.9
I20260915 09:41:57.980646  4160 patch_match_options.cc:59] num_iterations: 5
I20260915 09:41:57.980664  4160 patch_match_options.cc:60] geom_consistency: 0
I20260915 09:41:57.980682  4160 patch_match_options.cc:61] geom_consistency_regularizer: 0.3
I20260915 09:41:57.980703  4160 patch_match_options.cc:62] geom_consistency_max_cost: 3
I20260915 09:41:57.980722  4160 patch_match_options.cc:63] filter: 0
I20260915 09:41:57.980740  4160 patch_match_options.cc:64] filter_min_ncc: 0.1
I20260915 09:41:57.980765  4160 patch_match_options.cc:65] filter_min_triangulation_angle: 3
I20260915 09:41:57.980789  4160 patch_match_options.cc:66] filter_min_num_consistent: 2
I20260915 09:41:57.980807  4160 patch_match_options.cc:67] filter_geom_consistency_max_cost: 1
I20260915 09:41:57.980827  4160 patch_match_options.cc:68] write_consistency_graph: 0
I20260915 09:41:57.980847  4160 patch_match_options.cc:69] allow_missing_files: 0
I20260915 09:41:57.980865  4160 patch_match_options.cc:70] num_threads: -1
I20260915 09:41:57.980884  4160 patch_match.cc:129] --- PatchMatch::Run ---
I20260915 09:41:58.092718  4160 cudacc.cc:52] Initialization: 0.0463s
I20260915 09:41:58.875350  4160 cudacc.cc:52]  Sweep 1: 0.7825s
I20260915 09:41:59.729547  4160 cudacc.cc:52]  Sweep 2: 0.8541s
I20260915 09:42:00.505306  4160 cudacc.cc:52]  Sweep 3: 0.7756s
I20260915 09:42:01.388109  4160 cudacc.cc:52]  Sweep 4: 0.8827s
I20260915 09:42:01.388217  4160 cudacc.cc:52] Iteration 1: 3.2954s
I20260915 09:42:02.168959  4160 cudacc.cc:52]  Sweep 1: 0.7807s
I20260915 09:42:03.101123  4160 cudacc.cc:52]  Sweep 2: 0.9321s
I20260915 09:42:03.870018  4160 cudacc.cc:52]  Sweep 3: 0.7688s
I20260915 09:42:04.696977  4160 cudacc.cc:52]  Sweep 4: 0.8269s
I20260915 09:42:04.697101  4160 cudacc.cc:52] Iteration 2: 3.3089s
I20260915 09:42:05.458896  4160 cudacc.cc:52]  Sweep 1: 0.7617s
I20260915 09:42:06.357403  4160 cudacc.cc:52]  Sweep 2: 0.8984s
I20260915 09:42:07.213183  4160 cudacc.cc:52]  Sweep 3: 0.8557s
I20260915 09:42:08.149448  4160 cudacc.cc:52]  Sweep 4: 0.9362s
I20260915 09:42:08.149521  4160 cudacc.cc:52] Iteration 3: 3.4524s
I20260915 09:42:09.001551  4160 cudacc.cc:52]  Sweep 1: 0.8520s
I20260915 09:42:09.925469  4160 cudacc.cc:52]  Sweep 2: 0.9239s
I20260915 09:42:10.711678  4160 cudacc.cc:52]  Sweep 3: 0.7861s
I20260915 09:42:11.563217  4160 cudacc.cc:52]  Sweep 4: 0.8515s
I20260915 09:42:11.563289  4160 cudacc.cc:52] Iteration 4: 3.4138s
I20260915 09:42:12.412347  4160 cudacc.cc:52]  Sweep 1: 0.8490s
I20260915 09:42:13.327716  4160 cudacc.cc:52]  Sweep 2: 0.9153s
I20260915 09:42:14.092891  4160 cudacc.cc:52]  Sweep 3: 0.7651s
I20260915 09:42:14.935239  4160 cudacc.cc:52]  Sweep 4: 0.8423s
I20260915 09:42:14.935345  4160 cudacc.cc:52] Iteration 5: 3.3721s
I20260915 09:42:14.935385  4160 cudacc.cc:52] Total: 16.8891s
I20260915 09:42:14.935405  4160 patch_match.cc:525] 
Writing photometric output for IMG20260912150607.jpg
I20260915 09:42:16.175121  4160 patch_match.cc:419] === Processing view 26 / 37 for IMG20260912150609.jpg ===
I20260915 09:42:16.175221  4160 patch_match.cc:466] Reading inputs...
I20260915 09:42:16.547633  4160 patch_match.cc:56] --- PatchMatch::Problem ---
I20260915 09:42:16.547732  4160 patch_match.cc:57] ref_image_idx: 360
I20260915 09:42:16.547743  4160 patch_match.cc:64] src_image_idxs: 361 358 359 362
I20260915 09:42:16.547749  4160 patch_match_options.cc:46] --- PatchMatchOptions ---
I20260915 09:42:16.547754  4160 patch_match_options.cc:47] max_image_size: 3072
I20260915 09:42:16.547759  4160 patch_match_options.cc:48] gpu_index: 0
I20260915 09:42:16.547764  4160 patch_match_options.cc:49] depth_min: 1.13618
I20260915 09:42:16.547773  4160 patch_match_options.cc:50] depth_max: 3.17908
I20260915 09:42:16.547778  4160 patch_match_options.cc:51] window_radius: 5
I20260915 09:42:16.547782  4160 patch_match_options.cc:52] window_step: 1
I20260915 09:42:16.547787  4160 patch_match_options.cc:53] sigma_spatial: 5
I20260915 09:42:16.547792  4160 patch_match_options.cc:54] sigma_color: 0.2
I20260915 09:42:16.547797  4160 patch_match_options.cc:55] num_samples: 15
I20260915 09:42:16.547802  4160 patch_match_options.cc:56] ncc_sigma: 0.6
I20260915 09:42:16.547807  4160 patch_match_options.cc:57] min_triangulation_angle: 1
I20260915 09:42:16.547812  4160 patch_match_options.cc:58] incident_angle_sigma: 0.9
I20260915 09:42:16.547817  4160 patch_match_options.cc:59] num_iterations: 5
I20260915 09:42:16.547821  4160 patch_match_options.cc:60] geom_consistency: 0
I20260915 09:42:16.547826  4160 patch_match_options.cc:61] geom_consistency_regularizer: 0.3
I20260915 09:42:16.547831  4160 patch_match_options.cc:62] geom_consistency_max_cost: 3
I20260915 09:42:16.547836  4160 patch_match_options.cc:63] filter: 0
I20260915 09:42:16.547845  4160 patch_match_options.cc:64] filter_min_ncc: 0.1
I20260915 09:42:16.547849  4160 patch_match_options.cc:65] filter_min_triangulation_angle: 3
I20260915 09:42:16.547854  4160 patch_match_options.cc:66] filter_min_num_consistent: 2
I20260915 09:42:16.547859  4160 patch_match_options.cc:67] filter_geom_consistency_max_cost: 1
I20260915 09:42:16.547864  4160 patch_match_options.cc:68] write_consistency_graph: 0
I20260915 09:42:16.547868  4160 patch_match_options.cc:69] allow_missing_files: 0
I20260915 09:42:16.547873  4160 patch_match_options.cc:70] num_threads: -1
I20260915 09:42:16.547879  4160 patch_match.cc:129] --- PatchMatch::Run ---
I20260915 09:42:16.655171  4160 cudacc.cc:52] Initialization: 0.0465s
I20260915 09:42:17.435466  4160 cudacc.cc:52]  Sweep 1: 0.7801s
I20260915 09:42:18.313655  4160 cudacc.cc:52]  Sweep 2: 0.8781s
I20260915 09:42:19.132916  4160 cudacc.cc:52]  Sweep 3: 0.8192s
I20260915 09:42:20.072562  4160 cudacc.cc:52]  Sweep 4: 0.9395s
I20260915 09:42:20.072635  4160 cudacc.cc:52] Iteration 1: 3.4173s
I20260915 09:42:20.841364  4160 cudacc.cc:52]  Sweep 1: 0.7687s
I20260915 09:42:21.747534  4160 cudacc.cc:52]  Sweep 2: 0.9061s
I20260915 09:42:22.606317  4160 cudacc.cc:52]  Sweep 3: 0.8587s
I20260915 09:42:23.549071  4160 cudacc.cc:52]  Sweep 4: 0.9427s
I20260915 09:42:23.549183  4160 cudacc.cc:52] Iteration 2: 3.4766s
I20260915 09:42:24.313583  4160 cudacc.cc:52]  Sweep 1: 0.7643s
I20260915 09:42:25.175171  4160 cudacc.cc:52]  Sweep 2: 0.8615s
I20260915 09:42:26.031696  4160 cudacc.cc:52]  Sweep 3: 0.8564s
I20260915 09:42:26.853579  4160 cudacc.cc:52]  Sweep 4: 0.8218s
I20260915 09:42:26.853657  4160 cudacc.cc:52] Iteration 3: 3.3045s
I20260915 09:42:27.620344  4160 cudacc.cc:52]  Sweep 1: 0.7667s
I20260915 09:42:28.441487  4160 cudacc.cc:52]  Sweep 2: 0.8211s
I20260915 09:42:29.205358  4160 cudacc.cc:52]  Sweep 3: 0.7638s
I20260915 09:42:30.033054  4160 cudacc.cc:52]  Sweep 4: 0.8276s
I20260915 09:42:30.033130  4160 cudacc.cc:52] Iteration 4: 3.1795s
I20260915 09:42:30.796202  4160 cudacc.cc:52]  Sweep 1: 0.7630s
I20260915 09:42:31.613443  4160 cudacc.cc:52]  Sweep 2: 0.8172s
I20260915 09:42:32.381889  4160 cudacc.cc:52]  Sweep 3: 0.7683s
I20260915 09:42:33.212881  4160 cudacc.cc:52]  Sweep 4: 0.8309s
I20260915 09:42:33.213022  4160 cudacc.cc:52] Iteration 5: 3.1799s
I20260915 09:42:33.213062  4160 cudacc.cc:52] Total: 16.6046s
I20260915 09:42:33.213081  4160 patch_match.cc:525] 
Writing photometric output for IMG20260912150609.jpg
I20260915 09:42:34.648624  4160 patch_match.cc:419] === Processing view 27 / 37 for IMG20260912150610.jpg ===
I20260915 09:42:34.648721  4160 patch_match.cc:466] Reading inputs...
I20260915 09:42:35.004069  4160 patch_match.cc:56] --- PatchMatch::Problem ---
I20260915 09:42:35.004158  4160 patch_match.cc:57] ref_image_idx: 361
I20260915 09:42:35.004181  4160 patch_match.cc:64] src_image_idxs: 362 360 359 363
I20260915 09:42:35.004197  4160 patch_match_options.cc:46] --- PatchMatchOptions ---
I20260915 09:42:35.004210  4160 patch_match_options.cc:47] max_image_size: 3072
I20260915 09:42:35.004224  4160 patch_match_options.cc:48] gpu_index: 0
I20260915 09:42:35.004237  4160 patch_match_options.cc:49] depth_min: 1.12868
I20260915 09:42:35.004259  4160 patch_match_options.cc:50] depth_max: 3.17513
I20260915 09:42:35.004274  4160 patch_match_options.cc:51] window_radius: 5
I20260915 09:42:35.004288  4160 patch_match_options.cc:52] window_step: 1
I20260915 09:42:35.004301  4160 patch_match_options.cc:53] sigma_spatial: 5
I20260915 09:42:35.004316  4160 patch_match_options.cc:54] sigma_color: 0.2
I20260915 09:42:35.004338  4160 patch_match_options.cc:55] num_samples: 15
I20260915 09:42:35.004351  4160 patch_match_options.cc:56] ncc_sigma: 0.6
I20260915 09:42:35.004366  4160 patch_match_options.cc:57] min_triangulation_angle: 1
I20260915 09:42:35.004380  4160 patch_match_options.cc:58] incident_angle_sigma: 0.9
I20260915 09:42:35.004394  4160 patch_match_options.cc:59] num_iterations: 5
I20260915 09:42:35.004407  4160 patch_match_options.cc:60] geom_consistency: 0
I20260915 09:42:35.004424  4160 patch_match_options.cc:61] geom_consistency_regularizer: 0.3
I20260915 09:42:35.004439  4160 patch_match_options.cc:62] geom_consistency_max_cost: 3
I20260915 09:42:35.004453  4160 patch_match_options.cc:63] filter: 0
I20260915 09:42:35.004466  4160 patch_match_options.cc:64] filter_min_ncc: 0.1
I20260915 09:42:35.004480  4160 patch_match_options.cc:65] filter_min_triangulation_angle: 3
I20260915 09:42:35.004494  4160 patch_match_options.cc:66] filter_min_num_consistent: 2
I20260915 09:42:35.004507  4160 patch_match_options.cc:67] filter_geom_consistency_max_cost: 1
I20260915 09:42:35.004521  4160 patch_match_options.cc:68] write_consistency_graph: 0
I20260915 09:42:35.004535  4160 patch_match_options.cc:69] allow_missing_files: 0
I20260915 09:42:35.004554  4160 patch_match_options.cc:70] num_threads: -1
I20260915 09:42:35.004584  4160 patch_match.cc:129] --- PatchMatch::Run ---
I20260915 09:42:35.318531  4160 cudacc.cc:52] Initialization: 0.0750s
I20260915 09:42:36.097645  4160 cudacc.cc:52]  Sweep 1: 0.7790s
I20260915 09:42:36.988606  4160 cudacc.cc:52]  Sweep 2: 0.8909s
I20260915 09:42:37.850559  4160 cudacc.cc:52]  Sweep 3: 0.8619s
I20260915 09:42:38.689067  4160 cudacc.cc:52]  Sweep 4: 0.8384s
I20260915 09:42:38.689154  4160 cudacc.cc:52] Iteration 1: 3.3705s
I20260915 09:42:39.457082  4160 cudacc.cc:52]  Sweep 1: 0.7679s
I20260915 09:42:40.284423  4160 cudacc.cc:52]  Sweep 2: 0.8273s
I20260915 09:42:41.059283  4160 cudacc.cc:52]  Sweep 3: 0.7748s
I20260915 09:42:42.008155  4160 cudacc.cc:52]  Sweep 4: 0.9488s
I20260915 09:42:42.008223  4160 cudacc.cc:52] Iteration 2: 3.3191s
I20260915 09:42:42.778582  4160 cudacc.cc:52]  Sweep 1: 0.7703s
I20260915 09:42:43.609848  4160 cudacc.cc:52]  Sweep 2: 0.8312s
I20260915 09:42:44.383428  4160 cudacc.cc:52]  Sweep 3: 0.7735s
I20260915 09:42:45.203414  4160 cudacc.cc:52]  Sweep 4: 0.8199s
I20260915 09:42:45.203516  4160 cudacc.cc:52] Iteration 3: 3.1953s
I20260915 09:42:45.968255  4160 cudacc.cc:52]  Sweep 1: 0.7647s
I20260915 09:42:46.783515  4160 cudacc.cc:52]  Sweep 2: 0.8152s
I20260915 09:42:47.548752  4160 cudacc.cc:52]  Sweep 3: 0.7652s
I20260915 09:42:48.412812  4160 cudacc.cc:52]  Sweep 4: 0.8639s
I20260915 09:42:48.412895  4160 cudacc.cc:52] Iteration 4: 3.2094s
I20260915 09:42:49.186994  4160 cudacc.cc:52]  Sweep 1: 0.7741s
I20260915 09:42:50.102631  4160 cudacc.cc:52]  Sweep 2: 0.9155s
I20260915 09:42:50.891316  4160 cudacc.cc:52]  Sweep 3: 0.7886s
I20260915 09:42:51.703321  4160 cudacc.cc:52]  Sweep 4: 0.8119s
I20260915 09:42:51.703387  4160 cudacc.cc:52] Iteration 5: 3.2905s
I20260915 09:42:51.703403  4160 cudacc.cc:52] Total: 16.4601s
I20260915 09:42:51.703412  4160 patch_match.cc:525] 
Writing photometric output for IMG20260912150610.jpg
I20260915 09:42:52.891337  4160 patch_match.cc:419] === Processing view 28 / 37 for IMG20260912150612.jpg ===
I20260915 09:42:52.891421  4160 patch_match.cc:466] Reading inputs...
I20260915 09:42:53.231134  4160 patch_match.cc:56] --- PatchMatch::Problem ---
I20260915 09:42:53.231189  4160 patch_match.cc:57] ref_image_idx: 362
I20260915 09:42:53.231201  4160 patch_match.cc:64] src_image_idxs: 361 364 363 360
I20260915 09:42:53.231208  4160 patch_match_options.cc:46] --- PatchMatchOptions ---
I20260915 09:42:53.231214  4160 patch_match_options.cc:47] max_image_size: 3072
I20260915 09:42:53.231220  4160 patch_match_options.cc:48] gpu_index: 0
I20260915 09:42:53.231226  4160 patch_match_options.cc:49] depth_min: 1.1273
I20260915 09:42:53.231236  4160 patch_match_options.cc:50] depth_max: 3.18557
I20260915 09:42:53.231242  4160 patch_match_options.cc:51] window_radius: 5
I20260915 09:42:53.231250  4160 patch_match_options.cc:52] window_step: 1
I20260915 09:42:53.231256  4160 patch_match_options.cc:53] sigma_spatial: 5
I20260915 09:42:53.231262  4160 patch_match_options.cc:54] sigma_color: 0.2
I20260915 09:42:53.231268  4160 patch_match_options.cc:55] num_samples: 15
I20260915 09:42:53.231274  4160 patch_match_options.cc:56] ncc_sigma: 0.6
I20260915 09:42:53.231282  4160 patch_match_options.cc:57] min_triangulation_angle: 1
I20260915 09:42:53.231288  4160 patch_match_options.cc:58] incident_angle_sigma: 0.9
I20260915 09:42:53.231294  4160 patch_match_options.cc:59] num_iterations: 5
I20260915 09:42:53.231299  4160 patch_match_options.cc:60] geom_consistency: 0
I20260915 09:42:53.231305  4160 patch_match_options.cc:61] geom_consistency_regularizer: 0.3
I20260915 09:42:53.231311  4160 patch_match_options.cc:62] geom_consistency_max_cost: 3
I20260915 09:42:53.231319  4160 patch_match_options.cc:63] filter: 0
I20260915 09:42:53.231325  4160 patch_match_options.cc:64] filter_min_ncc: 0.1
I20260915 09:42:53.231331  4160 patch_match_options.cc:65] filter_min_triangulation_angle: 3
I20260915 09:42:53.231337  4160 patch_match_options.cc:66] filter_min_num_consistent: 2
I20260915 09:42:53.231343  4160 patch_match_options.cc:67] filter_geom_consistency_max_cost: 1
I20260915 09:42:53.231349  4160 patch_match_options.cc:68] write_consistency_graph: 0
I20260915 09:42:53.231355  4160 patch_match_options.cc:69] allow_missing_files: 0
I20260915 09:42:53.231360  4160 patch_match_options.cc:70] num_threads: -1
I20260915 09:42:53.231368  4160 patch_match.cc:129] --- PatchMatch::Run ---
I20260915 09:42:53.347365  4160 cudacc.cc:52] Initialization: 0.0462s
I20260915 09:42:54.125481  4160 cudacc.cc:52]  Sweep 1: 0.7780s
I20260915 09:42:55.023167  4160 cudacc.cc:52]  Sweep 2: 0.8976s
I20260915 09:42:55.876948  4160 cudacc.cc:52]  Sweep 3: 0.8537s
I20260915 09:42:56.839817  4160 cudacc.cc:52]  Sweep 4: 0.9628s
I20260915 09:42:56.839888  4160 cudacc.cc:52] Iteration 1: 3.4924s
I20260915 09:42:57.607448  4160 cudacc.cc:52]  Sweep 1: 0.7675s
I20260915 09:42:58.435519  4160 cudacc.cc:52]  Sweep 2: 0.8280s
I20260915 09:42:59.202273  4160 cudacc.cc:52]  Sweep 3: 0.7667s
I20260915 09:43:00.024834  4160 cudacc.cc:52]  Sweep 4: 0.8225s
I20260915 09:43:00.024916  4160 cudacc.cc:52] Iteration 2: 3.1850s
I20260915 09:43:00.787993  4160 cudacc.cc:52]  Sweep 1: 0.7630s
I20260915 09:43:01.610680  4160 cudacc.cc:52]  Sweep 2: 0.8226s
I20260915 09:43:02.374743  4160 cudacc.cc:52]  Sweep 3: 0.7640s
I20260915 09:43:03.190872  4160 cudacc.cc:52]  Sweep 4: 0.8160s
I20260915 09:43:03.190977  4160 cudacc.cc:52] Iteration 3: 3.1661s
I20260915 09:43:03.953309  4160 cudacc.cc:52]  Sweep 1: 0.7623s
I20260915 09:43:04.765743  4160 cudacc.cc:52]  Sweep 2: 0.8124s
I20260915 09:43:05.528569  4160 cudacc.cc:52]  Sweep 3: 0.7628s
I20260915 09:43:06.338346  4160 cudacc.cc:52]  Sweep 4: 0.8097s
I20260915 09:43:06.338434  4160 cudacc.cc:52] Iteration 4: 3.1474s
I20260915 09:43:07.100073  4160 cudacc.cc:52]  Sweep 1: 0.7616s
I20260915 09:43:07.910280  4160 cudacc.cc:52]  Sweep 2: 0.8101s
I20260915 09:43:08.675819  4160 cudacc.cc:52]  Sweep 3: 0.7655s
I20260915 09:43:09.562387  4160 cudacc.cc:52]  Sweep 4: 0.8865s
I20260915 09:43:09.562454  4160 cudacc.cc:52] Iteration 5: 3.2240s
I20260915 09:43:09.562473  4160 cudacc.cc:52] Total: 16.2615s
I20260915 09:43:09.562481  4160 patch_match.cc:525] 
Writing photometric output for IMG20260912150612.jpg
I20260915 09:43:10.858694  4160 patch_match.cc:419] === Processing view 29 / 37 for IMG20260912150613.jpg ===
I20260915 09:43:10.858786  4160 patch_match.cc:466] Reading inputs...
I20260915 09:43:11.332195  4160 patch_match.cc:56] --- PatchMatch::Problem ---
I20260915 09:43:11.332264  4160 patch_match.cc:57] ref_image_idx: 363
I20260915 09:43:11.332278  4160 patch_match.cc:64] src_image_idxs: 364 361 362 365
I20260915 09:43:11.332287  4160 patch_match_options.cc:46] --- PatchMatchOptions ---
I20260915 09:43:11.332294  4160 patch_match_options.cc:47] max_image_size: 3072
I20260915 09:43:11.332304  4160 patch_match_options.cc:48] gpu_index: 0
I20260915 09:43:11.332310  4160 patch_match_options.cc:49] depth_min: 1.11283
I20260915 09:43:11.332323  4160 patch_match_options.cc:50] depth_max: 3.1759
I20260915 09:43:11.332330  4160 patch_match_options.cc:51] window_radius: 5
I20260915 09:43:11.332337  4160 patch_match_options.cc:52] window_step: 1
I20260915 09:43:11.332343  4160 patch_match_options.cc:53] sigma_spatial: 5
I20260915 09:43:11.332351  4160 patch_match_options.cc:54] sigma_color: 0.2
I20260915 09:43:11.332358  4160 patch_match_options.cc:55] num_samples: 15
I20260915 09:43:11.332364  4160 patch_match_options.cc:56] ncc_sigma: 0.6
I20260915 09:43:11.332371  4160 patch_match_options.cc:57] min_triangulation_angle: 1
I20260915 09:43:11.332378  4160 patch_match_options.cc:58] incident_angle_sigma: 0.9
I20260915 09:43:11.332385  4160 patch_match_options.cc:59] num_iterations: 5
I20260915 09:43:11.332392  4160 patch_match_options.cc:60] geom_consistency: 0
I20260915 09:43:11.332398  4160 patch_match_options.cc:61] geom_consistency_regularizer: 0.3
I20260915 09:43:11.332405  4160 patch_match_options.cc:62] geom_consistency_max_cost: 3
I20260915 09:43:11.332412  4160 patch_match_options.cc:63] filter: 0
I20260915 09:43:11.332419  4160 patch_match_options.cc:64] filter_min_ncc: 0.1
I20260915 09:43:11.332426  4160 patch_match_options.cc:65] filter_min_triangulation_angle: 3
I20260915 09:43:11.332433  4160 patch_match_options.cc:66] filter_min_num_consistent: 2
I20260915 09:43:11.332439  4160 patch_match_options.cc:67] filter_geom_consistency_max_cost: 1
I20260915 09:43:11.332446  4160 patch_match_options.cc:68] write_consistency_graph: 0
I20260915 09:43:11.332452  4160 patch_match_options.cc:69] allow_missing_files: 0
I20260915 09:43:11.332459  4160 patch_match_options.cc:70] num_threads: -1
I20260915 09:43:11.332466  4160 patch_match.cc:129] --- PatchMatch::Run ---
I20260915 09:43:11.557370  4160 cudacc.cc:52] Initialization: 0.0461s
I20260915 09:43:12.334158  4160 cudacc.cc:52]  Sweep 1: 0.7767s
I20260915 09:43:13.184776  4160 cudacc.cc:52]  Sweep 2: 0.8505s
I20260915 09:43:13.955992  4160 cudacc.cc:52]  Sweep 3: 0.7711s
I20260915 09:43:14.848333  4160 cudacc.cc:52]  Sweep 4: 0.8923s
I20260915 09:43:14.848425  4160 cudacc.cc:52] Iteration 1: 3.2910s
I20260915 09:43:15.621789  4160 cudacc.cc:52]  Sweep 1: 0.7733s
I20260915 09:43:16.449014  4160 cudacc.cc:52]  Sweep 2: 0.8271s
I20260915 09:43:17.215643  4160 cudacc.cc:52]  Sweep 3: 0.7666s
I20260915 09:43:18.110637  4160 cudacc.cc:52]  Sweep 4: 0.8949s
I20260915 09:43:18.110727  4160 cudacc.cc:52] Iteration 2: 3.2623s
I20260915 09:43:18.896080  4160 cudacc.cc:52]  Sweep 1: 0.7853s
I20260915 09:43:19.747485  4160 cudacc.cc:52]  Sweep 2: 0.8513s
I20260915 09:43:20.604154  4160 cudacc.cc:52]  Sweep 3: 0.8566s
I20260915 09:43:21.536978  4160 cudacc.cc:52]  Sweep 4: 0.9328s
I20260915 09:43:21.537072  4160 cudacc.cc:52] Iteration 3: 3.4264s
I20260915 09:43:22.318400  4160 cudacc.cc:52]  Sweep 1: 0.7813s
I20260915 09:43:23.171908  4160 cudacc.cc:52]  Sweep 2: 0.8534s
I20260915 09:43:24.023867  4160 cudacc.cc:52]  Sweep 3: 0.8519s
I20260915 09:43:24.835072  4160 cudacc.cc:52]  Sweep 4: 0.8111s
I20260915 09:43:24.835139  4160 cudacc.cc:52] Iteration 4: 3.2981s
I20260915 09:43:25.595846  4160 cudacc.cc:52]  Sweep 1: 0.7607s
I20260915 09:43:26.465928  4160 cudacc.cc:52]  Sweep 2: 0.8700s
I20260915 09:43:27.307833  4160 cudacc.cc:52]  Sweep 3: 0.8418s
I20260915 09:43:28.114113  4160 cudacc.cc:52]  Sweep 4: 0.8061s
I20260915 09:43:28.114180  4160 cudacc.cc:52] Iteration 5: 3.2791s
I20260915 09:43:28.114197  4160 cudacc.cc:52] Total: 16.6031s
I20260915 09:43:28.114206  4160 patch_match.cc:525] 
Writing photometric output for IMG20260912150613.jpg
I20260915 09:43:29.375099  4160 patch_match.cc:419] === Processing view 30 / 37 for IMG20260912150615.jpg ===
I20260915 09:43:29.375267  4160 patch_match.cc:466] Reading inputs...
I20260915 09:43:29.700897  4160 patch_match.cc:56] --- PatchMatch::Problem ---
I20260915 09:43:29.700949  4160 patch_match.cc:57] ref_image_idx: 364
I20260915 09:43:29.700960  4160 patch_match.cc:64] src_image_idxs: 366 361 363 365 362
I20260915 09:43:29.700966  4160 patch_match_options.cc:46] --- PatchMatchOptions ---
I20260915 09:43:29.700971  4160 patch_match_options.cc:47] max_image_size: 3072
I20260915 09:43:29.700976  4160 patch_match_options.cc:48] gpu_index: 0
I20260915 09:43:29.700981  4160 patch_match_options.cc:49] depth_min: 1.12184
I20260915 09:43:29.700991  4160 patch_match_options.cc:50] depth_max: 3.20135
I20260915 09:43:29.700996  4160 patch_match_options.cc:51] window_radius: 5
I20260915 09:43:29.701000  4160 patch_match_options.cc:52] window_step: 1
I20260915 09:43:29.701004  4160 patch_match_options.cc:53] sigma_spatial: 5
I20260915 09:43:29.701009  4160 patch_match_options.cc:54] sigma_color: 0.2
I20260915 09:43:29.701014  4160 patch_match_options.cc:55] num_samples: 15
I20260915 09:43:29.701019  4160 patch_match_options.cc:56] ncc_sigma: 0.6
I20260915 09:43:29.701024  4160 patch_match_options.cc:57] min_triangulation_angle: 1
I20260915 09:43:29.701029  4160 patch_match_options.cc:58] incident_angle_sigma: 0.9
I20260915 09:43:29.701034  4160 patch_match_options.cc:59] num_iterations: 5
I20260915 09:43:29.701038  4160 patch_match_options.cc:60] geom_consistency: 0
I20260915 09:43:29.701043  4160 patch_match_options.cc:61] geom_consistency_regularizer: 0.3
I20260915 09:43:29.701047  4160 patch_match_options.cc:62] geom_consistency_max_cost: 3
I20260915 09:43:29.701052  4160 patch_match_options.cc:63] filter: 0
I20260915 09:43:29.701057  4160 patch_match_options.cc:64] filter_min_ncc: 0.1
I20260915 09:43:29.701061  4160 patch_match_options.cc:65] filter_min_triangulation_angle: 3
I20260915 09:43:29.701066  4160 patch_match_options.cc:66] filter_min_num_consistent: 2
I20260915 09:43:29.701070  4160 patch_match_options.cc:67] filter_geom_consistency_max_cost: 1
I20260915 09:43:29.701075  4160 patch_match_options.cc:68] write_consistency_graph: 0
I20260915 09:43:29.701079  4160 patch_match_options.cc:69] allow_missing_files: 0
I20260915 09:43:29.701083  4160 patch_match_options.cc:70] num_threads: -1
I20260915 09:43:29.701088  4160 patch_match.cc:129] --- PatchMatch::Run ---
I20260915 09:43:29.836189  4160 cudacc.cc:52] Initialization: 0.0568s
I20260915 09:43:30.641763  4160 cudacc.cc:52]  Sweep 1: 0.8055s
I20260915 09:43:31.529417  4160 cudacc.cc:52]  Sweep 2: 0.8876s
I20260915 09:43:32.331632  4160 cudacc.cc:52]  Sweep 3: 0.8021s
I20260915 09:43:33.199825  4160 cudacc.cc:52]  Sweep 4: 0.8681s
I20260915 09:43:33.199960  4160 cudacc.cc:52] Iteration 1: 3.3637s
I20260915 09:43:33.995927  4160 cudacc.cc:52]  Sweep 1: 0.7959s
I20260915 09:43:34.853346  4160 cudacc.cc:52]  Sweep 2: 0.8573s
I20260915 09:43:35.646101  4160 cudacc.cc:52]  Sweep 3: 0.7927s
I20260915 09:43:36.574478  4160 cudacc.cc:52]  Sweep 4: 0.9283s
I20260915 09:43:36.574546  4160 cudacc.cc:52] Iteration 2: 3.3746s
I20260915 09:43:37.378475  4160 cudacc.cc:52]  Sweep 1: 0.8039s
I20260915 09:43:38.227092  4160 cudacc.cc:52]  Sweep 2: 0.8485s
I20260915 09:43:39.015621  4160 cudacc.cc:52]  Sweep 3: 0.7884s
I20260915 09:43:39.858562  4160 cudacc.cc:52]  Sweep 4: 0.8428s
I20260915 09:43:39.858641  4160 cudacc.cc:52] Iteration 3: 3.2841s
I20260915 09:43:40.647981  4160 cudacc.cc:52]  Sweep 1: 0.7893s
I20260915 09:43:41.492807  4160 cudacc.cc:52]  Sweep 2: 0.8448s
I20260915 09:43:42.279092  4160 cudacc.cc:52]  Sweep 3: 0.7862s
I20260915 09:43:43.117704  4160 cudacc.cc:52]  Sweep 4: 0.8385s
I20260915 09:43:43.117794  4160 cudacc.cc:52] Iteration 4: 3.2591s
I20260915 09:43:43.903960  4160 cudacc.cc:52]  Sweep 1: 0.7861s
I20260915 09:43:44.744650  4160 cudacc.cc:52]  Sweep 2: 0.8406s
I20260915 09:43:45.532140  4160 cudacc.cc:52]  Sweep 3: 0.7874s
I20260915 09:43:46.370445  4160 cudacc.cc:52]  Sweep 4: 0.8382s
I20260915 09:43:46.370576  4160 cudacc.cc:52] Iteration 5: 3.2528s
I20260915 09:43:46.370636  4160 cudacc.cc:52] Total: 16.5915s
I20260915 09:43:46.370669  4160 patch_match.cc:525] 
Writing photometric output for IMG20260912150615.jpg
I20260915 09:43:47.660140  4160 patch_match.cc:419] === Processing view 31 / 37 for IMG20260912150617.jpg ===
I20260915 09:43:47.660271  4160 patch_match.cc:466] Reading inputs...
I20260915 09:43:48.102506  4160 patch_match.cc:56] --- PatchMatch::Problem ---
I20260915 09:43:48.102615  4160 patch_match.cc:57] ref_image_idx: 365
I20260915 09:43:48.102656  4160 patch_match.cc:64] src_image_idxs: 366 364 363 367
I20260915 09:43:48.102671  4160 patch_match_options.cc:46] --- PatchMatchOptions ---
I20260915 09:43:48.102683  4160 patch_match_options.cc:47] max_image_size: 3072
I20260915 09:43:48.102696  4160 patch_match_options.cc:48] gpu_index: 0
I20260915 09:43:48.102707  4160 patch_match_options.cc:49] depth_min: 1.11375
I20260915 09:43:48.102727  4160 patch_match_options.cc:50] depth_max: 3.16326
I20260915 09:43:48.102741  4160 patch_match_options.cc:51] window_radius: 5
I20260915 09:43:48.102756  4160 patch_match_options.cc:52] window_step: 1
I20260915 09:43:48.102768  4160 patch_match_options.cc:53] sigma_spatial: 5
I20260915 09:43:48.102782  4160 patch_match_options.cc:54] sigma_color: 0.2
I20260915 09:43:48.102795  4160 patch_match_options.cc:55] num_samples: 15
I20260915 09:43:48.102806  4160 patch_match_options.cc:56] ncc_sigma: 0.6
I20260915 09:43:48.102819  4160 patch_match_options.cc:57] min_triangulation_angle: 1
I20260915 09:43:48.102833  4160 patch_match_options.cc:58] incident_angle_sigma: 0.9
I20260915 09:43:48.102846  4160 patch_match_options.cc:59] num_iterations: 5
I20260915 09:43:48.102857  4160 patch_match_options.cc:60] geom_consistency: 0
I20260915 09:43:48.102870  4160 patch_match_options.cc:61] geom_consistency_regularizer: 0.3
I20260915 09:43:48.102883  4160 patch_match_options.cc:62] geom_consistency_max_cost: 3
I20260915 09:43:48.102901  4160 patch_match_options.cc:63] filter: 0
I20260915 09:43:48.102913  4160 patch_match_options.cc:64] filter_min_ncc: 0.1
I20260915 09:43:48.102926  4160 patch_match_options.cc:65] filter_min_triangulation_angle: 3
I20260915 09:43:48.102939  4160 patch_match_options.cc:66] filter_min_num_consistent: 2
I20260915 09:43:48.102950  4160 patch_match_options.cc:67] filter_geom_consistency_max_cost: 1
I20260915 09:43:48.102963  4160 patch_match_options.cc:68] write_consistency_graph: 0
I20260915 09:43:48.102974  4160 patch_match_options.cc:69] allow_missing_files: 0
I20260915 09:43:48.102988  4160 patch_match_options.cc:70] num_threads: -1
I20260915 09:43:48.103001  4160 patch_match.cc:129] --- PatchMatch::Run ---
I20260915 09:43:48.355962  4160 cudacc.cc:52] Initialization: 0.0468s
I20260915 09:43:49.143515  4160 cudacc.cc:52]  Sweep 1: 0.7874s
I20260915 09:43:49.998295  4160 cudacc.cc:52]  Sweep 2: 0.8547s
I20260915 09:43:50.772584  4160 cudacc.cc:52]  Sweep 3: 0.7742s
I20260915 09:43:51.611400  4160 cudacc.cc:52]  Sweep 4: 0.8387s
I20260915 09:43:51.611486  4160 cudacc.cc:52] Iteration 1: 3.2554s
I20260915 09:43:52.383748  4160 cudacc.cc:52]  Sweep 1: 0.7722s
I20260915 09:43:53.214195  4160 cudacc.cc:52]  Sweep 2: 0.8304s
I20260915 09:43:53.984998  4160 cudacc.cc:52]  Sweep 3: 0.7707s
I20260915 09:43:54.803988  4160 cudacc.cc:52]  Sweep 4: 0.8189s
I20260915 09:43:54.804061  4160 cudacc.cc:52] Iteration 2: 3.1926s
I20260915 09:43:55.573037  4160 cudacc.cc:52]  Sweep 1: 0.7690s
I20260915 09:43:56.393859  4160 cudacc.cc:52]  Sweep 2: 0.8208s
I20260915 09:43:57.161771  4160 cudacc.cc:52]  Sweep 3: 0.7678s
I20260915 09:43:57.976269  4160 cudacc.cc:52]  Sweep 4: 0.8144s
I20260915 09:43:57.976379  4160 cudacc.cc:52] Iteration 3: 3.1723s
I20260915 09:43:58.745008  4160 cudacc.cc:52]  Sweep 1: 0.7686s
I20260915 09:43:59.577014  4160 cudacc.cc:52]  Sweep 2: 0.8319s
I20260915 09:44:00.343521  4160 cudacc.cc:52]  Sweep 3: 0.7664s
I20260915 09:44:01.199719  4160 cudacc.cc:52]  Sweep 4: 0.8560s
I20260915 09:44:01.199817  4160 cudacc.cc:52] Iteration 4: 3.2234s
I20260915 09:44:02.050534  4160 cudacc.cc:52]  Sweep 1: 0.8507s
I20260915 09:44:02.980715  4160 cudacc.cc:52]  Sweep 2: 0.9301s
I20260915 09:44:03.744643  4160 cudacc.cc:52]  Sweep 3: 0.7639s
I20260915 09:44:04.547485  4160 cudacc.cc:52]  Sweep 4: 0.8027s
I20260915 09:44:04.547563  4160 cudacc.cc:52] Iteration 5: 3.3478s
I20260915 09:44:04.547580  4160 cudacc.cc:52] Total: 16.2387s
I20260915 09:44:04.547588  4160 patch_match.cc:525] 
Writing photometric output for IMG20260912150617.jpg
I20260915 09:44:05.779106  4160 patch_match.cc:419] === Processing view 32 / 37 for IMG20260912150619.jpg ===
I20260915 09:44:05.779190  4160 patch_match.cc:466] Reading inputs...
I20260915 09:44:06.137104  4160 patch_match.cc:56] --- PatchMatch::Problem ---
I20260915 09:44:06.137161  4160 patch_match.cc:57] ref_image_idx: 366
I20260915 09:44:06.137172  4160 patch_match.cc:64] src_image_idxs: 364 368 365 367
I20260915 09:44:06.137179  4160 patch_match_options.cc:46] --- PatchMatchOptions ---
I20260915 09:44:06.137184  4160 patch_match_options.cc:47] max_image_size: 3072
I20260915 09:44:06.137189  4160 patch_match_options.cc:48] gpu_index: 0
I20260915 09:44:06.137194  4160 patch_match_options.cc:49] depth_min: 1.10689
I20260915 09:44:06.137204  4160 patch_match_options.cc:50] depth_max: 3.15484
I20260915 09:44:06.137209  4160 patch_match_options.cc:51] window_radius: 5
I20260915 09:44:06.137214  4160 patch_match_options.cc:52] window_step: 1
I20260915 09:44:06.137219  4160 patch_match_options.cc:53] sigma_spatial: 5
I20260915 09:44:06.137224  4160 patch_match_options.cc:54] sigma_color: 0.2
I20260915 09:44:06.137230  4160 patch_match_options.cc:55] num_samples: 15
I20260915 09:44:06.137234  4160 patch_match_options.cc:56] ncc_sigma: 0.6
I20260915 09:44:06.137239  4160 patch_match_options.cc:57] min_triangulation_angle: 1
I20260915 09:44:06.137244  4160 patch_match_options.cc:58] incident_angle_sigma: 0.9
I20260915 09:44:06.137249  4160 patch_match_options.cc:59] num_iterations: 5
I20260915 09:44:06.137254  4160 patch_match_options.cc:60] geom_consistency: 0
I20260915 09:44:06.137259  4160 patch_match_options.cc:61] geom_consistency_regularizer: 0.3
I20260915 09:44:06.137263  4160 patch_match_options.cc:62] geom_consistency_max_cost: 3
I20260915 09:44:06.137269  4160 patch_match_options.cc:63] filter: 0
I20260915 09:44:06.137273  4160 patch_match_options.cc:64] filter_min_ncc: 0.1
I20260915 09:44:06.137278  4160 patch_match_options.cc:65] filter_min_triangulation_angle: 3
I20260915 09:44:06.137283  4160 patch_match_options.cc:66] filter_min_num_consistent: 2
I20260915 09:44:06.137287  4160 patch_match_options.cc:67] filter_geom_consistency_max_cost: 1
I20260915 09:44:06.137292  4160 patch_match_options.cc:68] write_consistency_graph: 0
I20260915 09:44:06.137297  4160 patch_match_options.cc:69] allow_missing_files: 0
I20260915 09:44:06.137306  4160 patch_match_options.cc:70] num_threads: -1
I20260915 09:44:06.137311  4160 patch_match.cc:129] --- PatchMatch::Run ---
I20260915 09:44:06.380489  4160 cudacc.cc:52] Initialization: 0.0463s
I20260915 09:44:07.156473  4160 cudacc.cc:52]  Sweep 1: 0.7759s
I20260915 09:44:08.010221  4160 cudacc.cc:52]  Sweep 2: 0.8537s
I20260915 09:44:08.785526  4160 cudacc.cc:52]  Sweep 3: 0.7752s
I20260915 09:44:09.629235  4160 cudacc.cc:52]  Sweep 4: 0.8436s
I20260915 09:44:09.629308  4160 cudacc.cc:52] Iteration 1: 3.2488s
I20260915 09:44:10.397408  4160 cudacc.cc:52]  Sweep 1: 0.7681s
I20260915 09:44:11.229684  4160 cudacc.cc:52]  Sweep 2: 0.8322s
I20260915 09:44:11.997922  4160 cudacc.cc:52]  Sweep 3: 0.7682s
I20260915 09:44:12.823968  4160 cudacc.cc:52]  Sweep 4: 0.8259s
I20260915 09:44:12.824086  4160 cudacc.cc:52] Iteration 2: 3.1948s
I20260915 09:44:13.592443  4160 cudacc.cc:52]  Sweep 1: 0.7683s
I20260915 09:44:14.417315  4160 cudacc.cc:52]  Sweep 2: 0.8248s
I20260915 09:44:15.187774  4160 cudacc.cc:52]  Sweep 3: 0.7704s
I20260915 09:44:16.070823  4160 cudacc.cc:52]  Sweep 4: 0.8829s
I20260915 09:44:16.070897  4160 cudacc.cc:52] Iteration 3: 3.2468s
I20260915 09:44:16.913332  4160 cudacc.cc:52]  Sweep 1: 0.8424s
I20260915 09:44:17.732938  4160 cudacc.cc:52]  Sweep 2: 0.8195s
I20260915 09:44:18.498762  4160 cudacc.cc:52]  Sweep 3: 0.7657s
I20260915 09:44:19.316623  4160 cudacc.cc:52]  Sweep 4: 0.8178s
I20260915 09:44:19.316754  4160 cudacc.cc:52] Iteration 4: 3.2459s
I20260915 09:44:20.082411  4160 cudacc.cc:52]  Sweep 1: 0.7655s
I20260915 09:44:20.897248  4160 cudacc.cc:52]  Sweep 2: 0.8148s
I20260915 09:44:21.660795  4160 cudacc.cc:52]  Sweep 3: 0.7635s
I20260915 09:44:22.549264  4160 cudacc.cc:52]  Sweep 4: 0.8884s
I20260915 09:44:22.549348  4160 cudacc.cc:52] Iteration 5: 3.2325s
I20260915 09:44:22.549451  4160 cudacc.cc:52] Total: 16.2154s
I20260915 09:44:22.549464  4160 patch_match.cc:525] 
Writing photometric output for IMG20260912150619.jpg
I20260915 09:44:23.835135  4160 patch_match.cc:419] === Processing view 33 / 37 for IMG20260912150620.jpg ===
I20260915 09:44:23.835216  4160 patch_match.cc:466] Reading inputs...
I20260915 09:44:24.155819  4160 patch_match.cc:56] --- PatchMatch::Problem ---
I20260915 09:44:24.155891  4160 patch_match.cc:57] ref_image_idx: 367
I20260915 09:44:24.155905  4160 patch_match.cc:64] src_image_idxs: 368 366 369 365
I20260915 09:44:24.155913  4160 patch_match_options.cc:46] --- PatchMatchOptions ---
I20260915 09:44:24.155919  4160 patch_match_options.cc:47] max_image_size: 3072
I20260915 09:44:24.155926  4160 patch_match_options.cc:48] gpu_index: 0
I20260915 09:44:24.155936  4160 patch_match_options.cc:49] depth_min: 1.10306
I20260915 09:44:24.155947  4160 patch_match_options.cc:50] depth_max: 3.15897
I20260915 09:44:24.155954  4160 patch_match_options.cc:51] window_radius: 5
I20260915 09:44:24.155960  4160 patch_match_options.cc:52] window_step: 1
I20260915 09:44:24.155966  4160 patch_match_options.cc:53] sigma_spatial: 5
I20260915 09:44:24.155974  4160 patch_match_options.cc:54] sigma_color: 0.2
I20260915 09:44:24.155982  4160 patch_match_options.cc:55] num_samples: 15
I20260915 09:44:24.155988  4160 patch_match_options.cc:56] ncc_sigma: 0.6
I20260915 09:44:24.155995  4160 patch_match_options.cc:57] min_triangulation_angle: 1
I20260915 09:44:24.156002  4160 patch_match_options.cc:58] incident_angle_sigma: 0.9
I20260915 09:44:24.156010  4160 patch_match_options.cc:59] num_iterations: 5
I20260915 09:44:24.156017  4160 patch_match_options.cc:60] geom_consistency: 0
I20260915 09:44:24.156026  4160 patch_match_options.cc:61] geom_consistency_regularizer: 0.3
I20260915 09:44:24.156034  4160 patch_match_options.cc:62] geom_consistency_max_cost: 3
I20260915 09:44:24.156041  4160 patch_match_options.cc:63] filter: 0
I20260915 09:44:24.156047  4160 patch_match_options.cc:64] filter_min_ncc: 0.1
I20260915 09:44:24.156054  4160 patch_match_options.cc:65] filter_min_triangulation_angle: 3
I20260915 09:44:24.156060  4160 patch_match_options.cc:66] filter_min_num_consistent: 2
I20260915 09:44:24.156069  4160 patch_match_options.cc:67] filter_geom_consistency_max_cost: 1
I20260915 09:44:24.156077  4160 patch_match_options.cc:68] write_consistency_graph: 0
I20260915 09:44:24.156083  4160 patch_match_options.cc:69] allow_missing_files: 0
I20260915 09:44:24.156089  4160 patch_match_options.cc:70] num_threads: -1
I20260915 09:44:24.156097  4160 patch_match.cc:129] --- PatchMatch::Run ---
I20260915 09:44:24.265882  4160 cudacc.cc:52] Initialization: 0.0474s
I20260915 09:44:25.057224  4160 cudacc.cc:52]  Sweep 1: 0.7912s
I20260915 09:44:25.917123  4160 cudacc.cc:52]  Sweep 2: 0.8598s
I20260915 09:44:26.697915  4160 cudacc.cc:52]  Sweep 3: 0.7806s
I20260915 09:44:27.575388  4160 cudacc.cc:52]  Sweep 4: 0.8774s
I20260915 09:44:27.575471  4160 cudacc.cc:52] Iteration 1: 3.3095s
I20260915 09:44:28.365338  4160 cudacc.cc:52]  Sweep 1: 0.7898s
I20260915 09:44:29.296239  4160 cudacc.cc:52]  Sweep 2: 0.9308s
I20260915 09:44:30.063754  4160 cudacc.cc:52]  Sweep 3: 0.7674s
I20260915 09:44:30.883885  4160 cudacc.cc:52]  Sweep 4: 0.8201s
I20260915 09:44:30.883987  4160 cudacc.cc:52] Iteration 2: 3.3085s
I20260915 09:44:31.658092  4160 cudacc.cc:52]  Sweep 1: 0.7740s
I20260915 09:44:32.473355  4160 cudacc.cc:52]  Sweep 2: 0.8152s
I20260915 09:44:33.244918  4160 cudacc.cc:52]  Sweep 3: 0.7714s
I20260915 09:44:34.104270  4160 cudacc.cc:52]  Sweep 4: 0.8592s
I20260915 09:44:34.104490  4160 cudacc.cc:52] Iteration 3: 3.2205s
I20260915 09:44:34.885004  4160 cudacc.cc:52]  Sweep 1: 0.7804s
I20260915 09:44:35.727728  4160 cudacc.cc:52]  Sweep 2: 0.8426s
I20260915 09:44:36.517073  4160 cudacc.cc:52]  Sweep 3: 0.7893s
I20260915 09:44:37.363762  4160 cudacc.cc:52]  Sweep 4: 0.8466s
I20260915 09:44:37.363824  4160 cudacc.cc:52] Iteration 4: 3.2593s
I20260915 09:44:38.219859  4160 cudacc.cc:52]  Sweep 1: 0.8560s
I20260915 09:44:39.137230  4160 cudacc.cc:52]  Sweep 2: 0.9173s
I20260915 09:44:39.921248  4160 cudacc.cc:52]  Sweep 3: 0.7839s
I20260915 09:44:40.723327  4160 cudacc.cc:52]  Sweep 4: 0.8020s
I20260915 09:44:40.723400  4160 cudacc.cc:52] Iteration 5: 3.3596s
I20260915 09:44:40.723417  4160 cudacc.cc:52] Total: 16.5051s
I20260915 09:44:40.723426  4160 patch_match.cc:525] 
Writing photometric output for IMG20260912150620.jpg
I20260915 09:44:41.903623  4160 patch_match.cc:419] === Processing view 34 / 37 for IMG20260912150622.jpg ===
I20260915 09:44:41.903709  4160 patch_match.cc:466] Reading inputs...
I20260915 09:44:42.313163  4160 patch_match.cc:56] --- PatchMatch::Problem ---
I20260915 09:44:42.313247  4160 patch_match.cc:57] ref_image_idx: 368
I20260915 09:44:42.313258  4160 patch_match.cc:64] src_image_idxs: 369 367 371 370
I20260915 09:44:42.313264  4160 patch_match_options.cc:46] --- PatchMatchOptions ---
I20260915 09:44:42.313270  4160 patch_match_options.cc:47] max_image_size: 3072
I20260915 09:44:42.313274  4160 patch_match_options.cc:48] gpu_index: 0
I20260915 09:44:42.313279  4160 patch_match_options.cc:49] depth_min: 1.08777
I20260915 09:44:42.313289  4160 patch_match_options.cc:50] depth_max: 3.14184
I20260915 09:44:42.313295  4160 patch_match_options.cc:51] window_radius: 5
I20260915 09:44:42.313299  4160 patch_match_options.cc:52] window_step: 1
I20260915 09:44:42.313304  4160 patch_match_options.cc:53] sigma_spatial: 5
I20260915 09:44:42.313309  4160 patch_match_options.cc:54] sigma_color: 0.2
I20260915 09:44:42.313314  4160 patch_match_options.cc:55] num_samples: 15
I20260915 09:44:42.313319  4160 patch_match_options.cc:56] ncc_sigma: 0.6
I20260915 09:44:42.313324  4160 patch_match_options.cc:57] min_triangulation_angle: 1
I20260915 09:44:42.313330  4160 patch_match_options.cc:58] incident_angle_sigma: 0.9
I20260915 09:44:42.313335  4160 patch_match_options.cc:59] num_iterations: 5
I20260915 09:44:42.313339  4160 patch_match_options.cc:60] geom_consistency: 0
I20260915 09:44:42.313344  4160 patch_match_options.cc:61] geom_consistency_regularizer: 0.3
I20260915 09:44:42.313349  4160 patch_match_options.cc:62] geom_consistency_max_cost: 3
I20260915 09:44:42.313354  4160 patch_match_options.cc:63] filter: 0
I20260915 09:44:42.313359  4160 patch_match_options.cc:64] filter_min_ncc: 0.1
I20260915 09:44:42.313364  4160 patch_match_options.cc:65] filter_min_triangulation_angle: 3
I20260915 09:44:42.313369  4160 patch_match_options.cc:66] filter_min_num_consistent: 2
I20260915 09:44:42.313374  4160 patch_match_options.cc:67] filter_geom_consistency_max_cost: 1
I20260915 09:44:42.313379  4160 patch_match_options.cc:68] write_consistency_graph: 0
I20260915 09:44:42.313383  4160 patch_match_options.cc:69] allow_missing_files: 0
I20260915 09:44:42.313388  4160 patch_match_options.cc:70] num_threads: -1
I20260915 09:44:42.313393  4160 patch_match.cc:129] --- PatchMatch::Run ---
I20260915 09:44:42.422004  4160 cudacc.cc:52] Initialization: 0.0485s
I20260915 09:44:43.208918  4160 cudacc.cc:52]  Sweep 1: 0.7868s
I20260915 09:44:44.083407  4160 cudacc.cc:52]  Sweep 2: 0.8744s
I20260915 09:44:44.863183  4160 cudacc.cc:52]  Sweep 3: 0.7797s
I20260915 09:44:45.702427  4160 cudacc.cc:52]  Sweep 4: 0.8392s
I20260915 09:44:45.702510  4160 cudacc.cc:52] Iteration 1: 3.2805s
I20260915 09:44:46.475102  4160 cudacc.cc:52]  Sweep 1: 0.7726s
I20260915 09:44:47.302850  4160 cudacc.cc:52]  Sweep 2: 0.8277s
I20260915 09:44:48.076790  4160 cudacc.cc:52]  Sweep 3: 0.7739s
I20260915 09:44:48.904248  4160 cudacc.cc:52]  Sweep 4: 0.8274s
I20260915 09:44:48.904317  4160 cudacc.cc:52] Iteration 2: 3.2018s
I20260915 09:44:49.684776  4160 cudacc.cc:52]  Sweep 1: 0.7804s
I20260915 09:44:50.510976  4160 cudacc.cc:52]  Sweep 2: 0.8261s
I20260915 09:44:51.282238  4160 cudacc.cc:52]  Sweep 3: 0.7711s
I20260915 09:44:52.123152  4160 cudacc.cc:52]  Sweep 4: 0.8408s
I20260915 09:44:52.123262  4160 cudacc.cc:52] Iteration 3: 3.2189s
I20260915 09:44:52.893734  4160 cudacc.cc:52]  Sweep 1: 0.7704s
I20260915 09:44:53.713890  4160 cudacc.cc:52]  Sweep 2: 0.8201s
I20260915 09:44:54.482785  4160 cudacc.cc:52]  Sweep 3: 0.7688s
I20260915 09:44:55.301598  4160 cudacc.cc:52]  Sweep 4: 0.8187s
I20260915 09:44:55.301656  4160 cudacc.cc:52] Iteration 4: 3.1784s
I20260915 09:44:56.070248  4160 cudacc.cc:52]  Sweep 1: 0.7686s
I20260915 09:44:56.965495  4160 cudacc.cc:52]  Sweep 2: 0.8952s
I20260915 09:44:57.820436  4160 cudacc.cc:52]  Sweep 3: 0.8549s
I20260915 09:44:58.741378  4160 cudacc.cc:52]  Sweep 4: 0.9209s
I20260915 09:44:58.741450  4160 cudacc.cc:52] Iteration 5: 3.4398s
I20260915 09:44:58.741467  4160 cudacc.cc:52] Total: 16.3681s
I20260915 09:44:58.741475  4160 patch_match.cc:525] 
Writing photometric output for IMG20260912150622.jpg
I20260915 09:44:59.915360  4160 patch_match.cc:419] === Processing view 35 / 37 for IMG20260912150624.jpg ===
I20260915 09:44:59.915448  4160 patch_match.cc:466] Reading inputs...
I20260915 09:44:59.918040  4160 patch_match.cc:56] --- PatchMatch::Problem ---
I20260915 09:44:59.918082  4160 patch_match.cc:57] ref_image_idx: 369
I20260915 09:44:59.918092  4160 patch_match.cc:64] src_image_idxs: 368 370 371 367
I20260915 09:44:59.918098  4160 patch_match_options.cc:46] --- PatchMatchOptions ---
I20260915 09:44:59.918103  4160 patch_match_options.cc:47] max_image_size: 3072
I20260915 09:44:59.918108  4160 patch_match_options.cc:48] gpu_index: 0
I20260915 09:44:59.918112  4160 patch_match_options.cc:49] depth_min: 1.08699
I20260915 09:44:59.918124  4160 patch_match_options.cc:50] depth_max: 3.1406
I20260915 09:44:59.918131  4160 patch_match_options.cc:51] window_radius: 5
I20260915 09:44:59.918136  4160 patch_match_options.cc:52] window_step: 1
I20260915 09:44:59.918141  4160 patch_match_options.cc:53] sigma_spatial: 5
I20260915 09:44:59.918146  4160 patch_match_options.cc:54] sigma_color: 0.2
I20260915 09:44:59.918152  4160 patch_match_options.cc:55] num_samples: 15
I20260915 09:44:59.918156  4160 patch_match_options.cc:56] ncc_sigma: 0.6
I20260915 09:44:59.918162  4160 patch_match_options.cc:57] min_triangulation_angle: 1
I20260915 09:44:59.918170  4160 patch_match_options.cc:58] incident_angle_sigma: 0.9
I20260915 09:44:59.918176  4160 patch_match_options.cc:59] num_iterations: 5
I20260915 09:44:59.918181  4160 patch_match_options.cc:60] geom_consistency: 0
I20260915 09:44:59.918186  4160 patch_match_options.cc:61] geom_consistency_regularizer: 0.3
I20260915 09:44:59.918193  4160 patch_match_options.cc:62] geom_consistency_max_cost: 3
I20260915 09:44:59.918200  4160 patch_match_options.cc:63] filter: 0
I20260915 09:44:59.918204  4160 patch_match_options.cc:64] filter_min_ncc: 0.1
I20260915 09:44:59.918212  4160 patch_match_options.cc:65] filter_min_triangulation_angle: 3
I20260915 09:44:59.918218  4160 patch_match_options.cc:66] filter_min_num_consistent: 2
I20260915 09:44:59.918223  4160 patch_match_options.cc:67] filter_geom_consistency_max_cost: 1
I20260915 09:44:59.918228  4160 patch_match_options.cc:68] write_consistency_graph: 0
I20260915 09:44:59.918232  4160 patch_match_options.cc:69] allow_missing_files: 0
I20260915 09:44:59.918237  4160 patch_match_options.cc:70] num_threads: -1
I20260915 09:44:59.918242  4160 patch_match.cc:129] --- PatchMatch::Run ---
I20260915 09:45:00.025184  4160 cudacc.cc:52] Initialization: 0.0465s
I20260915 09:45:00.811273  4160 cudacc.cc:52]  Sweep 1: 0.7859s
I20260915 09:45:01.751156  4160 cudacc.cc:52]  Sweep 2: 0.9398s
I20260915 09:45:02.616409  4160 cudacc.cc:52]  Sweep 3: 0.8652s
I20260915 09:45:03.457436  4160 cudacc.cc:52]  Sweep 4: 0.8409s
I20260915 09:45:03.457505  4160 cudacc.cc:52] Iteration 1: 3.4322s
I20260915 09:45:04.233044  4160 cudacc.cc:52]  Sweep 1: 0.7755s
I20260915 09:45:05.071425  4160 cudacc.cc:52]  Sweep 2: 0.8382s
I20260915 09:45:05.841444  4160 cudacc.cc:52]  Sweep 3: 0.7699s
I20260915 09:45:06.669690  4160 cudacc.cc:52]  Sweep 4: 0.8281s
I20260915 09:45:06.669785  4160 cudacc.cc:52] Iteration 2: 3.2123s
I20260915 09:45:07.439223  4160 cudacc.cc:52]  Sweep 1: 0.7694s
I20260915 09:45:08.271295  4160 cudacc.cc:52]  Sweep 2: 0.8320s
I20260915 09:45:09.039528  4160 cudacc.cc:52]  Sweep 3: 0.7681s
I20260915 09:45:09.883184  4160 cudacc.cc:52]  Sweep 4: 0.8436s
I20260915 09:45:09.883266  4160 cudacc.cc:52] Iteration 3: 3.2135s
I20260915 09:45:10.652056  4160 cudacc.cc:52]  Sweep 1: 0.7687s
I20260915 09:45:11.605411  4160 cudacc.cc:52]  Sweep 2: 0.9533s
I20260915 09:45:12.369894  4160 cudacc.cc:52]  Sweep 3: 0.7644s
I20260915 09:45:13.242502  4160 cudacc.cc:52]  Sweep 4: 0.8725s
I20260915 09:45:13.242577  4160 cudacc.cc:52] Iteration 4: 3.3593s
I20260915 09:45:14.016583  4160 cudacc.cc:52]  Sweep 1: 0.7740s
I20260915 09:45:14.950601  4160 cudacc.cc:52]  Sweep 2: 0.9339s
I20260915 09:45:15.715309  4160 cudacc.cc:52]  Sweep 3: 0.7646s
I20260915 09:45:16.565310  4160 cudacc.cc:52]  Sweep 4: 0.8499s
I20260915 09:45:16.565376  4160 cudacc.cc:52] Iteration 5: 3.3228s
I20260915 09:45:16.565396  4160 cudacc.cc:52] Total: 16.5870s
I20260915 09:45:16.565408  4160 patch_match.cc:525] 
Writing photometric output for IMG20260912150624.jpg
I20260915 09:45:17.818494  4160 patch_match.cc:419] === Processing view 36 / 37 for IMG20260912150627.jpg ===
I20260915 09:45:17.818582  4160 patch_match.cc:466] Reading inputs...
I20260915 09:45:17.820829  4160 patch_match.cc:56] --- PatchMatch::Problem ---
I20260915 09:45:17.820869  4160 patch_match.cc:57] ref_image_idx: 370
I20260915 09:45:17.820881  4160 patch_match.cc:64] src_image_idxs: 368 369 367
I20260915 09:45:17.820891  4160 patch_match_options.cc:46] --- PatchMatchOptions ---
I20260915 09:45:17.820901  4160 patch_match_options.cc:47] max_image_size: 3072
I20260915 09:45:17.820908  4160 patch_match_options.cc:48] gpu_index: 0
I20260915 09:45:17.820914  4160 patch_match_options.cc:49] depth_min: 1.06994
I20260915 09:45:17.820929  4160 patch_match_options.cc:50] depth_max: 3.1177
I20260915 09:45:17.820938  4160 patch_match_options.cc:51] window_radius: 5
I20260915 09:45:17.820944  4160 patch_match_options.cc:52] window_step: 1
I20260915 09:45:17.820951  4160 patch_match_options.cc:53] sigma_spatial: 5
I20260915 09:45:17.820960  4160 patch_match_options.cc:54] sigma_color: 0.2
I20260915 09:45:17.820969  4160 patch_match_options.cc:55] num_samples: 15
I20260915 09:45:17.820975  4160 patch_match_options.cc:56] ncc_sigma: 0.6
I20260915 09:45:17.820984  4160 patch_match_options.cc:57] min_triangulation_angle: 1
I20260915 09:45:17.820992  4160 patch_match_options.cc:58] incident_angle_sigma: 0.9
I20260915 09:45:17.820999  4160 patch_match_options.cc:59] num_iterations: 5
I20260915 09:45:17.821008  4160 patch_match_options.cc:60] geom_consistency: 0
I20260915 09:45:17.821016  4160 patch_match_options.cc:61] geom_consistency_regularizer: 0.3
I20260915 09:45:17.821023  4160 patch_match_options.cc:62] geom_consistency_max_cost: 3
I20260915 09:45:17.821033  4160 patch_match_options.cc:63] filter: 0
I20260915 09:45:17.821040  4160 patch_match_options.cc:64] filter_min_ncc: 0.1
I20260915 09:45:17.821047  4160 patch_match_options.cc:65] filter_min_triangulation_angle: 3
I20260915 09:45:17.821053  4160 patch_match_options.cc:66] filter_min_num_consistent: 2
I20260915 09:45:17.821062  4160 patch_match_options.cc:67] filter_geom_consistency_max_cost: 1
I20260915 09:45:17.821070  4160 patch_match_options.cc:68] write_consistency_graph: 0
I20260915 09:45:17.821077  4160 patch_match_options.cc:69] allow_missing_files: 0
I20260915 09:45:17.821086  4160 patch_match_options.cc:70] num_threads: -1
I20260915 09:45:17.821094  4160 patch_match.cc:129] --- PatchMatch::Run ---
I20260915 09:45:17.914365  4160 cudacc.cc:52] Initialization: 0.0372s
I20260915 09:45:18.687871  4160 cudacc.cc:52]  Sweep 1: 0.7734s
I20260915 09:45:19.546004  4160 cudacc.cc:52]  Sweep 2: 0.8580s
I20260915 09:45:20.396972  4160 cudacc.cc:52]  Sweep 3: 0.8508s
I20260915 09:45:21.310425  4160 cudacc.cc:52]  Sweep 4: 0.9133s
I20260915 09:45:21.310504  4160 cudacc.cc:52] Iteration 1: 3.3961s
I20260915 09:45:22.061578  4160 cudacc.cc:52]  Sweep 1: 0.7510s
I20260915 09:45:22.923422  4160 cudacc.cc:52]  Sweep 2: 0.8617s
I20260915 09:45:23.715645  4160 cudacc.cc:52]  Sweep 3: 0.7921s
I20260915 09:45:24.531120  4160 cudacc.cc:52]  Sweep 4: 0.8154s
I20260915 09:45:24.531193  4160 cudacc.cc:52] Iteration 2: 3.2207s
I20260915 09:45:25.322815  4160 cudacc.cc:52]  Sweep 1: 0.7916s
I20260915 09:45:26.098370  4160 cudacc.cc:52]  Sweep 2: 0.7754s
I20260915 09:45:26.840913  4160 cudacc.cc:52]  Sweep 3: 0.7425s
I20260915 09:45:27.615246  4160 cudacc.cc:52]  Sweep 4: 0.7743s
I20260915 09:45:27.615346  4160 cudacc.cc:52] Iteration 3: 3.0842s
I20260915 09:45:28.358896  4160 cudacc.cc:52]  Sweep 1: 0.7435s
I20260915 09:45:29.130155  4160 cudacc.cc:52]  Sweep 2: 0.7712s
I20260915 09:45:29.871481  4160 cudacc.cc:52]  Sweep 3: 0.7413s
I20260915 09:45:30.642131  4160 cudacc.cc:52]  Sweep 4: 0.7705s
I20260915 09:45:30.642197  4160 cudacc.cc:52] Iteration 4: 3.0269s
I20260915 09:45:31.388644  4160 cudacc.cc:52]  Sweep 1: 0.7464s
I20260915 09:45:32.156051  4160 cudacc.cc:52]  Sweep 2: 0.7673s
I20260915 09:45:32.897493  4160 cudacc.cc:52]  Sweep 3: 0.7413s
I20260915 09:45:33.663874  4160 cudacc.cc:52]  Sweep 4: 0.7663s
I20260915 09:45:33.663953  4160 cudacc.cc:52] Iteration 5: 3.0218s
I20260915 09:45:33.663988  4160 cudacc.cc:52] Total: 15.7870s
I20260915 09:45:33.664000  4160 patch_match.cc:525] 
Writing photometric output for IMG20260912150627.jpg
I20260915 09:45:35.019452  4160 patch_match.cc:419] === Processing view 37 / 37 for IMG20260912150627_01.jpg ===
I20260915 09:45:35.019560  4160 patch_match.cc:466] Reading inputs...
I20260915 09:45:35.022160  4160 patch_match.cc:56] --- PatchMatch::Problem ---
I20260915 09:45:35.022186  4160 patch_match.cc:57] ref_image_idx: 371
I20260915 09:45:35.022195  4160 patch_match.cc:64] src_image_idxs: 368 369
I20260915 09:45:35.022202  4160 patch_match_options.cc:46] --- PatchMatchOptions ---
I20260915 09:45:35.022209  4160 patch_match_options.cc:47] max_image_size: 3072
I20260915 09:45:35.022216  4160 patch_match_options.cc:48] gpu_index: 0
I20260915 09:45:35.022222  4160 patch_match_options.cc:49] depth_min: 1.06635
I20260915 09:45:35.022233  4160 patch_match_options.cc:50] depth_max: 3.10993
I20260915 09:45:35.022240  4160 patch_match_options.cc:51] window_radius: 5
I20260915 09:45:35.022246  4160 patch_match_options.cc:52] window_step: 1
I20260915 09:45:35.022254  4160 patch_match_options.cc:53] sigma_spatial: 5
I20260915 09:45:35.022262  4160 patch_match_options.cc:54] sigma_color: 0.2
I20260915 09:45:35.022269  4160 patch_match_options.cc:55] num_samples: 15
I20260915 09:45:35.022275  4160 patch_match_options.cc:56] ncc_sigma: 0.6
I20260915 09:45:35.022281  4160 patch_match_options.cc:57] min_triangulation_angle: 1
I20260915 09:45:35.022287  4160 patch_match_options.cc:58] incident_angle_sigma: 0.9
I20260915 09:45:35.022297  4160 patch_match_options.cc:59] num_iterations: 5
I20260915 09:45:35.022304  4160 patch_match_options.cc:60] geom_consistency: 0
I20260915 09:45:35.022310  4160 patch_match_options.cc:61] geom_consistency_regularizer: 0.3
I20260915 09:45:35.022319  4160 patch_match_options.cc:62] geom_consistency_max_cost: 3
I20260915 09:45:35.022327  4160 patch_match_options.cc:63] filter: 0
I20260915 09:45:35.022335  4160 patch_match_options.cc:64] filter_min_ncc: 0.1
I20260915 09:45:35.022343  4160 patch_match_options.cc:65] filter_min_triangulation_angle: 3
I20260915 09:45:35.022349  4160 patch_match_options.cc:66] filter_min_num_consistent: 2
I20260915 09:45:35.022396  4160 patch_match_options.cc:67] filter_geom_consistency_max_cost: 1
I20260915 09:45:35.022418  4160 patch_match_options.cc:68] write_consistency_graph: 0
I20260915 09:45:35.022427  4160 patch_match_options.cc:69] allow_missing_files: 0
I20260915 09:45:35.022434  4160 patch_match_options.cc:70] num_threads: -1
I20260915 09:45:35.022441  4160 patch_match.cc:129] --- PatchMatch::Run ---
I20260915 09:45:35.298779  4160 cudacc.cc:52] Initialization: 0.0660s
I20260915 09:45:36.123656  4160 cudacc.cc:52]  Sweep 1: 0.8248s
I20260915 09:45:37.008339  4160 cudacc.cc:52]  Sweep 2: 0.8846s
I20260915 09:45:37.733464  4160 cudacc.cc:52]  Sweep 3: 0.7250s
I20260915 09:45:38.539073  4160 cudacc.cc:52]  Sweep 4: 0.8055s
I20260915 09:45:38.539175  4160 cudacc.cc:52] Iteration 1: 3.2403s
I20260915 09:45:39.327731  4160 cudacc.cc:52]  Sweep 1: 0.7885s
I20260915 09:45:40.123330  4160 cudacc.cc:52]  Sweep 2: 0.7955s
I20260915 09:45:40.892264  4160 cudacc.cc:52]  Sweep 3: 0.7687s
I20260915 09:45:41.667846  4160 cudacc.cc:52]  Sweep 4: 0.7755s
I20260915 09:45:41.667919  4160 cudacc.cc:52] Iteration 2: 3.1288s
I20260915 09:45:42.463090  4160 cudacc.cc:52]  Sweep 1: 0.7951s
I20260915 09:45:43.333380  4160 cudacc.cc:52]  Sweep 2: 0.8702s
I20260915 09:45:44.046005  4160 cudacc.cc:52]  Sweep 3: 0.7125s
I20260915 09:45:44.854055  4160 cudacc.cc:52]  Sweep 4: 0.8080s
I20260915 09:45:44.854142  4160 cudacc.cc:52] Iteration 3: 3.1862s
I20260915 09:45:45.573286  4160 cudacc.cc:52]  Sweep 1: 0.7191s
I20260915 09:45:46.361084  4160 cudacc.cc:52]  Sweep 2: 0.7877s
I20260915 09:45:47.073538  4160 cudacc.cc:52]  Sweep 3: 0.7124s
I20260915 09:45:47.885138  4160 cudacc.cc:52]  Sweep 4: 0.8115s
I20260915 09:45:47.885234  4160 cudacc.cc:52] Iteration 4: 3.0311s
I20260915 09:45:48.624117  4160 cudacc.cc:52]  Sweep 1: 0.7388s
I20260915 09:45:49.418328  4160 cudacc.cc:52]  Sweep 2: 0.7941s
I20260915 09:45:50.213947  4160 cudacc.cc:52]  Sweep 3: 0.7955s
I20260915 09:45:50.985480  4160 cudacc.cc:52]  Sweep 4: 0.7714s
I20260915 09:45:50.985555  4160 cudacc.cc:52] Iteration 5: 3.1003s
I20260915 09:45:50.985571  4160 cudacc.cc:52] Total: 15.7530s
I20260915 09:45:50.985604  4160 patch_match.cc:525] 
Writing photometric output for IMG20260912150627_01.jpg
I20260915 09:45:52.192502  4160 patch_match.cc:419] === Processing view 1 / 37 for IMG20260912150514.jpg ===
I20260915 09:45:52.192598  4160 patch_match.cc:466] Reading inputs...
I20260915 09:45:53.346855  4160 patch_match.cc:56] --- PatchMatch::Problem ---
I20260915 09:45:53.346940  4160 patch_match.cc:57] ref_image_idx: 335
I20260915 09:45:53.346966  4160 patch_match.cc:64] src_image_idxs: 337 338
I20260915 09:45:53.346980  4160 patch_match_options.cc:46] --- PatchMatchOptions ---
I20260915 09:45:53.346992  4160 patch_match_options.cc:47] max_image_size: 3072
I20260915 09:45:53.347005  4160 patch_match_options.cc:48] gpu_index: 0
I20260915 09:45:53.347017  4160 patch_match_options.cc:49] depth_min: 0.931715
I20260915 09:45:53.347036  4160 patch_match_options.cc:50] depth_max: 2.90706
I20260915 09:45:53.347049  4160 patch_match_options.cc:51] window_radius: 5
I20260915 09:45:53.347060  4160 patch_match_options.cc:52] window_step: 1
I20260915 09:45:53.347076  4160 patch_match_options.cc:53] sigma_spatial: 5
I20260915 09:45:53.347096  4160 patch_match_options.cc:54] sigma_color: 0.2
I20260915 09:45:53.347109  4160 patch_match_options.cc:55] num_samples: 15
I20260915 09:45:53.347121  4160 patch_match_options.cc:56] ncc_sigma: 0.6
I20260915 09:45:53.347133  4160 patch_match_options.cc:57] min_triangulation_angle: 1
I20260915 09:45:53.347146  4160 patch_match_options.cc:58] incident_angle_sigma: 0.9
I20260915 09:45:53.347158  4160 patch_match_options.cc:59] num_iterations: 5
I20260915 09:45:53.347170  4160 patch_match_options.cc:60] geom_consistency: 1
I20260915 09:45:53.347184  4160 patch_match_options.cc:61] geom_consistency_regularizer: 0.3
I20260915 09:45:53.347196  4160 patch_match_options.cc:62] geom_consistency_max_cost: 3
I20260915 09:45:53.347208  4160 patch_match_options.cc:63] filter: 1
I20260915 09:45:53.347219  4160 patch_match_options.cc:64] filter_min_ncc: 0.1
I20260915 09:45:53.347237  4160 patch_match_options.cc:65] filter_min_triangulation_angle: 3
I20260915 09:45:53.347258  4160 patch_match_options.cc:66] filter_min_num_consistent: 2
I20260915 09:45:53.347271  4160 patch_match_options.cc:67] filter_geom_consistency_max_cost: 1
I20260915 09:45:53.347283  4160 patch_match_options.cc:68] write_consistency_graph: 0
I20260915 09:45:53.347295  4160 patch_match_options.cc:69] allow_missing_files: 0
I20260915 09:45:53.347306  4160 patch_match_options.cc:70] num_threads: -1
I20260915 09:45:53.347332  4160 patch_match.cc:129] --- PatchMatch::Run ---
I20260915 09:45:53.659263  4160 cudacc.cc:52] Initialization: 0.0634s
I20260915 09:45:54.629228  4160 cudacc.cc:52]  Sweep 1: 0.9698s
I20260915 09:45:55.520412  4160 cudacc.cc:52]  Sweep 2: 0.8911s
I20260915 09:45:56.473187  4160 cudacc.cc:52]  Sweep 3: 0.9527s
I20260915 09:45:57.355283  4160 cudacc.cc:52]  Sweep 4: 0.8820s
I20260915 09:45:57.355355  4160 cudacc.cc:52] Iteration 1: 3.6960s
I20260915 09:45:58.306959  4160 cudacc.cc:52]  Sweep 1: 0.9516s
I20260915 09:45:59.181773  4160 cudacc.cc:52]  Sweep 2: 0.8747s
I20260915 09:46:00.132386  4160 cudacc.cc:52]  Sweep 3: 0.9505s
I20260915 09:46:01.002062  4160 cudacc.cc:52]  Sweep 4: 0.8696s
I20260915 09:46:01.002127  4160 cudacc.cc:52] Iteration 2: 3.6468s
I20260915 09:46:01.950537  4160 cudacc.cc:52]  Sweep 1: 0.9484s
I20260915 09:46:02.819893  4160 cudacc.cc:52]  Sweep 2: 0.8693s
I20260915 09:46:03.767039  4160 cudacc.cc:52]  Sweep 3: 0.9471s
I20260915 09:46:04.634649  4160 cudacc.cc:52]  Sweep 4: 0.8675s
I20260915 09:46:04.634749  4160 cudacc.cc:52] Iteration 3: 3.6326s
I20260915 09:46:05.584427  4160 cudacc.cc:52]  Sweep 1: 0.9496s
I20260915 09:46:06.446766  4160 cudacc.cc:52]  Sweep 2: 0.8622s
I20260915 09:46:07.394687  4160 cudacc.cc:52]  Sweep 3: 0.9478s
I20260915 09:46:08.255275  4160 cudacc.cc:52]  Sweep 4: 0.8605s
I20260915 09:46:08.255351  4160 cudacc.cc:52] Iteration 4: 3.6206s
I20260915 09:46:09.205760  4160 cudacc.cc:52]  Sweep 1: 0.9504s
I20260915 09:46:10.058849  4160 cudacc.cc:52]  Sweep 2: 0.8530s
I20260915 09:46:11.002055  4160 cudacc.cc:52]  Sweep 3: 0.9431s
I20260915 09:46:11.879617  4160 cudacc.cc:52]  Sweep 4: 0.8775s
I20260915 09:46:11.879703  4160 cudacc.cc:52] Iteration 5: 3.6243s
I20260915 09:46:11.879755  4160 cudacc.cc:52] Total: 18.2841s
I20260915 09:46:11.879767  4160 patch_match.cc:525] 
Writing geometric output for IMG20260912150514.jpg
I20260915 09:46:13.103871  4160 patch_match.cc:419] === Processing view 2 / 37 for IMG20260912150514_01.jpg ===
I20260915 09:46:13.103978  4160 patch_match.cc:466] Reading inputs...
I20260915 09:46:14.153554  4160 patch_match.cc:56] --- PatchMatch::Problem ---
I20260915 09:46:14.153651  4160 patch_match.cc:57] ref_image_idx: 336
I20260915 09:46:14.153672  4160 patch_match.cc:64] src_image_idxs: 337 338 339
I20260915 09:46:14.153686  4160 patch_match_options.cc:46] --- PatchMatchOptions ---
I20260915 09:46:14.153700  4160 patch_match_options.cc:47] max_image_size: 3072
I20260915 09:46:14.153720  4160 patch_match_options.cc:48] gpu_index: 0
I20260915 09:46:14.153732  4160 patch_match_options.cc:49] depth_min: 0.937275
I20260915 09:46:14.153757  4160 patch_match_options.cc:50] depth_max: 2.91654
I20260915 09:46:14.153771  4160 patch_match_options.cc:51] window_radius: 5
I20260915 09:46:14.153783  4160 patch_match_options.cc:52] window_step: 1
I20260915 09:46:14.153795  4160 patch_match_options.cc:53] sigma_spatial: 5
I20260915 09:46:14.153808  4160 patch_match_options.cc:54] sigma_color: 0.2
I20260915 09:46:14.153822  4160 patch_match_options.cc:55] num_samples: 15
I20260915 09:46:14.153838  4160 patch_match_options.cc:56] ncc_sigma: 0.6
I20260915 09:46:14.153856  4160 patch_match_options.cc:57] min_triangulation_angle: 1
I20260915 09:46:14.153871  4160 patch_match_options.cc:58] incident_angle_sigma: 0.9
I20260915 09:46:14.153885  4160 patch_match_options.cc:59] num_iterations: 5
I20260915 09:46:14.153897  4160 patch_match_options.cc:60] geom_consistency: 1
I20260915 09:46:14.153909  4160 patch_match_options.cc:61] geom_consistency_regularizer: 0.3
I20260915 09:46:14.153926  4160 patch_match_options.cc:62] geom_consistency_max_cost: 3
I20260915 09:46:14.153943  4160 patch_match_options.cc:63] filter: 1
I20260915 09:46:14.153955  4160 patch_match_options.cc:64] filter_min_ncc: 0.1
I20260915 09:46:14.153969  4160 patch_match_options.cc:65] filter_min_triangulation_angle: 3
I20260915 09:46:14.153981  4160 patch_match_options.cc:66] filter_min_num_consistent: 2
I20260915 09:46:14.154003  4160 patch_match_options.cc:67] filter_geom_consistency_max_cost: 1
I20260915 09:46:14.154016  4160 patch_match_options.cc:68] write_consistency_graph: 0
I20260915 09:46:14.154029  4160 patch_match_options.cc:69] allow_missing_files: 0
I20260915 09:46:14.154042  4160 patch_match_options.cc:70] num_threads: -1
I20260915 09:46:14.154058  4160 patch_match.cc:129] --- PatchMatch::Run ---
I20260915 09:46:14.497594  4160 cudacc.cc:52] Initialization: 0.0742s
I20260915 09:46:15.484907  4160 cudacc.cc:52]  Sweep 1: 0.9872s
I20260915 09:46:16.423782  4160 cudacc.cc:52]  Sweep 2: 0.9388s
I20260915 09:46:17.402404  4160 cudacc.cc:52]  Sweep 3: 0.9785s
I20260915 09:46:18.326840  4160 cudacc.cc:52]  Sweep 4: 0.9244s
I20260915 09:46:18.326924  4160 cudacc.cc:52] Iteration 1: 3.8293s
I20260915 09:46:19.307948  4160 cudacc.cc:52]  Sweep 1: 0.9810s
I20260915 09:46:20.223081  4160 cudacc.cc:52]  Sweep 2: 0.9150s
I20260915 09:46:21.200149  4160 cudacc.cc:52]  Sweep 3: 0.9770s
I20260915 09:46:22.116307  4160 cudacc.cc:52]  Sweep 4: 0.9161s
I20260915 09:46:22.116381  4160 cudacc.cc:52] Iteration 2: 3.7895s
I20260915 09:46:23.095210  4160 cudacc.cc:52]  Sweep 1: 0.9788s
I20260915 09:46:24.008245  4160 cudacc.cc:52]  Sweep 2: 0.9129s
I20260915 09:46:24.982065  4160 cudacc.cc:52]  Sweep 3: 0.9737s
I20260915 09:46:25.881341  4160 cudacc.cc:52]  Sweep 4: 0.8992s
I20260915 09:46:25.881416  4160 cudacc.cc:52] Iteration 3: 3.7651s
I20260915 09:46:26.847862  4160 cudacc.cc:52]  Sweep 1: 0.9664s
I20260915 09:46:27.751627  4160 cudacc.cc:52]  Sweep 2: 0.9037s
I20260915 09:46:28.719681  4160 cudacc.cc:52]  Sweep 3: 0.9680s
I20260915 09:46:29.617029  4160 cudacc.cc:52]  Sweep 4: 0.8972s
I20260915 09:46:29.617098  4160 cudacc.cc:52] Iteration 4: 3.7357s
I20260915 09:46:30.590420  4160 cudacc.cc:52]  Sweep 1: 0.9733s
I20260915 09:46:31.485406  4160 cudacc.cc:52]  Sweep 2: 0.8949s
I20260915 09:46:32.444903  4160 cudacc.cc:52]  Sweep 3: 0.9594s
I20260915 09:46:33.360979  4160 cudacc.cc:52]  Sweep 4: 0.9160s
I20260915 09:46:33.361049  4160 cudacc.cc:52] Iteration 5: 3.7440s
I20260915 09:46:33.361068  4160 cudacc.cc:52] Total: 18.9379s
I20260915 09:46:33.361079  4160 patch_match.cc:525] 
Writing geometric output for IMG20260912150514_01.jpg
I20260915 09:46:34.754225  4160 patch_match.cc:419] === Processing view 3 / 37 for IMG20260912150518.jpg ===
I20260915 09:46:34.754390  4160 patch_match.cc:466] Reading inputs...
I20260915 09:46:35.984340  4160 patch_match.cc:56] --- PatchMatch::Problem ---
I20260915 09:46:35.984475  4160 patch_match.cc:57] ref_image_idx: 337
I20260915 09:46:35.984498  4160 patch_match.cc:64] src_image_idxs: 338 335 339 336 340
I20260915 09:46:35.984512  4160 patch_match_options.cc:46] --- PatchMatchOptions ---
I20260915 09:46:35.984524  4160 patch_match_options.cc:47] max_image_size: 3072
I20260915 09:46:35.984536  4160 patch_match_options.cc:48] gpu_index: 0
I20260915 09:46:35.984547  4160 patch_match_options.cc:49] depth_min: 0.947249
I20260915 09:46:35.984565  4160 patch_match_options.cc:50] depth_max: 2.91817
I20260915 09:46:35.984578  4160 patch_match_options.cc:51] window_radius: 5
I20260915 09:46:35.984590  4160 patch_match_options.cc:52] window_step: 1
I20260915 09:46:35.984601  4160 patch_match_options.cc:53] sigma_spatial: 5
I20260915 09:46:35.984616  4160 patch_match_options.cc:54] sigma_color: 0.2
I20260915 09:46:35.984633  4160 patch_match_options.cc:55] num_samples: 15
I20260915 09:46:35.984647  4160 patch_match_options.cc:56] ncc_sigma: 0.6
I20260915 09:46:35.984663  4160 patch_match_options.cc:57] min_triangulation_angle: 1
I20260915 09:46:35.984676  4160 patch_match_options.cc:58] incident_angle_sigma: 0.9
I20260915 09:46:35.984692  4160 patch_match_options.cc:59] num_iterations: 5
I20260915 09:46:35.984703  4160 patch_match_options.cc:60] geom_consistency: 1
I20260915 09:46:35.984714  4160 patch_match_options.cc:61] geom_consistency_regularizer: 0.3
I20260915 09:46:35.984728  4160 patch_match_options.cc:62] geom_consistency_max_cost: 3
I20260915 09:46:35.984743  4160 patch_match_options.cc:63] filter: 1
I20260915 09:46:35.984754  4160 patch_match_options.cc:64] filter_min_ncc: 0.1
I20260915 09:46:35.984766  4160 patch_match_options.cc:65] filter_min_triangulation_angle: 3
I20260915 09:46:35.984778  4160 patch_match_options.cc:66] filter_min_num_consistent: 2
I20260915 09:46:35.984793  4160 patch_match_options.cc:67] filter_geom_consistency_max_cost: 1
I20260915 09:46:35.984810  4160 patch_match_options.cc:68] write_consistency_graph: 0
I20260915 09:46:35.984825  4160 patch_match_options.cc:69] allow_missing_files: 0
I20260915 09:46:35.984836  4160 patch_match_options.cc:70] num_threads: -1
I20260915 09:46:35.984851  4160 patch_match.cc:129] --- PatchMatch::Run ---
I20260915 09:46:36.451812  4160 cudacc.cc:52] Initialization: 0.1190s
I20260915 09:46:37.513001  4160 cudacc.cc:52]  Sweep 1: 1.0611s
I20260915 09:46:38.578520  4160 cudacc.cc:52]  Sweep 2: 1.0654s
I20260915 09:46:39.596102  4160 cudacc.cc:52]  Sweep 3: 1.0175s
I20260915 09:46:40.630610  4160 cudacc.cc:52]  Sweep 4: 1.0344s
I20260915 09:46:40.630681  4160 cudacc.cc:52] Iteration 1: 4.1788s
I20260915 09:46:41.647968  4160 cudacc.cc:52]  Sweep 1: 1.0173s
I20260915 09:46:42.671830  4160 cudacc.cc:52]  Sweep 2: 1.0237s
I20260915 09:46:43.688565  4160 cudacc.cc:52]  Sweep 3: 1.0167s
I20260915 09:46:44.699730  4160 cudacc.cc:52]  Sweep 4: 1.0110s
I20260915 09:46:44.699815  4160 cudacc.cc:52] Iteration 2: 4.0692s
I20260915 09:46:45.715675  4160 cudacc.cc:52]  Sweep 1: 1.0158s
I20260915 09:46:46.729035  4160 cudacc.cc:52]  Sweep 2: 1.0133s
I20260915 09:46:47.739703  4160 cudacc.cc:52]  Sweep 3: 1.0105s
I20260915 09:46:48.740840  4160 cudacc.cc:52]  Sweep 4: 1.0011s
I20260915 09:46:48.740917  4160 cudacc.cc:52] Iteration 3: 4.0411s
I20260915 09:46:49.754172  4160 cudacc.cc:52]  Sweep 1: 1.0132s
I20260915 09:46:50.755408  4160 cudacc.cc:52]  Sweep 2: 1.0011s
I20260915 09:46:51.764565  4160 cudacc.cc:52]  Sweep 3: 1.0091s
I20260915 09:46:52.759686  4160 cudacc.cc:52]  Sweep 4: 0.9949s
I20260915 09:46:52.759775  4160 cudacc.cc:52] Iteration 4: 4.0189s
I20260915 09:46:53.770288  4160 cudacc.cc:52]  Sweep 1: 1.0105s
I20260915 09:46:54.765144  4160 cudacc.cc:52]  Sweep 2: 0.9948s
I20260915 09:46:55.775110  4160 cudacc.cc:52]  Sweep 3: 1.0099s
I20260915 09:46:56.796047  4160 cudacc.cc:52]  Sweep 4: 1.0208s
I20260915 09:46:56.796121  4160 cudacc.cc:52] Iteration 5: 4.0364s
I20260915 09:46:56.796140  4160 cudacc.cc:52] Total: 20.4635s
I20260915 09:46:56.796149  4160 patch_match.cc:525] 
Writing geometric output for IMG20260912150518.jpg
I20260915 09:46:58.080094  4160 patch_match.cc:419] === Processing view 4 / 37 for IMG20260912150520.jpg ===
I20260915 09:46:58.080253  4160 patch_match.cc:466] Reading inputs...
I20260915 09:46:59.161188  4160 patch_match.cc:56] --- PatchMatch::Problem ---
I20260915 09:46:59.161242  4160 patch_match.cc:57] ref_image_idx: 338
I20260915 09:46:59.161254  4160 patch_match.cc:64] src_image_idxs: 339 337 335 341 340 336
I20260915 09:46:59.161264  4160 patch_match_options.cc:46] --- PatchMatchOptions ---
I20260915 09:46:59.161269  4160 patch_match_options.cc:47] max_image_size: 3072
I20260915 09:46:59.161274  4160 patch_match_options.cc:48] gpu_index: 0
I20260915 09:46:59.161279  4160 patch_match_options.cc:49] depth_min: 0.939449
I20260915 09:46:59.161288  4160 patch_match_options.cc:50] depth_max: 2.90413
I20260915 09:46:59.161294  4160 patch_match_options.cc:51] window_radius: 5
I20260915 09:46:59.161298  4160 patch_match_options.cc:52] window_step: 1
I20260915 09:46:59.161303  4160 patch_match_options.cc:53] sigma_spatial: 5
I20260915 09:46:59.161308  4160 patch_match_options.cc:54] sigma_color: 0.2
I20260915 09:46:59.161313  4160 patch_match_options.cc:55] num_samples: 15
I20260915 09:46:59.161323  4160 patch_match_options.cc:56] ncc_sigma: 0.6
I20260915 09:46:59.161328  4160 patch_match_options.cc:57] min_triangulation_angle: 1
I20260915 09:46:59.161333  4160 patch_match_options.cc:58] incident_angle_sigma: 0.9
I20260915 09:46:59.161338  4160 patch_match_options.cc:59] num_iterations: 5
I20260915 09:46:59.161342  4160 patch_match_options.cc:60] geom_consistency: 1
I20260915 09:46:59.161347  4160 patch_match_options.cc:61] geom_consistency_regularizer: 0.3
I20260915 09:46:59.161352  4160 patch_match_options.cc:62] geom_consistency_max_cost: 3
I20260915 09:46:59.161357  4160 patch_match_options.cc:63] filter: 1
I20260915 09:46:59.161361  4160 patch_match_options.cc:64] filter_min_ncc: 0.1
I20260915 09:46:59.161366  4160 patch_match_options.cc:65] filter_min_triangulation_angle: 3
I20260915 09:46:59.161371  4160 patch_match_options.cc:66] filter_min_num_consistent: 2
I20260915 09:46:59.161376  4160 patch_match_options.cc:67] filter_geom_consistency_max_cost: 1
I20260915 09:46:59.161380  4160 patch_match_options.cc:68] write_consistency_graph: 0
I20260915 09:46:59.161385  4160 patch_match_options.cc:69] allow_missing_files: 0
I20260915 09:46:59.161390  4160 patch_match_options.cc:70] num_threads: -1
I20260915 09:46:59.161395  4160 patch_match.cc:129] --- PatchMatch::Run ---
I20260915 09:46:59.591243  4160 cudacc.cc:52] Initialization: 0.0658s
I20260915 09:47:00.647474  4160 cudacc.cc:52]  Sweep 1: 1.0561s
I20260915 09:47:01.799836  4160 cudacc.cc:52]  Sweep 2: 1.1523s
I20260915 09:47:02.844845  4160 cudacc.cc:52]  Sweep 3: 1.0449s
I20260915 09:47:03.963332  4160 cudacc.cc:52]  Sweep 4: 1.1184s
I20260915 09:47:03.963419  4160 cudacc.cc:52] Iteration 1: 4.3721s
I20260915 09:47:05.007470  4160 cudacc.cc:52]  Sweep 1: 1.0440s
I20260915 09:47:06.105889  4160 cudacc.cc:52]  Sweep 2: 1.0983s
I20260915 09:47:07.147690  4160 cudacc.cc:52]  Sweep 3: 1.0416s
I20260915 09:47:08.233773  4160 cudacc.cc:52]  Sweep 4: 1.0860s
I20260915 09:47:08.233843  4160 cudacc.cc:52] Iteration 2: 4.2705s
I20260915 09:47:09.274570  4160 cudacc.cc:52]  Sweep 1: 1.0407s
I20260915 09:47:10.354691  4160 cudacc.cc:52]  Sweep 2: 1.0800s
I20260915 09:47:11.395236  4160 cudacc.cc:52]  Sweep 3: 1.0405s
I20260915 09:47:12.470598  4160 cudacc.cc:52]  Sweep 4: 1.0753s
I20260915 09:47:12.470715  4160 cudacc.cc:52] Iteration 3: 4.2369s
I20260915 09:47:13.509227  4160 cudacc.cc:52]  Sweep 1: 1.0385s
I20260915 09:47:14.577804  4160 cudacc.cc:52]  Sweep 2: 1.0685s
I20260915 09:47:15.619632  4160 cudacc.cc:52]  Sweep 3: 1.0418s
I20260915 09:47:16.684036  4160 cudacc.cc:52]  Sweep 4: 1.0643s
I20260915 09:47:16.684126  4160 cudacc.cc:52] Iteration 4: 4.2134s
I20260915 09:47:17.720135  4160 cudacc.cc:52]  Sweep 1: 1.0360s
I20260915 09:47:18.777928  4160 cudacc.cc:52]  Sweep 2: 1.0577s
I20260915 09:47:19.816141  4160 cudacc.cc:52]  Sweep 3: 1.0381s
I20260915 09:47:20.902588  4160 cudacc.cc:52]  Sweep 4: 1.0863s
I20260915 09:47:20.902659  4160 cudacc.cc:52] Iteration 5: 4.2186s
I20260915 09:47:20.902676  4160 cudacc.cc:52] Total: 21.3775s
I20260915 09:47:20.902684  4160 patch_match.cc:525] 
Writing geometric output for IMG20260912150520.jpg
I20260915 09:47:22.212492  4160 patch_match.cc:419] === Processing view 5 / 37 for IMG20260912150522.jpg ===
I20260915 09:47:22.212590  4160 patch_match.cc:466] Reading inputs...
I20260915 09:47:23.263601  4160 patch_match.cc:56] --- PatchMatch::Problem ---
I20260915 09:47:23.263680  4160 patch_match.cc:57] ref_image_idx: 339
I20260915 09:47:23.263700  4160 patch_match.cc:64] src_image_idxs: 338 337 341 340 342 336
I20260915 09:47:23.263715  4160 patch_match_options.cc:46] --- PatchMatchOptions ---
I20260915 09:47:23.263726  4160 patch_match_options.cc:47] max_image_size: 3072
I20260915 09:47:23.263738  4160 patch_match_options.cc:48] gpu_index: 0
I20260915 09:47:23.263749  4160 patch_match_options.cc:49] depth_min: 0.930014
I20260915 09:47:23.263772  4160 patch_match_options.cc:50] depth_max: 2.92455
I20260915 09:47:23.263785  4160 patch_match_options.cc:51] window_radius: 5
I20260915 09:47:23.263796  4160 patch_match_options.cc:52] window_step: 1
I20260915 09:47:23.263807  4160 patch_match_options.cc:53] sigma_spatial: 5
I20260915 09:47:23.263819  4160 patch_match_options.cc:54] sigma_color: 0.2
I20260915 09:47:23.263832  4160 patch_match_options.cc:55] num_samples: 15
I20260915 09:47:23.263843  4160 patch_match_options.cc:56] ncc_sigma: 0.6
I20260915 09:47:23.263857  4160 patch_match_options.cc:57] min_triangulation_angle: 1
I20260915 09:47:23.263869  4160 patch_match_options.cc:58] incident_angle_sigma: 0.9
I20260915 09:47:23.263881  4160 patch_match_options.cc:59] num_iterations: 5
I20260915 09:47:23.263892  4160 patch_match_options.cc:60] geom_consistency: 1
I20260915 09:47:23.263907  4160 patch_match_options.cc:61] geom_consistency_regularizer: 0.3
I20260915 09:47:23.263925  4160 patch_match_options.cc:62] geom_consistency_max_cost: 3
I20260915 09:47:23.263938  4160 patch_match_options.cc:63] filter: 1
I20260915 09:47:23.263952  4160 patch_match_options.cc:64] filter_min_ncc: 0.1
I20260915 09:47:23.263966  4160 patch_match_options.cc:65] filter_min_triangulation_angle: 3
I20260915 09:47:23.263983  4160 patch_match_options.cc:66] filter_min_num_consistent: 2
I20260915 09:47:23.263997  4160 patch_match_options.cc:67] filter_geom_consistency_max_cost: 1
I20260915 09:47:23.264011  4160 patch_match_options.cc:68] write_consistency_graph: 0
I20260915 09:47:23.264025  4160 patch_match_options.cc:69] allow_missing_files: 0
I20260915 09:47:23.264037  4160 patch_match_options.cc:70] num_threads: -1
I20260915 09:47:23.264050  4160 patch_match.cc:129] --- PatchMatch::Run ---
I20260915 09:47:23.740959  4160 cudacc.cc:52] Initialization: 0.0752s
I20260915 09:47:24.798702  4160 cudacc.cc:52]  Sweep 1: 1.0576s
I20260915 09:47:25.961388  4160 cudacc.cc:52]  Sweep 2: 1.1626s
I20260915 09:47:27.017329  4160 cudacc.cc:52]  Sweep 3: 1.0558s
I20260915 09:47:28.156332  4160 cudacc.cc:52]  Sweep 4: 1.1388s
I20260915 09:47:28.156423  4160 cudacc.cc:52] Iteration 1: 4.4154s
I20260915 09:47:29.204472  4160 cudacc.cc:52]  Sweep 1: 1.0480s
I20260915 09:47:30.322214  4160 cudacc.cc:52]  Sweep 2: 1.1176s
I20260915 09:47:31.372299  4160 cudacc.cc:52]  Sweep 3: 1.0500s
I20260915 09:47:32.484069  4160 cudacc.cc:52]  Sweep 4: 1.1117s
I20260915 09:47:32.484142  4160 cudacc.cc:52] Iteration 2: 4.3277s
I20260915 09:47:33.528608  4160 cudacc.cc:52]  Sweep 1: 1.0444s
I20260915 09:47:34.626737  4160 cudacc.cc:52]  Sweep 2: 1.0981s
I20260915 09:47:35.672918  4160 cudacc.cc:52]  Sweep 3: 1.0461s
I20260915 09:47:36.768795  4160 cudacc.cc:52]  Sweep 4: 1.0958s
I20260915 09:47:36.768881  4160 cudacc.cc:52] Iteration 3: 4.2848s
I20260915 09:47:37.814311  4160 cudacc.cc:52]  Sweep 1: 1.0454s
I20260915 09:47:38.901025  4160 cudacc.cc:52]  Sweep 2: 1.0866s
I20260915 09:47:39.943875  4160 cudacc.cc:52]  Sweep 3: 1.0428s
I20260915 09:47:41.027653  4160 cudacc.cc:52]  Sweep 4: 1.0837s
I20260915 09:47:41.027718  4160 cudacc.cc:52] Iteration 4: 4.2589s
I20260915 09:47:42.072945  4160 cudacc.cc:52]  Sweep 1: 1.0452s
I20260915 09:47:43.146140  4160 cudacc.cc:52]  Sweep 2: 1.0731s
I20260915 09:47:44.186577  4160 cudacc.cc:52]  Sweep 3: 1.0404s
I20260915 09:47:45.291403  4160 cudacc.cc:52]  Sweep 4: 1.1047s
I20260915 09:47:45.291574  4160 cudacc.cc:52] Iteration 5: 4.2639s
I20260915 09:47:45.291637  4160 cudacc.cc:52] Total: 21.6261s
I20260915 09:47:45.291649  4160 patch_match.cc:525] 
Writing geometric output for IMG20260912150522.jpg
I20260915 09:47:46.601343  4160 patch_match.cc:419] === Processing view 6 / 37 for IMG20260912150525.jpg ===
I20260915 09:47:46.601442  4160 patch_match.cc:466] Reading inputs...
I20260915 09:47:47.749091  4160 patch_match.cc:56] --- PatchMatch::Problem ---
I20260915 09:47:47.749160  4160 patch_match.cc:57] ref_image_idx: 340
I20260915 09:47:47.749173  4160 patch_match.cc:64] src_image_idxs: 339 341 338 343 337 342
I20260915 09:47:47.749183  4160 patch_match_options.cc:46] --- PatchMatchOptions ---
I20260915 09:47:47.749193  4160 patch_match_options.cc:47] max_image_size: 3072
I20260915 09:47:47.749204  4160 patch_match_options.cc:48] gpu_index: 0
I20260915 09:47:47.749213  4160 patch_match_options.cc:49] depth_min: 0.940612
I20260915 09:47:47.749228  4160 patch_match_options.cc:50] depth_max: 2.93818
I20260915 09:47:47.749235  4160 patch_match_options.cc:51] window_radius: 5
I20260915 09:47:47.749241  4160 patch_match_options.cc:52] window_step: 1
I20260915 09:47:47.749247  4160 patch_match_options.cc:53] sigma_spatial: 5
I20260915 09:47:47.749256  4160 patch_match_options.cc:54] sigma_color: 0.2
I20260915 09:47:47.749263  4160 patch_match_options.cc:55] num_samples: 15
I20260915 09:47:47.749269  4160 patch_match_options.cc:56] ncc_sigma: 0.6
I20260915 09:47:47.749276  4160 patch_match_options.cc:57] min_triangulation_angle: 1
I20260915 09:47:47.749282  4160 patch_match_options.cc:58] incident_angle_sigma: 0.9
I20260915 09:47:47.749288  4160 patch_match_options.cc:59] num_iterations: 5
I20260915 09:47:47.749294  4160 patch_match_options.cc:60] geom_consistency: 1
I20260915 09:47:47.749301  4160 patch_match_options.cc:61] geom_consistency_regularizer: 0.3
I20260915 09:47:47.749307  4160 patch_match_options.cc:62] geom_consistency_max_cost: 3
I20260915 09:47:47.749313  4160 patch_match_options.cc:63] filter: 1
I20260915 09:47:47.749319  4160 patch_match_options.cc:64] filter_min_ncc: 0.1
I20260915 09:47:47.749325  4160 patch_match_options.cc:65] filter_min_triangulation_angle: 3
I20260915 09:47:47.749335  4160 patch_match_options.cc:66] filter_min_num_consistent: 2
I20260915 09:47:47.749341  4160 patch_match_options.cc:67] filter_geom_consistency_max_cost: 1
I20260915 09:47:47.749350  4160 patch_match_options.cc:68] write_consistency_graph: 0
I20260915 09:47:47.749357  4160 patch_match_options.cc:69] allow_missing_files: 0
I20260915 09:47:47.749366  4160 patch_match_options.cc:70] num_threads: -1
I20260915 09:47:47.749377  4160 patch_match.cc:129] --- PatchMatch::Run ---
I20260915 09:47:48.284886  4160 cudacc.cc:52] Initialization: 0.1303s
I20260915 09:47:49.342379  4160 cudacc.cc:52]  Sweep 1: 1.0574s
I20260915 09:47:50.486372  4160 cudacc.cc:52]  Sweep 2: 1.1439s
I20260915 09:47:51.532825  4160 cudacc.cc:52]  Sweep 3: 1.0464s
I20260915 09:47:52.639747  4160 cudacc.cc:52]  Sweep 4: 1.1068s
I20260915 09:47:52.639816  4160 cudacc.cc:52] Iteration 1: 4.3549s
I20260915 09:47:53.682357  4160 cudacc.cc:52]  Sweep 1: 1.0425s
I20260915 09:47:54.776494  4160 cudacc.cc:52]  Sweep 2: 1.0941s
I20260915 09:47:55.819184  4160 cudacc.cc:52]  Sweep 3: 1.0426s
I20260915 09:47:56.895198  4160 cudacc.cc:52]  Sweep 4: 1.0759s
I20260915 09:47:56.895298  4160 cudacc.cc:52] Iteration 2: 4.2555s
I20260915 09:47:57.935809  4160 cudacc.cc:52]  Sweep 1: 1.0404s
I20260915 09:47:59.009665  4160 cudacc.cc:52]  Sweep 2: 1.0738s
I20260915 09:48:00.050012  4160 cudacc.cc:52]  Sweep 3: 1.0403s
I20260915 09:48:01.111842  4160 cudacc.cc:52]  Sweep 4: 1.0617s
I20260915 09:48:01.111934  4160 cudacc.cc:52] Iteration 3: 4.2166s
I20260915 09:48:02.150949  4160 cudacc.cc:52]  Sweep 1: 1.0390s
I20260915 09:48:03.216994  4160 cudacc.cc:52]  Sweep 2: 1.0659s
I20260915 09:48:04.255433  4160 cudacc.cc:52]  Sweep 3: 1.0383s
I20260915 09:48:05.308695  4160 cudacc.cc:52]  Sweep 4: 1.0532s
I20260915 09:48:05.308785  4160 cudacc.cc:52] Iteration 4: 4.1969s
I20260915 09:48:06.346517  4160 cudacc.cc:52]  Sweep 1: 1.0377s
I20260915 09:48:07.395018  4160 cudacc.cc:52]  Sweep 2: 1.0484s
I20260915 09:48:08.432603  4160 cudacc.cc:52]  Sweep 3: 1.0375s
I20260915 09:48:09.511425  4160 cudacc.cc:52]  Sweep 4: 1.0787s
I20260915 09:48:09.511504  4160 cudacc.cc:52] Iteration 5: 4.2027s
I20260915 09:48:09.511522  4160 cudacc.cc:52] Total: 21.3572s
I20260915 09:48:09.511533  4160 patch_match.cc:525] 
Writing geometric output for IMG20260912150525.jpg
I20260915 09:48:10.874822  4160 patch_match.cc:419] === Processing view 7 / 37 for IMG20260912150527.jpg ===
I20260915 09:48:10.874940  4160 patch_match.cc:466] Reading inputs...
I20260915 09:48:11.902923  4160 patch_match.cc:56] --- PatchMatch::Problem ---
I20260915 09:48:11.903002  4160 patch_match.cc:57] ref_image_idx: 341
I20260915 09:48:11.903014  4160 patch_match.cc:64] src_image_idxs: 343 339 338 340 342 344
I20260915 09:48:11.903024  4160 patch_match_options.cc:46] --- PatchMatchOptions ---
I20260915 09:48:11.903030  4160 patch_match_options.cc:47] max_image_size: 3072
I20260915 09:48:11.903039  4160 patch_match_options.cc:48] gpu_index: 0
I20260915 09:48:11.903045  4160 patch_match_options.cc:49] depth_min: 0.938463
I20260915 09:48:11.903059  4160 patch_match_options.cc:50] depth_max: 2.94352
I20260915 09:48:11.903067  4160 patch_match_options.cc:51] window_radius: 5
I20260915 09:48:11.903073  4160 patch_match_options.cc:52] window_step: 1
I20260915 09:48:11.903079  4160 patch_match_options.cc:53] sigma_spatial: 5
I20260915 09:48:11.903086  4160 patch_match_options.cc:54] sigma_color: 0.2
I20260915 09:48:11.903092  4160 patch_match_options.cc:55] num_samples: 15
I20260915 09:48:11.903098  4160 patch_match_options.cc:56] ncc_sigma: 0.6
I20260915 09:48:11.903105  4160 patch_match_options.cc:57] min_triangulation_angle: 1
I20260915 09:48:11.903112  4160 patch_match_options.cc:58] incident_angle_sigma: 0.9
I20260915 09:48:11.903119  4160 patch_match_options.cc:59] num_iterations: 5
I20260915 09:48:11.903125  4160 patch_match_options.cc:60] geom_consistency: 1
I20260915 09:48:11.903131  4160 patch_match_options.cc:61] geom_consistency_regularizer: 0.3
I20260915 09:48:11.903138  4160 patch_match_options.cc:62] geom_consistency_max_cost: 3
I20260915 09:48:11.903145  4160 patch_match_options.cc:63] filter: 1
I20260915 09:48:11.903151  4160 patch_match_options.cc:64] filter_min_ncc: 0.1
I20260915 09:48:11.903158  4160 patch_match_options.cc:65] filter_min_triangulation_angle: 3
I20260915 09:48:11.903166  4160 patch_match_options.cc:66] filter_min_num_consistent: 2
I20260915 09:48:11.903173  4160 patch_match_options.cc:67] filter_geom_consistency_max_cost: 1
I20260915 09:48:11.903184  4160 patch_match_options.cc:68] write_consistency_graph: 0
I20260915 09:48:11.903196  4160 patch_match_options.cc:69] allow_missing_files: 0
I20260915 09:48:11.903206  4160 patch_match_options.cc:70] num_threads: -1
I20260915 09:48:11.903218  4160 patch_match.cc:129] --- PatchMatch::Run ---
I20260915 09:48:12.366104  4160 cudacc.cc:52] Initialization: 0.0656s
I20260915 09:48:13.421055  4160 cudacc.cc:52]  Sweep 1: 1.0549s
I20260915 09:48:14.575810  4160 cudacc.cc:52]  Sweep 2: 1.1547s
I20260915 09:48:15.620693  4160 cudacc.cc:52]  Sweep 3: 1.0448s
I20260915 09:48:16.734527  4160 cudacc.cc:52]  Sweep 4: 1.1138s
I20260915 09:48:16.734599  4160 cudacc.cc:52] Iteration 1: 4.3685s
I20260915 09:48:17.780058  4160 cudacc.cc:52]  Sweep 1: 1.0454s
I20260915 09:48:18.882824  4160 cudacc.cc:52]  Sweep 2: 1.1027s
I20260915 09:48:19.928730  4160 cudacc.cc:52]  Sweep 3: 1.0458s
I20260915 09:48:21.012420  4160 cudacc.cc:52]  Sweep 4: 1.0836s
I20260915 09:48:21.012520  4160 cudacc.cc:52] Iteration 2: 4.2779s
I20260915 09:48:22.054727  4160 cudacc.cc:52]  Sweep 1: 1.0422s
I20260915 09:48:23.143531  4160 cudacc.cc:52]  Sweep 2: 1.0887s
I20260915 09:48:24.185817  4160 cudacc.cc:52]  Sweep 3: 1.0422s
I20260915 09:48:25.258009  4160 cudacc.cc:52]  Sweep 4: 1.0721s
I20260915 09:48:25.258094  4160 cudacc.cc:52] Iteration 3: 4.2456s
I20260915 09:48:26.300182  4160 cudacc.cc:52]  Sweep 1: 1.0421s
I20260915 09:48:27.373617  4160 cudacc.cc:52]  Sweep 2: 1.0733s
I20260915 09:48:28.413678  4160 cudacc.cc:52]  Sweep 3: 1.0399s
I20260915 09:48:29.477095  4160 cudacc.cc:52]  Sweep 4: 1.0633s
I20260915 09:48:29.477205  4160 cudacc.cc:52] Iteration 4: 4.2191s
I20260915 09:48:30.516789  4160 cudacc.cc:52]  Sweep 1: 1.0395s
I20260915 09:48:31.574796  4160 cudacc.cc:52]  Sweep 2: 1.0579s
I20260915 09:48:32.611834  4160 cudacc.cc:52]  Sweep 3: 1.0369s
I20260915 09:48:33.695638  4160 cudacc.cc:52]  Sweep 4: 1.0837s
I20260915 09:48:33.695723  4160 cudacc.cc:52] Iteration 5: 4.2185s
I20260915 09:48:33.695741  4160 cudacc.cc:52] Total: 21.3955s
I20260915 09:48:33.695749  4160 patch_match.cc:525] 
Writing geometric output for IMG20260912150527.jpg
I20260915 09:48:35.172652  4160 patch_match.cc:419] === Processing view 8 / 37 for IMG20260912150529.jpg ===
I20260915 09:48:35.172887  4160 patch_match.cc:466] Reading inputs...
I20260915 09:48:36.400538  4160 patch_match.cc:56] --- PatchMatch::Problem ---
I20260915 09:48:36.400592  4160 patch_match.cc:57] ref_image_idx: 342
I20260915 09:48:36.400602  4160 patch_match.cc:64] src_image_idxs: 343 341 345 339 344 340
I20260915 09:48:36.400610  4160 patch_match_options.cc:46] --- PatchMatchOptions ---
I20260915 09:48:36.400615  4160 patch_match_options.cc:47] max_image_size: 3072
I20260915 09:48:36.400620  4160 patch_match_options.cc:48] gpu_index: 0
I20260915 09:48:36.400625  4160 patch_match_options.cc:49] depth_min: 0.942213
I20260915 09:48:36.400634  4160 patch_match_options.cc:50] depth_max: 2.95711
I20260915 09:48:36.400639  4160 patch_match_options.cc:51] window_radius: 5
I20260915 09:48:36.400644  4160 patch_match_options.cc:52] window_step: 1
I20260915 09:48:36.400649  4160 patch_match_options.cc:53] sigma_spatial: 5
I20260915 09:48:36.400654  4160 patch_match_options.cc:54] sigma_color: 0.2
I20260915 09:48:36.400659  4160 patch_match_options.cc:55] num_samples: 15
I20260915 09:48:36.400664  4160 patch_match_options.cc:56] ncc_sigma: 0.6
I20260915 09:48:36.400669  4160 patch_match_options.cc:57] min_triangulation_angle: 1
I20260915 09:48:36.400674  4160 patch_match_options.cc:58] incident_angle_sigma: 0.9
I20260915 09:48:36.400679  4160 patch_match_options.cc:59] num_iterations: 5
I20260915 09:48:36.400684  4160 patch_match_options.cc:60] geom_consistency: 1
I20260915 09:48:36.400689  4160 patch_match_options.cc:61] geom_consistency_regularizer: 0.3
I20260915 09:48:36.400693  4160 patch_match_options.cc:62] geom_consistency_max_cost: 3
I20260915 09:48:36.400698  4160 patch_match_options.cc:63] filter: 1
I20260915 09:48:36.400703  4160 patch_match_options.cc:64] filter_min_ncc: 0.1
I20260915 09:48:36.400708  4160 patch_match_options.cc:65] filter_min_triangulation_angle: 3
I20260915 09:48:36.400713  4160 patch_match_options.cc:66] filter_min_num_consistent: 2
I20260915 09:48:36.400717  4160 patch_match_options.cc:67] filter_geom_consistency_max_cost: 1
I20260915 09:48:36.400722  4160 patch_match_options.cc:68] write_consistency_graph: 0
I20260915 09:48:36.400727  4160 patch_match_options.cc:69] allow_missing_files: 0
I20260915 09:48:36.400734  4160 patch_match_options.cc:70] num_threads: -1
I20260915 09:48:36.400739  4160 patch_match.cc:129] --- PatchMatch::Run ---
I20260915 09:48:36.900463  4160 cudacc.cc:52] Initialization: 0.1330s
I20260915 09:48:37.958768  4160 cudacc.cc:52]  Sweep 1: 1.0582s
I20260915 09:48:39.123283  4160 cudacc.cc:52]  Sweep 2: 1.1644s
I20260915 09:48:40.174558  4160 cudacc.cc:52]  Sweep 3: 1.0512s
I20260915 09:48:41.301049  4160 cudacc.cc:52]  Sweep 4: 1.1264s
I20260915 09:48:41.301148  4160 cudacc.cc:52] Iteration 1: 4.4006s
I20260915 09:48:42.349919  4160 cudacc.cc:52]  Sweep 1: 1.0487s
I20260915 09:48:43.459235  4160 cudacc.cc:52]  Sweep 2: 1.1092s
I20260915 09:48:44.505158  4160 cudacc.cc:52]  Sweep 3: 1.0459s
I20260915 09:48:45.603039  4160 cudacc.cc:52]  Sweep 4: 1.0978s
I20260915 09:48:45.603136  4160 cudacc.cc:52] Iteration 2: 4.3020s
I20260915 09:48:46.653385  4160 cudacc.cc:52]  Sweep 1: 1.0502s
I20260915 09:48:47.761256  4160 cudacc.cc:52]  Sweep 2: 1.1078s
I20260915 09:48:48.804330  4160 cudacc.cc:52]  Sweep 3: 1.0429s
I20260915 09:48:49.888700  4160 cudacc.cc:52]  Sweep 4: 1.0843s
I20260915 09:48:49.888800  4160 cudacc.cc:52] Iteration 3: 4.2857s
I20260915 09:48:50.930981  4160 cudacc.cc:52]  Sweep 1: 1.0421s
I20260915 09:48:52.013578  4160 cudacc.cc:52]  Sweep 2: 1.0825s
I20260915 09:48:53.053040  4160 cudacc.cc:52]  Sweep 3: 1.0394s
I20260915 09:48:54.125528  4160 cudacc.cc:52]  Sweep 4: 1.0724s
I20260915 09:48:54.125624  4160 cudacc.cc:52] Iteration 4: 4.2368s
I20260915 09:48:55.168026  4160 cudacc.cc:52]  Sweep 1: 1.0424s
I20260915 09:48:56.235028  4160 cudacc.cc:52]  Sweep 2: 1.0669s
I20260915 09:48:57.273719  4160 cudacc.cc:52]  Sweep 3: 1.0386s
I20260915 09:48:58.371095  4160 cudacc.cc:52]  Sweep 4: 1.0973s
I20260915 09:48:58.371307  4160 cudacc.cc:52] Iteration 5: 4.2457s
I20260915 09:48:58.371368  4160 cudacc.cc:52] Total: 21.6042s
I20260915 09:48:58.371400  4160 patch_match.cc:525] 
Writing geometric output for IMG20260912150529.jpg
I20260915 09:48:59.709896  4160 patch_match.cc:419] === Processing view 9 / 37 for IMG20260912150531.jpg ===
I20260915 09:48:59.709994  4160 patch_match.cc:466] Reading inputs...
I20260915 09:49:00.851223  4160 patch_match.cc:56] --- PatchMatch::Problem ---
I20260915 09:49:00.851284  4160 patch_match.cc:57] ref_image_idx: 343
I20260915 09:49:00.851295  4160 patch_match.cc:64] src_image_idxs: 345 341 346 342 344
I20260915 09:49:00.851303  4160 patch_match_options.cc:46] --- PatchMatchOptions ---
I20260915 09:49:00.851308  4160 patch_match_options.cc:47] max_image_size: 3072
I20260915 09:49:00.851313  4160 patch_match_options.cc:48] gpu_index: 0
I20260915 09:49:00.851320  4160 patch_match_options.cc:49] depth_min: 0.947429
I20260915 09:49:00.851329  4160 patch_match_options.cc:50] depth_max: 2.96424
I20260915 09:49:00.851335  4160 patch_match_options.cc:51] window_radius: 5
I20260915 09:49:00.851339  4160 patch_match_options.cc:52] window_step: 1
I20260915 09:49:00.851345  4160 patch_match_options.cc:53] sigma_spatial: 5
I20260915 09:49:00.851352  4160 patch_match_options.cc:54] sigma_color: 0.2
I20260915 09:49:00.851357  4160 patch_match_options.cc:55] num_samples: 15
I20260915 09:49:00.851362  4160 patch_match_options.cc:56] ncc_sigma: 0.6
I20260915 09:49:00.851367  4160 patch_match_options.cc:57] min_triangulation_angle: 1
I20260915 09:49:00.851372  4160 patch_match_options.cc:58] incident_angle_sigma: 0.9
I20260915 09:49:00.851378  4160 patch_match_options.cc:59] num_iterations: 5
I20260915 09:49:00.851382  4160 patch_match_options.cc:60] geom_consistency: 1
I20260915 09:49:00.851387  4160 patch_match_options.cc:61] geom_consistency_regularizer: 0.3
I20260915 09:49:00.851392  4160 patch_match_options.cc:62] geom_consistency_max_cost: 3
I20260915 09:49:00.851397  4160 patch_match_options.cc:63] filter: 1
I20260915 09:49:00.851402  4160 patch_match_options.cc:64] filter_min_ncc: 0.1
I20260915 09:49:00.851407  4160 patch_match_options.cc:65] filter_min_triangulation_angle: 3
I20260915 09:49:00.851414  4160 patch_match_options.cc:66] filter_min_num_consistent: 2
I20260915 09:49:00.851419  4160 patch_match_options.cc:67] filter_geom_consistency_max_cost: 1
I20260915 09:49:00.851424  4160 patch_match_options.cc:68] write_consistency_graph: 0
I20260915 09:49:00.851429  4160 patch_match_options.cc:69] allow_missing_files: 0
I20260915 09:49:00.851434  4160 patch_match_options.cc:70] num_threads: -1
I20260915 09:49:00.851459  4160 patch_match.cc:129] --- PatchMatch::Run ---
I20260915 09:49:01.313907  4160 cudacc.cc:52] Initialization: 0.1117s
I20260915 09:49:02.351324  4160 cudacc.cc:52]  Sweep 1: 1.0373s
I20260915 09:49:03.439511  4160 cudacc.cc:52]  Sweep 2: 1.0881s
I20260915 09:49:04.464483  4160 cudacc.cc:52]  Sweep 3: 1.0249s
I20260915 09:49:05.535225  4160 cudacc.cc:52]  Sweep 4: 1.0707s
I20260915 09:49:05.535301  4160 cudacc.cc:52] Iteration 1: 4.2213s
I20260915 09:49:06.558341  4160 cudacc.cc:52]  Sweep 1: 1.0230s
I20260915 09:49:07.609919  4160 cudacc.cc:52]  Sweep 2: 1.0515s
I20260915 09:49:08.632620  4160 cudacc.cc:52]  Sweep 3: 1.0226s
I20260915 09:49:09.680130  4160 cudacc.cc:52]  Sweep 4: 1.0474s
I20260915 09:49:09.680201  4160 cudacc.cc:52] Iteration 2: 4.1449s
I20260915 09:49:10.709024  4160 cudacc.cc:52]  Sweep 1: 1.0288s
I20260915 09:49:11.752714  4160 cudacc.cc:52]  Sweep 2: 1.0436s
I20260915 09:49:12.777871  4160 cudacc.cc:52]  Sweep 3: 1.0251s
I20260915 09:49:13.828823  4160 cudacc.cc:52]  Sweep 4: 1.0509s
I20260915 09:49:13.828890  4160 cudacc.cc:52] Iteration 3: 4.1487s
I20260915 09:49:14.848628  4160 cudacc.cc:52]  Sweep 1: 1.0197s
I20260915 09:49:15.883223  4160 cudacc.cc:52]  Sweep 2: 1.0345s
I20260915 09:49:16.913967  4160 cudacc.cc:52]  Sweep 3: 1.0307s
I20260915 09:49:17.954171  4160 cudacc.cc:52]  Sweep 4: 1.0401s
I20260915 09:49:17.954246  4160 cudacc.cc:52] Iteration 4: 4.1254s
I20260915 09:49:18.973974  4160 cudacc.cc:52]  Sweep 1: 1.0197s
I20260915 09:49:19.995952  4160 cudacc.cc:52]  Sweep 2: 1.0219s
I20260915 09:49:21.014230  4160 cudacc.cc:52]  Sweep 3: 1.0182s
I20260915 09:49:22.065751  4160 cudacc.cc:52]  Sweep 4: 1.0515s
I20260915 09:49:22.065826  4160 cudacc.cc:52] Iteration 5: 4.1116s
I20260915 09:49:22.065843  4160 cudacc.cc:52] Total: 20.8639s
I20260915 09:49:22.065852  4160 patch_match.cc:525] 
Writing geometric output for IMG20260912150531.jpg
I20260915 09:49:23.426480  4160 patch_match.cc:419] === Processing view 10 / 37 for IMG20260912150533.jpg ===
I20260915 09:49:23.426586  4160 patch_match.cc:466] Reading inputs...
I20260915 09:49:24.635034  4160 patch_match.cc:56] --- PatchMatch::Problem ---
I20260915 09:49:24.635102  4160 patch_match.cc:57] ref_image_idx: 344
I20260915 09:49:24.635117  4160 patch_match.cc:64] src_image_idxs: 345 343 346 341 347 342
I20260915 09:49:24.635129  4160 patch_match_options.cc:46] --- PatchMatchOptions ---
I20260915 09:49:24.635136  4160 patch_match_options.cc:47] max_image_size: 3072
I20260915 09:49:24.635143  4160 patch_match_options.cc:48] gpu_index: 0
I20260915 09:49:24.635150  4160 patch_match_options.cc:49] depth_min: 0.957233
I20260915 09:49:24.635167  4160 patch_match_options.cc:50] depth_max: 2.96667
I20260915 09:49:24.635175  4160 patch_match_options.cc:51] window_radius: 5
I20260915 09:49:24.635182  4160 patch_match_options.cc:52] window_step: 1
I20260915 09:49:24.635189  4160 patch_match_options.cc:53] sigma_spatial: 5
I20260915 09:49:24.635201  4160 patch_match_options.cc:54] sigma_color: 0.2
I20260915 09:49:24.635209  4160 patch_match_options.cc:55] num_samples: 15
I20260915 09:49:24.635216  4160 patch_match_options.cc:56] ncc_sigma: 0.6
I20260915 09:49:24.635225  4160 patch_match_options.cc:57] min_triangulation_angle: 1
I20260915 09:49:24.635232  4160 patch_match_options.cc:58] incident_angle_sigma: 0.9
I20260915 09:49:24.635240  4160 patch_match_options.cc:59] num_iterations: 5
I20260915 09:49:24.635246  4160 patch_match_options.cc:60] geom_consistency: 1
I20260915 09:49:24.635253  4160 patch_match_options.cc:61] geom_consistency_regularizer: 0.3
I20260915 09:49:24.635260  4160 patch_match_options.cc:62] geom_consistency_max_cost: 3
I20260915 09:49:24.635267  4160 patch_match_options.cc:63] filter: 1
I20260915 09:49:24.635274  4160 patch_match_options.cc:64] filter_min_ncc: 0.1
I20260915 09:49:24.635281  4160 patch_match_options.cc:65] filter_min_triangulation_angle: 3
I20260915 09:49:24.635288  4160 patch_match_options.cc:66] filter_min_num_consistent: 2
I20260915 09:49:24.635295  4160 patch_match_options.cc:67] filter_geom_consistency_max_cost: 1
I20260915 09:49:24.635302  4160 patch_match_options.cc:68] write_consistency_graph: 0
I20260915 09:49:24.635309  4160 patch_match_options.cc:69] allow_missing_files: 0
I20260915 09:49:24.635315  4160 patch_match_options.cc:70] num_threads: -1
I20260915 09:49:24.635326  4160 patch_match.cc:129] --- PatchMatch::Run ---
I20260915 09:49:25.126520  4160 cudacc.cc:52] Initialization: 0.0941s
I20260915 09:49:26.190362  4160 cudacc.cc:52]  Sweep 1: 1.0637s
I20260915 09:49:27.365072  4160 cudacc.cc:52]  Sweep 2: 1.1746s
I20260915 09:49:28.419983  4160 cudacc.cc:52]  Sweep 3: 1.0548s
I20260915 09:49:29.570565  4160 cudacc.cc:52]  Sweep 4: 1.1505s
I20260915 09:49:29.570667  4160 cudacc.cc:52] Iteration 1: 4.4441s
I20260915 09:49:30.623680  4160 cudacc.cc:52]  Sweep 1: 1.0530s
I20260915 09:49:31.751052  4160 cudacc.cc:52]  Sweep 2: 1.1273s
I20260915 09:49:32.800175  4160 cudacc.cc:52]  Sweep 3: 1.0491s
I20260915 09:49:33.918888  4160 cudacc.cc:52]  Sweep 4: 1.1186s
I20260915 09:49:33.918963  4160 cudacc.cc:52] Iteration 2: 4.3483s
I20260915 09:49:34.968162  4160 cudacc.cc:52]  Sweep 1: 1.0492s
I20260915 09:49:36.080219  4160 cudacc.cc:52]  Sweep 2: 1.1120s
I20260915 09:49:37.128005  4160 cudacc.cc:52]  Sweep 3: 1.0477s
I20260915 09:49:38.232979  4160 cudacc.cc:52]  Sweep 4: 1.1049s
I20260915 09:49:38.233065  4160 cudacc.cc:52] Iteration 3: 4.3141s
I20260915 09:49:39.282584  4160 cudacc.cc:52]  Sweep 1: 1.0495s
I20260915 09:49:40.379997  4160 cudacc.cc:52]  Sweep 2: 1.0973s
I20260915 09:49:41.426676  4160 cudacc.cc:52]  Sweep 3: 1.0466s
I20260915 09:49:42.520497  4160 cudacc.cc:52]  Sweep 4: 1.0937s
I20260915 09:49:42.520575  4160 cudacc.cc:52] Iteration 4: 4.2875s
I20260915 09:49:43.566488  4160 cudacc.cc:52]  Sweep 1: 1.0459s
I20260915 09:49:44.649336  4160 cudacc.cc:52]  Sweep 2: 1.0827s
I20260915 09:49:45.694082  4160 cudacc.cc:52]  Sweep 3: 1.0447s
I20260915 09:49:46.810013  4160 cudacc.cc:52]  Sweep 4: 1.1158s
I20260915 09:49:46.810124  4160 cudacc.cc:52] Iteration 5: 4.2896s
I20260915 09:49:46.810160  4160 cudacc.cc:52] Total: 21.7780s
I20260915 09:49:46.810182  4160 patch_match.cc:525] 
Writing geometric output for IMG20260912150533.jpg
I20260915 09:49:48.177938  4160 patch_match.cc:419] === Processing view 11 / 37 for IMG20260912150535.jpg ===
I20260915 09:49:48.178036  4160 patch_match.cc:466] Reading inputs...
I20260915 09:49:49.314907  4160 patch_match.cc:56] --- PatchMatch::Problem ---
I20260915 09:49:49.314979  4160 patch_match.cc:57] ref_image_idx: 345
I20260915 09:49:49.314990  4160 patch_match.cc:64] src_image_idxs: 346 343 347 348 344 342
I20260915 09:49:49.314998  4160 patch_match_options.cc:46] --- PatchMatchOptions ---
I20260915 09:49:49.315003  4160 patch_match_options.cc:47] max_image_size: 3072
I20260915 09:49:49.315009  4160 patch_match_options.cc:48] gpu_index: 0
I20260915 09:49:49.315013  4160 patch_match_options.cc:49] depth_min: 0.963105
I20260915 09:49:49.315024  4160 patch_match_options.cc:50] depth_max: 2.97152
I20260915 09:49:49.315036  4160 patch_match_options.cc:51] window_radius: 5
I20260915 09:49:49.315040  4160 patch_match_options.cc:52] window_step: 1
I20260915 09:49:49.315045  4160 patch_match_options.cc:53] sigma_spatial: 5
I20260915 09:49:49.315050  4160 patch_match_options.cc:54] sigma_color: 0.2
I20260915 09:49:49.315056  4160 patch_match_options.cc:55] num_samples: 15
I20260915 09:49:49.315060  4160 patch_match_options.cc:56] ncc_sigma: 0.6
I20260915 09:49:49.315071  4160 patch_match_options.cc:57] min_triangulation_angle: 1
I20260915 09:49:49.315086  4160 patch_match_options.cc:58] incident_angle_sigma: 0.9
I20260915 09:49:49.315091  4160 patch_match_options.cc:59] num_iterations: 5
I20260915 09:49:49.315096  4160 patch_match_options.cc:60] geom_consistency: 1
I20260915 09:49:49.315101  4160 patch_match_options.cc:61] geom_consistency_regularizer: 0.3
I20260915 09:49:49.315107  4160 patch_match_options.cc:62] geom_consistency_max_cost: 3
I20260915 09:49:49.315112  4160 patch_match_options.cc:63] filter: 1
I20260915 09:49:49.315117  4160 patch_match_options.cc:64] filter_min_ncc: 0.1
I20260915 09:49:49.315122  4160 patch_match_options.cc:65] filter_min_triangulation_angle: 3
I20260915 09:49:49.315127  4160 patch_match_options.cc:66] filter_min_num_consistent: 2
I20260915 09:49:49.315132  4160 patch_match_options.cc:67] filter_geom_consistency_max_cost: 1
I20260915 09:49:49.315137  4160 patch_match_options.cc:68] write_consistency_graph: 0
I20260915 09:49:49.315142  4160 patch_match_options.cc:69] allow_missing_files: 0
I20260915 09:49:49.315147  4160 patch_match_options.cc:70] num_threads: -1
I20260915 09:49:49.315152  4160 patch_match.cc:129] --- PatchMatch::Run ---
I20260915 09:49:49.791244  4160 cudacc.cc:52] Initialization: 0.0664s
I20260915 09:49:50.851525  4160 cudacc.cc:52]  Sweep 1: 1.0602s
I20260915 09:49:52.010282  4160 cudacc.cc:52]  Sweep 2: 1.1587s
I20260915 09:49:53.060766  4160 cudacc.cc:52]  Sweep 3: 1.0504s
I20260915 09:49:54.190933  4160 cudacc.cc:52]  Sweep 4: 1.1301s
I20260915 09:49:54.191027  4160 cudacc.cc:52] Iteration 1: 4.3997s
I20260915 09:49:55.237187  4160 cudacc.cc:52]  Sweep 1: 1.0461s
I20260915 09:49:56.346230  4160 cudacc.cc:52]  Sweep 2: 1.1090s
I20260915 09:49:57.390597  4160 cudacc.cc:52]  Sweep 3: 1.0443s
I20260915 09:49:58.490585  4160 cudacc.cc:52]  Sweep 4: 1.0999s
I20260915 09:49:58.490655  4160 cudacc.cc:52] Iteration 2: 4.2997s
I20260915 09:49:59.535075  4160 cudacc.cc:52]  Sweep 1: 1.0444s
I20260915 09:50:00.633528  4160 cudacc.cc:52]  Sweep 2: 1.0984s
I20260915 09:50:01.676711  4160 cudacc.cc:52]  Sweep 3: 1.0431s
I20260915 09:50:02.767411  4160 cudacc.cc:52]  Sweep 4: 1.0906s
I20260915 09:50:02.767487  4160 cudacc.cc:52] Iteration 3: 4.2769s
I20260915 09:50:03.811956  4160 cudacc.cc:52]  Sweep 1: 1.0444s
I20260915 09:50:04.890875  4160 cudacc.cc:52]  Sweep 2: 1.0788s
I20260915 09:50:05.932450  4160 cudacc.cc:52]  Sweep 3: 1.0415s
I20260915 09:50:07.011488  4160 cudacc.cc:52]  Sweep 4: 1.0790s
I20260915 09:50:07.011584  4160 cudacc.cc:52] Iteration 4: 4.2441s
I20260915 09:50:08.053074  4160 cudacc.cc:52]  Sweep 1: 1.0414s
I20260915 09:50:09.122507  4160 cudacc.cc:52]  Sweep 2: 1.0694s
I20260915 09:50:10.162079  4160 cudacc.cc:52]  Sweep 3: 1.0395s
I20260915 09:50:11.259530  4160 cudacc.cc:52]  Sweep 4: 1.0974s
I20260915 09:50:11.259602  4160 cudacc.cc:52] Iteration 5: 4.2480s
I20260915 09:50:11.259620  4160 cudacc.cc:52] Total: 21.5350s
I20260915 09:50:11.259629  4160 patch_match.cc:525] 
Writing geometric output for IMG20260912150535.jpg
I20260915 09:50:12.682871  4160 patch_match.cc:419] === Processing view 12 / 37 for IMG20260912150537.jpg ===
I20260915 09:50:12.682997  4160 patch_match.cc:466] Reading inputs...
I20260915 09:50:14.052180  4160 patch_match.cc:56] --- PatchMatch::Problem ---
I20260915 09:50:14.052253  4160 patch_match.cc:57] ref_image_idx: 346
I20260915 09:50:14.052275  4160 patch_match.cc:64] src_image_idxs: 345 347 348 343 344 349
I20260915 09:50:14.052293  4160 patch_match_options.cc:46] --- PatchMatchOptions ---
I20260915 09:50:14.052306  4160 patch_match_options.cc:47] max_image_size: 3072
I20260915 09:50:14.052318  4160 patch_match_options.cc:48] gpu_index: 0
I20260915 09:50:14.052329  4160 patch_match_options.cc:49] depth_min: 0.983243
I20260915 09:50:14.052348  4160 patch_match_options.cc:50] depth_max: 2.98892
I20260915 09:50:14.052361  4160 patch_match_options.cc:51] window_radius: 5
I20260915 09:50:14.052372  4160 patch_match_options.cc:52] window_step: 1
I20260915 09:50:14.052383  4160 patch_match_options.cc:53] sigma_spatial: 5
I20260915 09:50:14.052396  4160 patch_match_options.cc:54] sigma_color: 0.2
I20260915 09:50:14.052409  4160 patch_match_options.cc:55] num_samples: 15
I20260915 09:50:14.052419  4160 patch_match_options.cc:56] ncc_sigma: 0.6
I20260915 09:50:14.052432  4160 patch_match_options.cc:57] min_triangulation_angle: 1
I20260915 09:50:14.052445  4160 patch_match_options.cc:58] incident_angle_sigma: 0.9
I20260915 09:50:14.052457  4160 patch_match_options.cc:59] num_iterations: 5
I20260915 09:50:14.052471  4160 patch_match_options.cc:60] geom_consistency: 1
I20260915 09:50:14.052482  4160 patch_match_options.cc:61] geom_consistency_regularizer: 0.3
I20260915 09:50:14.052500  4160 patch_match_options.cc:62] geom_consistency_max_cost: 3
I20260915 09:50:14.052513  4160 patch_match_options.cc:63] filter: 1
I20260915 09:50:14.052526  4160 patch_match_options.cc:64] filter_min_ncc: 0.1
I20260915 09:50:14.052540  4160 patch_match_options.cc:65] filter_min_triangulation_angle: 3
I20260915 09:50:14.052553  4160 patch_match_options.cc:66] filter_min_num_consistent: 2
I20260915 09:50:14.052573  4160 patch_match_options.cc:67] filter_geom_consistency_max_cost: 1
I20260915 09:50:14.052587  4160 patch_match_options.cc:68] write_consistency_graph: 0
I20260915 09:50:14.052600  4160 patch_match_options.cc:69] allow_missing_files: 0
I20260915 09:50:14.052612  4160 patch_match_options.cc:70] num_threads: -1
I20260915 09:50:14.052625  4160 patch_match.cc:129] --- PatchMatch::Run ---
I20260915 09:50:14.550927  4160 cudacc.cc:52] Initialization: 0.0705s
I20260915 09:50:15.611842  4160 cudacc.cc:52]  Sweep 1: 1.0608s
I20260915 09:50:16.772714  4160 cudacc.cc:52]  Sweep 2: 1.1608s
I20260915 09:50:17.824324  4160 cudacc.cc:52]  Sweep 3: 1.0515s
I20260915 09:50:18.948319  4160 cudacc.cc:52]  Sweep 4: 1.1239s
I20260915 09:50:18.948385  4160 cudacc.cc:52] Iteration 1: 4.3974s
I20260915 09:50:19.995869  4160 cudacc.cc:52]  Sweep 1: 1.0475s
I20260915 09:50:21.100573  4160 cudacc.cc:52]  Sweep 2: 1.1046s
I20260915 09:50:22.146271  4160 cudacc.cc:52]  Sweep 3: 1.0456s
I20260915 09:50:23.239254  4160 cudacc.cc:52]  Sweep 4: 1.0929s
I20260915 09:50:23.239352  4160 cudacc.cc:52] Iteration 2: 4.2910s
I20260915 09:50:24.284792  4160 cudacc.cc:52]  Sweep 1: 1.0454s
I20260915 09:50:25.373753  4160 cudacc.cc:52]  Sweep 2: 1.0889s
I20260915 09:50:26.418699  4160 cudacc.cc:52]  Sweep 3: 1.0448s
I20260915 09:50:27.514573  4160 cudacc.cc:52]  Sweep 4: 1.0958s
I20260915 09:50:27.514652  4160 cudacc.cc:52] Iteration 3: 4.2753s
I20260915 09:50:28.557475  4160 cudacc.cc:52]  Sweep 1: 1.0428s
I20260915 09:50:29.640836  4160 cudacc.cc:52]  Sweep 2: 1.0833s
I20260915 09:50:30.685003  4160 cudacc.cc:52]  Sweep 3: 1.0441s
I20260915 09:50:31.755522  4160 cudacc.cc:52]  Sweep 4: 1.0704s
I20260915 09:50:31.755641  4160 cudacc.cc:52] Iteration 4: 4.2410s
I20260915 09:50:32.798587  4160 cudacc.cc:52]  Sweep 1: 1.0429s
I20260915 09:50:33.873862  4160 cudacc.cc:52]  Sweep 2: 1.0752s
I20260915 09:50:34.914634  4160 cudacc.cc:52]  Sweep 3: 1.0407s
I20260915 09:50:36.011115  4160 cudacc.cc:52]  Sweep 4: 1.0964s
I20260915 09:50:36.011197  4160 cudacc.cc:52] Iteration 5: 4.2556s
I20260915 09:50:36.011220  4160 cudacc.cc:52] Total: 21.5310s
I20260915 09:50:36.011234  4160 patch_match.cc:525] 
Writing geometric output for IMG20260912150537.jpg
I20260915 09:50:37.440512  4160 patch_match.cc:419] === Processing view 13 / 37 for IMG20260912150539.jpg ===
I20260915 09:50:37.440609  4160 patch_match.cc:466] Reading inputs...
I20260915 09:50:38.492022  4160 patch_match.cc:56] --- PatchMatch::Problem ---
I20260915 09:50:38.492080  4160 patch_match.cc:57] ref_image_idx: 347
I20260915 09:50:38.492096  4160 patch_match.cc:64] src_image_idxs: 346 348 345 344 349 350
I20260915 09:50:38.492120  4160 patch_match_options.cc:46] --- PatchMatchOptions ---
I20260915 09:50:38.492127  4160 patch_match_options.cc:47] max_image_size: 3072
I20260915 09:50:38.492142  4160 patch_match_options.cc:48] gpu_index: 0
I20260915 09:50:38.492147  4160 patch_match_options.cc:49] depth_min: 0.996035
I20260915 09:50:38.492157  4160 patch_match_options.cc:50] depth_max: 3.00172
I20260915 09:50:38.492164  4160 patch_match_options.cc:51] window_radius: 5
I20260915 09:50:38.492172  4160 patch_match_options.cc:52] window_step: 1
I20260915 09:50:38.492177  4160 patch_match_options.cc:53] sigma_spatial: 5
I20260915 09:50:38.492185  4160 patch_match_options.cc:54] sigma_color: 0.2
I20260915 09:50:38.492190  4160 patch_match_options.cc:55] num_samples: 15
I20260915 09:50:38.492196  4160 patch_match_options.cc:56] ncc_sigma: 0.6
I20260915 09:50:38.492203  4160 patch_match_options.cc:57] min_triangulation_angle: 1
I20260915 09:50:38.492209  4160 patch_match_options.cc:58] incident_angle_sigma: 0.9
I20260915 09:50:38.492217  4160 patch_match_options.cc:59] num_iterations: 5
I20260915 09:50:38.492222  4160 patch_match_options.cc:60] geom_consistency: 1
I20260915 09:50:38.492227  4160 patch_match_options.cc:61] geom_consistency_regularizer: 0.3
I20260915 09:50:38.492232  4160 patch_match_options.cc:62] geom_consistency_max_cost: 3
I20260915 09:50:38.492237  4160 patch_match_options.cc:63] filter: 1
I20260915 09:50:38.492245  4160 patch_match_options.cc:64] filter_min_ncc: 0.1
I20260915 09:50:38.492251  4160 patch_match_options.cc:65] filter_min_triangulation_angle: 3
I20260915 09:50:38.492256  4160 patch_match_options.cc:66] filter_min_num_consistent: 2
I20260915 09:50:38.492263  4160 patch_match_options.cc:67] filter_geom_consistency_max_cost: 1
I20260915 09:50:38.492268  4160 patch_match_options.cc:68] write_consistency_graph: 0
I20260915 09:50:38.492272  4160 patch_match_options.cc:69] allow_missing_files: 0
I20260915 09:50:38.492277  4160 patch_match_options.cc:70] num_threads: -1
I20260915 09:50:38.492282  4160 patch_match.cc:129] --- PatchMatch::Run ---
I20260915 09:50:39.040018  4160 cudacc.cc:52] Initialization: 0.1322s
I20260915 09:50:40.137257  4160 cudacc.cc:52]  Sweep 1: 1.0972s
I20260915 09:50:41.291042  4160 cudacc.cc:52]  Sweep 2: 1.1537s
I20260915 09:50:42.343270  4160 cudacc.cc:52]  Sweep 3: 1.0521s
I20260915 09:50:43.461529  4160 cudacc.cc:52]  Sweep 4: 1.1182s
I20260915 09:50:43.461606  4160 cudacc.cc:52] Iteration 1: 4.4216s
I20260915 09:50:44.512634  4160 cudacc.cc:52]  Sweep 1: 1.0510s
I20260915 09:50:45.619702  4160 cudacc.cc:52]  Sweep 2: 1.1070s
I20260915 09:50:46.669947  4160 cudacc.cc:52]  Sweep 3: 1.0502s
I20260915 09:50:47.759387  4160 cudacc.cc:52]  Sweep 4: 1.0893s
I20260915 09:50:47.759460  4160 cudacc.cc:52] Iteration 2: 4.2979s
I20260915 09:50:48.805728  4160 cudacc.cc:52]  Sweep 1: 1.0462s
I20260915 09:50:49.894382  4160 cudacc.cc:52]  Sweep 2: 1.0886s
I20260915 09:50:50.941533  4160 cudacc.cc:52]  Sweep 3: 1.0470s
I20260915 09:50:52.022010  4160 cudacc.cc:52]  Sweep 4: 1.0804s
I20260915 09:50:52.022107  4160 cudacc.cc:52] Iteration 3: 4.2627s
I20260915 09:50:53.067831  4160 cudacc.cc:52]  Sweep 1: 1.0457s
I20260915 09:50:54.141718  4160 cudacc.cc:52]  Sweep 2: 1.0738s
I20260915 09:50:55.185252  4160 cudacc.cc:52]  Sweep 3: 1.0435s
I20260915 09:50:56.260319  4160 cudacc.cc:52]  Sweep 4: 1.0750s
I20260915 09:50:56.260394  4160 cudacc.cc:52] Iteration 4: 4.2383s
I20260915 09:50:57.302377  4160 cudacc.cc:52]  Sweep 1: 1.0420s
I20260915 09:50:58.363924  4160 cudacc.cc:52]  Sweep 2: 1.0615s
I20260915 09:50:59.407681  4160 cudacc.cc:52]  Sweep 3: 1.0437s
I20260915 09:51:00.497953  4160 cudacc.cc:52]  Sweep 4: 1.0901s
I20260915 09:51:00.498049  4160 cudacc.cc:52] Iteration 5: 4.2377s
I20260915 09:51:00.498096  4160 cudacc.cc:52] Total: 21.5905s
I20260915 09:51:00.498109  4160 patch_match.cc:525] 
Writing geometric output for IMG20260912150539.jpg
I20260915 09:51:01.794431  4160 patch_match.cc:419] === Processing view 14 / 37 for IMG20260912150541.jpg ===
I20260915 09:51:01.794561  4160 patch_match.cc:466] Reading inputs...
I20260915 09:51:03.077025  4160 patch_match.cc:56] --- PatchMatch::Problem ---
I20260915 09:51:03.077084  4160 patch_match.cc:57] ref_image_idx: 348
I20260915 09:51:03.077107  4160 patch_match.cc:64] src_image_idxs: 347 346 345 351 349 350
I20260915 09:51:03.077115  4160 patch_match_options.cc:46] --- PatchMatchOptions ---
I20260915 09:51:03.077120  4160 patch_match_options.cc:47] max_image_size: 3072
I20260915 09:51:03.077128  4160 patch_match_options.cc:48] gpu_index: 0
I20260915 09:51:03.077133  4160 patch_match_options.cc:49] depth_min: 1.02812
I20260915 09:51:03.077144  4160 patch_match_options.cc:50] depth_max: 3.03823
I20260915 09:51:03.077149  4160 patch_match_options.cc:51] window_radius: 5
I20260915 09:51:03.077154  4160 patch_match_options.cc:52] window_step: 1
I20260915 09:51:03.077161  4160 patch_match_options.cc:53] sigma_spatial: 5
I20260915 09:51:03.077166  4160 patch_match_options.cc:54] sigma_color: 0.2
I20260915 09:51:03.077174  4160 patch_match_options.cc:55] num_samples: 15
I20260915 09:51:03.077180  4160 patch_match_options.cc:56] ncc_sigma: 0.6
I20260915 09:51:03.077186  4160 patch_match_options.cc:57] min_triangulation_angle: 1
I20260915 09:51:03.077194  4160 patch_match_options.cc:58] incident_angle_sigma: 0.9
I20260915 09:51:03.077201  4160 patch_match_options.cc:59] num_iterations: 5
I20260915 09:51:03.077206  4160 patch_match_options.cc:60] geom_consistency: 1
I20260915 09:51:03.077213  4160 patch_match_options.cc:61] geom_consistency_regularizer: 0.3
I20260915 09:51:03.077220  4160 patch_match_options.cc:62] geom_consistency_max_cost: 3
I20260915 09:51:03.077225  4160 patch_match_options.cc:63] filter: 1
I20260915 09:51:03.077232  4160 patch_match_options.cc:64] filter_min_ncc: 0.1
I20260915 09:51:03.077238  4160 patch_match_options.cc:65] filter_min_triangulation_angle: 3
I20260915 09:51:03.077243  4160 patch_match_options.cc:66] filter_min_num_consistent: 2
I20260915 09:51:03.077248  4160 patch_match_options.cc:67] filter_geom_consistency_max_cost: 1
I20260915 09:51:03.077255  4160 patch_match_options.cc:68] write_consistency_graph: 0
I20260915 09:51:03.077259  4160 patch_match_options.cc:69] allow_missing_files: 0
I20260915 09:51:03.077264  4160 patch_match_options.cc:70] num_threads: -1
I20260915 09:51:03.077270  4160 patch_match.cc:129] --- PatchMatch::Run ---
I20260915 09:51:03.570002  4160 cudacc.cc:52] Initialization: 0.0682s
I20260915 09:51:04.632932  4160 cudacc.cc:52]  Sweep 1: 1.0628s
I20260915 09:51:05.773409  4160 cudacc.cc:52]  Sweep 2: 1.1404s
I20260915 09:51:06.826864  4160 cudacc.cc:52]  Sweep 3: 1.0534s
I20260915 09:51:07.924293  4160 cudacc.cc:52]  Sweep 4: 1.0973s
I20260915 09:51:07.924363  4160 cudacc.cc:52] Iteration 1: 4.3543s
I20260915 09:51:08.971558  4160 cudacc.cc:52]  Sweep 1: 1.0472s
I20260915 09:51:10.056324  4160 cudacc.cc:52]  Sweep 2: 1.0847s
I20260915 09:51:11.104470  4160 cudacc.cc:52]  Sweep 3: 1.0481s
I20260915 09:51:12.174791  4160 cudacc.cc:52]  Sweep 4: 1.0702s
I20260915 09:51:12.174945  4160 cudacc.cc:52] Iteration 2: 4.2506s
I20260915 09:51:13.218196  4160 cudacc.cc:52]  Sweep 1: 1.0432s
I20260915 09:51:14.286483  4160 cudacc.cc:52]  Sweep 2: 1.0682s
I20260915 09:51:15.330426  4160 cudacc.cc:52]  Sweep 3: 1.0439s
I20260915 09:51:16.390803  4160 cudacc.cc:52]  Sweep 4: 1.0603s
I20260915 09:51:16.390914  4160 cudacc.cc:52] Iteration 3: 4.2160s
I20260915 09:51:17.435357  4160 cudacc.cc:52]  Sweep 1: 1.0444s
I20260915 09:51:18.506753  4160 cudacc.cc:52]  Sweep 2: 1.0713s
I20260915 09:51:19.550229  4160 cudacc.cc:52]  Sweep 3: 1.0434s
I20260915 09:51:20.601288  4160 cudacc.cc:52]  Sweep 4: 1.0510s
I20260915 09:51:20.601390  4160 cudacc.cc:52] Iteration 4: 4.2105s
I20260915 09:51:21.641275  4160 cudacc.cc:52]  Sweep 1: 1.0398s
I20260915 09:51:22.687627  4160 cudacc.cc:52]  Sweep 2: 1.0463s
I20260915 09:51:23.727453  4160 cudacc.cc:52]  Sweep 3: 1.0397s
I20260915 09:51:24.802560  4160 cudacc.cc:52]  Sweep 4: 1.0750s
I20260915 09:51:24.802629  4160 cudacc.cc:52] Iteration 5: 4.2013s
I20260915 09:51:24.802646  4160 cudacc.cc:52] Total: 21.3011s
I20260915 09:51:24.802657  4160 patch_match.cc:525] 
Writing geometric output for IMG20260912150541.jpg
I20260915 09:51:26.215473  4160 patch_match.cc:419] === Processing view 15 / 37 for IMG20260912150543.jpg ===
I20260915 09:51:26.215577  4160 patch_match.cc:466] Reading inputs...
I20260915 09:51:27.284716  4160 patch_match.cc:56] --- PatchMatch::Problem ---
I20260915 09:51:27.284786  4160 patch_match.cc:57] ref_image_idx: 349
I20260915 09:51:27.284802  4160 patch_match.cc:64] src_image_idxs: 348 347 351 346 350 352
I20260915 09:51:27.284813  4160 patch_match_options.cc:46] --- PatchMatchOptions ---
I20260915 09:51:27.284825  4160 patch_match_options.cc:47] max_image_size: 3072
I20260915 09:51:27.284833  4160 patch_match_options.cc:48] gpu_index: 0
I20260915 09:51:27.284844  4160 patch_match_options.cc:49] depth_min: 1.0449
I20260915 09:51:27.284861  4160 patch_match_options.cc:50] depth_max: 3.07967
I20260915 09:51:27.284871  4160 patch_match_options.cc:51] window_radius: 5
I20260915 09:51:27.284882  4160 patch_match_options.cc:52] window_step: 1
I20260915 09:51:27.284891  4160 patch_match_options.cc:53] sigma_spatial: 5
I20260915 09:51:27.284901  4160 patch_match_options.cc:54] sigma_color: 0.2
I20260915 09:51:27.284912  4160 patch_match_options.cc:55] num_samples: 15
I20260915 09:51:27.284925  4160 patch_match_options.cc:56] ncc_sigma: 0.6
I20260915 09:51:27.284933  4160 patch_match_options.cc:57] min_triangulation_angle: 1
I20260915 09:51:27.284941  4160 patch_match_options.cc:58] incident_angle_sigma: 0.9
I20260915 09:51:27.284950  4160 patch_match_options.cc:59] num_iterations: 5
I20260915 09:51:27.284956  4160 patch_match_options.cc:60] geom_consistency: 1
I20260915 09:51:27.284962  4160 patch_match_options.cc:61] geom_consistency_regularizer: 0.3
I20260915 09:51:27.284969  4160 patch_match_options.cc:62] geom_consistency_max_cost: 3
I20260915 09:51:27.284975  4160 patch_match_options.cc:63] filter: 1
I20260915 09:51:27.284982  4160 patch_match_options.cc:64] filter_min_ncc: 0.1
I20260915 09:51:27.284988  4160 patch_match_options.cc:65] filter_min_triangulation_angle: 3
I20260915 09:51:27.284994  4160 patch_match_options.cc:66] filter_min_num_consistent: 2
I20260915 09:51:27.285001  4160 patch_match_options.cc:67] filter_geom_consistency_max_cost: 1
I20260915 09:51:27.285007  4160 patch_match_options.cc:68] write_consistency_graph: 0
I20260915 09:51:27.285013  4160 patch_match_options.cc:69] allow_missing_files: 0
I20260915 09:51:27.285019  4160 patch_match_options.cc:70] num_threads: -1
I20260915 09:51:27.285026  4160 patch_match.cc:129] --- PatchMatch::Run ---
I20260915 09:51:27.749348  4160 cudacc.cc:52] Initialization: 0.0706s
I20260915 09:51:28.813654  4160 cudacc.cc:52]  Sweep 1: 1.0642s
I20260915 09:51:29.968034  4160 cudacc.cc:52]  Sweep 2: 1.1543s
I20260915 09:51:31.023454  4160 cudacc.cc:52]  Sweep 3: 1.0553s
I20260915 09:51:32.137291  4160 cudacc.cc:52]  Sweep 4: 1.1138s
I20260915 09:51:32.137362  4160 cudacc.cc:52] Iteration 1: 4.3880s
I20260915 09:51:33.189912  4160 cudacc.cc:52]  Sweep 1: 1.0525s
I20260915 09:51:34.290369  4160 cudacc.cc:52]  Sweep 2: 1.1004s
I20260915 09:51:35.339808  4160 cudacc.cc:52]  Sweep 3: 1.0494s
I20260915 09:51:36.427060  4160 cudacc.cc:52]  Sweep 4: 1.0872s
I20260915 09:51:36.427155  4160 cudacc.cc:52] Iteration 2: 4.2898s
I20260915 09:51:37.474055  4160 cudacc.cc:52]  Sweep 1: 1.0469s
I20260915 09:51:38.556051  4160 cudacc.cc:52]  Sweep 2: 1.0819s
I20260915 09:51:39.603484  4160 cudacc.cc:52]  Sweep 3: 1.0473s
I20260915 09:51:40.676734  4160 cudacc.cc:52]  Sweep 4: 1.0732s
I20260915 09:51:40.676811  4160 cudacc.cc:52] Iteration 3: 4.2497s
I20260915 09:51:41.723082  4160 cudacc.cc:52]  Sweep 1: 1.0462s
I20260915 09:51:42.795483  4160 cudacc.cc:52]  Sweep 2: 1.0723s
I20260915 09:51:43.841230  4160 cudacc.cc:52]  Sweep 3: 1.0456s
I20260915 09:51:44.904772  4160 cudacc.cc:52]  Sweep 4: 1.0635s
I20260915 09:51:44.904876  4160 cudacc.cc:52] Iteration 4: 4.2281s
I20260915 09:51:45.948315  4160 cudacc.cc:52]  Sweep 1: 1.0434s
I20260915 09:51:47.010654  4160 cudacc.cc:52]  Sweep 2: 1.0623s
I20260915 09:51:48.052943  4160 cudacc.cc:52]  Sweep 3: 1.0422s
I20260915 09:51:49.141781  4160 cudacc.cc:52]  Sweep 4: 1.0888s
I20260915 09:51:49.141860  4160 cudacc.cc:52] Iteration 5: 4.2370s
I20260915 09:51:49.141880  4160 cudacc.cc:52] Total: 21.4634s
I20260915 09:51:49.141889  4160 patch_match.cc:525] 
Writing geometric output for IMG20260912150543.jpg
I20260915 09:51:50.139425  4160 patch_match.cc:419] === Processing view 16 / 37 for IMG20260912150545.jpg ===
I20260915 09:51:50.139530  4160 patch_match.cc:466] Reading inputs...
I20260915 09:51:50.956497  4160 patch_match.cc:56] --- PatchMatch::Problem ---
I20260915 09:51:50.956561  4160 patch_match.cc:57] ref_image_idx: 350
I20260915 09:51:50.956571  4160 patch_match.cc:64] src_image_idxs: 351 348 353 347 349 352
I20260915 09:51:50.956578  4160 patch_match_options.cc:46] --- PatchMatchOptions ---
I20260915 09:51:50.956583  4160 patch_match_options.cc:47] max_image_size: 3072
I20260915 09:51:50.956588  4160 patch_match_options.cc:48] gpu_index: 0
I20260915 09:51:50.956593  4160 patch_match_options.cc:49] depth_min: 1.05442
I20260915 09:51:50.956605  4160 patch_match_options.cc:50] depth_max: 3.09147
I20260915 09:51:50.956611  4160 patch_match_options.cc:51] window_radius: 5
I20260915 09:51:50.956616  4160 patch_match_options.cc:52] window_step: 1
I20260915 09:51:50.956621  4160 patch_match_options.cc:53] sigma_spatial: 5
I20260915 09:51:50.956626  4160 patch_match_options.cc:54] sigma_color: 0.2
I20260915 09:51:50.956632  4160 patch_match_options.cc:55] num_samples: 15
I20260915 09:51:50.956637  4160 patch_match_options.cc:56] ncc_sigma: 0.6
I20260915 09:51:50.956642  4160 patch_match_options.cc:57] min_triangulation_angle: 1
I20260915 09:51:50.956650  4160 patch_match_options.cc:58] incident_angle_sigma: 0.9
I20260915 09:51:50.956656  4160 patch_match_options.cc:59] num_iterations: 5
I20260915 09:51:50.956660  4160 patch_match_options.cc:60] geom_consistency: 1
I20260915 09:51:50.956666  4160 patch_match_options.cc:61] geom_consistency_regularizer: 0.3
I20260915 09:51:50.956671  4160 patch_match_options.cc:62] geom_consistency_max_cost: 3
I20260915 09:51:50.956676  4160 patch_match_options.cc:63] filter: 1
I20260915 09:51:50.956681  4160 patch_match_options.cc:64] filter_min_ncc: 0.1
I20260915 09:51:50.956686  4160 patch_match_options.cc:65] filter_min_triangulation_angle: 3
I20260915 09:51:50.956693  4160 patch_match_options.cc:66] filter_min_num_consistent: 2
I20260915 09:51:50.956700  4160 patch_match_options.cc:67] filter_geom_consistency_max_cost: 1
I20260915 09:51:50.956707  4160 patch_match_options.cc:68] write_consistency_graph: 0
I20260915 09:51:50.956712  4160 patch_match_options.cc:69] allow_missing_files: 0
I20260915 09:51:50.956717  4160 patch_match_options.cc:70] num_threads: -1
I20260915 09:51:50.956722  4160 patch_match.cc:129] --- PatchMatch::Run ---
I20260915 09:51:51.199612  4160 cudacc.cc:52] Initialization: 0.0669s
I20260915 09:51:52.265537  4160 cudacc.cc:52]  Sweep 1: 1.0658s
I20260915 09:51:53.424463  4160 cudacc.cc:52]  Sweep 2: 1.1589s
I20260915 09:51:54.479720  4160 cudacc.cc:52]  Sweep 3: 1.0552s
I20260915 09:51:55.601321  4160 cudacc.cc:52]  Sweep 4: 1.1215s
I20260915 09:51:55.601393  4160 cudacc.cc:52] Iteration 1: 4.4018s
I20260915 09:51:56.650447  4160 cudacc.cc:52]  Sweep 1: 1.0490s
I20260915 09:51:57.754744  4160 cudacc.cc:52]  Sweep 2: 1.1042s
I20260915 09:51:58.801268  4160 cudacc.cc:52]  Sweep 3: 1.0465s
I20260915 09:51:59.903794  4160 cudacc.cc:52]  Sweep 4: 1.1025s
I20260915 09:51:59.903864  4160 cudacc.cc:52] Iteration 2: 4.3025s
I20260915 09:52:00.952814  4160 cudacc.cc:52]  Sweep 1: 1.0489s
I20260915 09:52:02.065751  4160 cudacc.cc:52]  Sweep 2: 1.1129s
I20260915 09:52:03.112987  4160 cudacc.cc:52]  Sweep 3: 1.0472s
I20260915 09:52:04.192787  4160 cudacc.cc:52]  Sweep 4: 1.0797s
I20260915 09:52:04.192861  4160 cudacc.cc:52] Iteration 3: 4.2890s
I20260915 09:52:05.235113  4160 cudacc.cc:52]  Sweep 1: 1.0422s
I20260915 09:52:06.313443  4160 cudacc.cc:52]  Sweep 2: 1.0783s
I20260915 09:52:07.357109  4160 cudacc.cc:52]  Sweep 3: 1.0436s
I20260915 09:52:08.428154  4160 cudacc.cc:52]  Sweep 4: 1.0710s
I20260915 09:52:08.428228  4160 cudacc.cc:52] Iteration 4: 4.2354s
I20260915 09:52:09.470572  4160 cudacc.cc:52]  Sweep 1: 1.0423s
I20260915 09:52:10.537572  4160 cudacc.cc:52]  Sweep 2: 1.0669s
I20260915 09:52:11.583191  4160 cudacc.cc:52]  Sweep 3: 1.0455s
I20260915 09:52:12.696676  4160 cudacc.cc:52]  Sweep 4: 1.1134s
I20260915 09:52:12.696749  4160 cudacc.cc:52] Iteration 5: 4.2685s
I20260915 09:52:12.696768  4160 cudacc.cc:52] Total: 21.5643s
I20260915 09:52:12.696779  4160 patch_match.cc:525] 
Writing geometric output for IMG20260912150545.jpg
I20260915 09:52:13.705033  4160 patch_match.cc:419] === Processing view 17 / 37 for IMG20260912150548.jpg ===
I20260915 09:52:13.705155  4160 patch_match.cc:466] Reading inputs...
I20260915 09:52:14.505617  4160 patch_match.cc:56] --- PatchMatch::Problem ---
I20260915 09:52:14.505674  4160 patch_match.cc:57] ref_image_idx: 351
I20260915 09:52:14.505686  4160 patch_match.cc:64] src_image_idxs: 353 348 352 350 349 354
I20260915 09:52:14.505693  4160 patch_match_options.cc:46] --- PatchMatchOptions ---
I20260915 09:52:14.505698  4160 patch_match_options.cc:47] max_image_size: 3072
I20260915 09:52:14.505703  4160 patch_match_options.cc:48] gpu_index: 0
I20260915 09:52:14.505709  4160 patch_match_options.cc:49] depth_min: 1.06572
I20260915 09:52:14.505718  4160 patch_match_options.cc:50] depth_max: 3.11017
I20260915 09:52:14.505724  4160 patch_match_options.cc:51] window_radius: 5
I20260915 09:52:14.505728  4160 patch_match_options.cc:52] window_step: 1
I20260915 09:52:14.505733  4160 patch_match_options.cc:53] sigma_spatial: 5
I20260915 09:52:14.505741  4160 patch_match_options.cc:54] sigma_color: 0.2
I20260915 09:52:14.505747  4160 patch_match_options.cc:55] num_samples: 15
I20260915 09:52:14.505752  4160 patch_match_options.cc:56] ncc_sigma: 0.6
I20260915 09:52:14.505757  4160 patch_match_options.cc:57] min_triangulation_angle: 1
I20260915 09:52:14.505762  4160 patch_match_options.cc:58] incident_angle_sigma: 0.9
I20260915 09:52:14.505769  4160 patch_match_options.cc:59] num_iterations: 5
I20260915 09:52:14.505775  4160 patch_match_options.cc:60] geom_consistency: 1
I20260915 09:52:14.505780  4160 patch_match_options.cc:61] geom_consistency_regularizer: 0.3
I20260915 09:52:14.505785  4160 patch_match_options.cc:62] geom_consistency_max_cost: 3
I20260915 09:52:14.505790  4160 patch_match_options.cc:63] filter: 1
I20260915 09:52:14.505795  4160 patch_match_options.cc:64] filter_min_ncc: 0.1
I20260915 09:52:14.505800  4160 patch_match_options.cc:65] filter_min_triangulation_angle: 3
I20260915 09:52:14.505807  4160 patch_match_options.cc:66] filter_min_num_consistent: 2
I20260915 09:52:14.505812  4160 patch_match_options.cc:67] filter_geom_consistency_max_cost: 1
I20260915 09:52:14.505817  4160 patch_match_options.cc:68] write_consistency_graph: 0
I20260915 09:52:14.505822  4160 patch_match_options.cc:69] allow_missing_files: 0
I20260915 09:52:14.505828  4160 patch_match_options.cc:70] num_threads: -1
I20260915 09:52:14.505834  4160 patch_match.cc:129] --- PatchMatch::Run ---
I20260915 09:52:14.748823  4160 cudacc.cc:52] Initialization: 0.0668s
I20260915 09:52:15.811559  4160 cudacc.cc:52]  Sweep 1: 1.0626s
I20260915 09:52:16.986170  4160 cudacc.cc:52]  Sweep 2: 1.1745s
I20260915 09:52:18.040740  4160 cudacc.cc:52]  Sweep 3: 1.0545s
I20260915 09:52:19.182988  4160 cudacc.cc:52]  Sweep 4: 1.1422s
I20260915 09:52:19.183060  4160 cudacc.cc:52] Iteration 1: 4.4342s
I20260915 09:52:20.234077  4160 cudacc.cc:52]  Sweep 1: 1.0510s
I20260915 09:52:21.360508  4160 cudacc.cc:52]  Sweep 2: 1.1264s
I20260915 09:52:22.412435  4160 cudacc.cc:52]  Sweep 3: 1.0519s
I20260915 09:52:23.529572  4160 cudacc.cc:52]  Sweep 4: 1.1171s
I20260915 09:52:23.529643  4160 cudacc.cc:52] Iteration 2: 4.3466s
I20260915 09:52:24.577563  4160 cudacc.cc:52]  Sweep 1: 1.0479s
I20260915 09:52:25.689002  4160 cudacc.cc:52]  Sweep 2: 1.1113s
I20260915 09:52:26.737313  4160 cudacc.cc:52]  Sweep 3: 1.0482s
I20260915 09:52:27.842464  4160 cudacc.cc:52]  Sweep 4: 1.1051s
I20260915 09:52:27.842531  4160 cudacc.cc:52] Iteration 3: 4.3129s
I20260915 09:52:28.888706  4160 cudacc.cc:52]  Sweep 1: 1.0462s
I20260915 09:52:29.989963  4160 cudacc.cc:52]  Sweep 2: 1.1011s
I20260915 09:52:31.038176  4160 cudacc.cc:52]  Sweep 3: 1.0481s
I20260915 09:52:32.131573  4160 cudacc.cc:52]  Sweep 4: 1.0933s
I20260915 09:52:32.131689  4160 cudacc.cc:52] Iteration 4: 4.2892s
I20260915 09:52:33.177311  4160 cudacc.cc:52]  Sweep 1: 1.0456s
I20260915 09:52:34.264672  4160 cudacc.cc:52]  Sweep 2: 1.0873s
I20260915 09:52:35.309535  4160 cudacc.cc:52]  Sweep 3: 1.0448s
I20260915 09:52:36.435583  4160 cudacc.cc:52]  Sweep 4: 1.1259s
I20260915 09:52:36.435695  4160 cudacc.cc:52] Iteration 5: 4.3040s
I20260915 09:52:36.435747  4160 cudacc.cc:52] Total: 21.7540s
I20260915 09:52:36.435785  4160 patch_match.cc:525] 
Writing geometric output for IMG20260912150548.jpg
I20260915 09:52:37.458180  4160 patch_match.cc:419] === Processing view 18 / 37 for IMG20260912150551.jpg ===
I20260915 09:52:37.458279  4160 patch_match.cc:466] Reading inputs...
I20260915 09:52:38.239236  4160 patch_match.cc:56] --- PatchMatch::Problem ---
I20260915 09:52:38.239299  4160 patch_match.cc:57] ref_image_idx: 352
I20260915 09:52:38.239310  4160 patch_match.cc:64] src_image_idxs: 351 353 350 354 355 349
I20260915 09:52:38.239316  4160 patch_match_options.cc:46] --- PatchMatchOptions ---
I20260915 09:52:38.239321  4160 patch_match_options.cc:47] max_image_size: 3072
I20260915 09:52:38.239326  4160 patch_match_options.cc:48] gpu_index: 0
I20260915 09:52:38.239330  4160 patch_match_options.cc:49] depth_min: 1.07443
I20260915 09:52:38.239339  4160 patch_match_options.cc:50] depth_max: 3.13788
I20260915 09:52:38.239344  4160 patch_match_options.cc:51] window_radius: 5
I20260915 09:52:38.239349  4160 patch_match_options.cc:52] window_step: 1
I20260915 09:52:38.239353  4160 patch_match_options.cc:53] sigma_spatial: 5
I20260915 09:52:38.239359  4160 patch_match_options.cc:54] sigma_color: 0.2
I20260915 09:52:38.239366  4160 patch_match_options.cc:55] num_samples: 15
I20260915 09:52:38.239372  4160 patch_match_options.cc:56] ncc_sigma: 0.6
I20260915 09:52:38.239377  4160 patch_match_options.cc:57] min_triangulation_angle: 1
I20260915 09:52:38.239382  4160 patch_match_options.cc:58] incident_angle_sigma: 0.9
I20260915 09:52:38.239389  4160 patch_match_options.cc:59] num_iterations: 5
I20260915 09:52:38.239395  4160 patch_match_options.cc:60] geom_consistency: 1
I20260915 09:52:38.239400  4160 patch_match_options.cc:61] geom_consistency_regularizer: 0.3
I20260915 09:52:38.239405  4160 patch_match_options.cc:62] geom_consistency_max_cost: 3
I20260915 09:52:38.239412  4160 patch_match_options.cc:63] filter: 1
I20260915 09:52:38.239418  4160 patch_match_options.cc:64] filter_min_ncc: 0.1
I20260915 09:52:38.239423  4160 patch_match_options.cc:65] filter_min_triangulation_angle: 3
I20260915 09:52:38.239430  4160 patch_match_options.cc:66] filter_min_num_consistent: 2
I20260915 09:52:38.239435  4160 patch_match_options.cc:67] filter_geom_consistency_max_cost: 1
I20260915 09:52:38.239440  4160 patch_match_options.cc:68] write_consistency_graph: 0
I20260915 09:52:38.239445  4160 patch_match_options.cc:69] allow_missing_files: 0
I20260915 09:52:38.239449  4160 patch_match_options.cc:70] num_threads: -1
I20260915 09:52:38.239456  4160 patch_match.cc:129] --- PatchMatch::Run ---
I20260915 09:52:38.479560  4160 cudacc.cc:52] Initialization: 0.0666s
I20260915 09:52:39.546090  4160 cudacc.cc:52]  Sweep 1: 1.0664s
I20260915 09:52:40.714328  4160 cudacc.cc:52]  Sweep 2: 1.1682s
I20260915 09:52:41.769284  4160 cudacc.cc:52]  Sweep 3: 1.0549s
I20260915 09:52:42.924007  4160 cudacc.cc:52]  Sweep 4: 1.1546s
I20260915 09:52:42.924108  4160 cudacc.cc:52] Iteration 1: 4.4445s
I20260915 09:52:43.971566  4160 cudacc.cc:52]  Sweep 1: 1.0474s
I20260915 09:52:45.113670  4160 cudacc.cc:52]  Sweep 2: 1.1420s
I20260915 09:52:46.161940  4160 cudacc.cc:52]  Sweep 3: 1.0482s
I20260915 09:52:47.273850  4160 cudacc.cc:52]  Sweep 4: 1.1118s
I20260915 09:52:47.273918  4160 cudacc.cc:52] Iteration 2: 4.3498s
I20260915 09:52:48.318649  4160 cudacc.cc:52]  Sweep 1: 1.0447s
I20260915 09:52:49.424341  4160 cudacc.cc:52]  Sweep 2: 1.1056s
I20260915 09:52:50.471001  4160 cudacc.cc:52]  Sweep 3: 1.0466s
I20260915 09:52:51.572464  4160 cudacc.cc:52]  Sweep 4: 1.1014s
I20260915 09:52:51.572557  4160 cudacc.cc:52] Iteration 3: 4.2987s
I20260915 09:52:52.616440  4160 cudacc.cc:52]  Sweep 1: 1.0438s
I20260915 09:52:53.713598  4160 cudacc.cc:52]  Sweep 2: 1.0971s
I20260915 09:52:54.757364  4160 cudacc.cc:52]  Sweep 3: 1.0437s
I20260915 09:52:55.846917  4160 cudacc.cc:52]  Sweep 4: 1.0895s
I20260915 09:52:55.847013  4160 cudacc.cc:52] Iteration 4: 4.2745s
I20260915 09:52:56.889264  4160 cudacc.cc:52]  Sweep 1: 1.0422s
I20260915 09:52:57.970883  4160 cudacc.cc:52]  Sweep 2: 1.0815s
I20260915 09:52:59.016620  4160 cudacc.cc:52]  Sweep 3: 1.0457s
I20260915 09:53:00.142320  4160 cudacc.cc:52]  Sweep 4: 1.1256s
I20260915 09:53:00.142390  4160 cudacc.cc:52] Iteration 5: 4.2954s
I20260915 09:53:00.142408  4160 cudacc.cc:52] Total: 21.7297s
I20260915 09:53:00.142420  4160 patch_match.cc:525] 
Writing geometric output for IMG20260912150551.jpg
I20260915 09:53:01.157948  4160 patch_match.cc:419] === Processing view 19 / 37 for IMG20260912150553.jpg ===
I20260915 09:53:01.158069  4160 patch_match.cc:466] Reading inputs...
I20260915 09:53:01.208498  4160 patch_match.cc:56] --- PatchMatch::Problem ---
I20260915 09:53:01.208556  4160 patch_match.cc:57] ref_image_idx: 353
I20260915 09:53:01.208565  4160 patch_match.cc:64] src_image_idxs: 351 352 354 355 350
I20260915 09:53:01.208572  4160 patch_match_options.cc:46] --- PatchMatchOptions ---
I20260915 09:53:01.208577  4160 patch_match_options.cc:47] max_image_size: 3072
I20260915 09:53:01.208581  4160 patch_match_options.cc:48] gpu_index: 0
I20260915 09:53:01.208586  4160 patch_match_options.cc:49] depth_min: 1.08842
I20260915 09:53:01.208595  4160 patch_match_options.cc:50] depth_max: 3.14266
I20260915 09:53:01.208601  4160 patch_match_options.cc:51] window_radius: 5
I20260915 09:53:01.208605  4160 patch_match_options.cc:52] window_step: 1
I20260915 09:53:01.208610  4160 patch_match_options.cc:53] sigma_spatial: 5
I20260915 09:53:01.208615  4160 patch_match_options.cc:54] sigma_color: 0.2
I20260915 09:53:01.208620  4160 patch_match_options.cc:55] num_samples: 15
I20260915 09:53:01.208624  4160 patch_match_options.cc:56] ncc_sigma: 0.6
I20260915 09:53:01.208629  4160 patch_match_options.cc:57] min_triangulation_angle: 1
I20260915 09:53:01.208637  4160 patch_match_options.cc:58] incident_angle_sigma: 0.9
I20260915 09:53:01.208642  4160 patch_match_options.cc:59] num_iterations: 5
I20260915 09:53:01.208646  4160 patch_match_options.cc:60] geom_consistency: 1
I20260915 09:53:01.208651  4160 patch_match_options.cc:61] geom_consistency_regularizer: 0.3
I20260915 09:53:01.208656  4160 patch_match_options.cc:62] geom_consistency_max_cost: 3
I20260915 09:53:01.208661  4160 patch_match_options.cc:63] filter: 1
I20260915 09:53:01.208665  4160 patch_match_options.cc:64] filter_min_ncc: 0.1
I20260915 09:53:01.208671  4160 patch_match_options.cc:65] filter_min_triangulation_angle: 3
I20260915 09:53:01.208676  4160 patch_match_options.cc:66] filter_min_num_consistent: 2
I20260915 09:53:01.208681  4160 patch_match_options.cc:67] filter_geom_consistency_max_cost: 1
I20260915 09:53:01.208685  4160 patch_match_options.cc:68] write_consistency_graph: 0
I20260915 09:53:01.208690  4160 patch_match_options.cc:69] allow_missing_files: 0
I20260915 09:53:01.208694  4160 patch_match_options.cc:70] num_threads: -1
I20260915 09:53:01.208700  4160 patch_match.cc:129] --- PatchMatch::Run ---
I20260915 09:53:01.412462  4160 cudacc.cc:52] Initialization: 0.0631s
I20260915 09:53:02.514806  4160 cudacc.cc:52]  Sweep 1: 1.1022s
I20260915 09:53:03.597902  4160 cudacc.cc:52]  Sweep 2: 1.0830s
I20260915 09:53:04.617125  4160 cudacc.cc:52]  Sweep 3: 1.0191s
I20260915 09:53:05.665325  4160 cudacc.cc:52]  Sweep 4: 1.0481s
I20260915 09:53:05.665427  4160 cudacc.cc:52] Iteration 1: 4.2529s
I20260915 09:53:06.682778  4160 cudacc.cc:52]  Sweep 1: 1.0173s
I20260915 09:53:07.721363  4160 cudacc.cc:52]  Sweep 2: 1.0385s
I20260915 09:53:08.735396  4160 cudacc.cc:52]  Sweep 3: 1.0140s
I20260915 09:53:09.761747  4160 cudacc.cc:52]  Sweep 4: 1.0262s
I20260915 09:53:09.761838  4160 cudacc.cc:52] Iteration 2: 4.0964s
I20260915 09:53:10.777123  4160 cudacc.cc:52]  Sweep 1: 1.0152s
I20260915 09:53:11.800282  4160 cudacc.cc:52]  Sweep 2: 1.0231s
I20260915 09:53:12.822943  4160 cudacc.cc:52]  Sweep 3: 1.0226s
I20260915 09:53:13.884213  4160 cudacc.cc:52]  Sweep 4: 1.0612s
I20260915 09:53:13.884320  4160 cudacc.cc:52] Iteration 3: 4.1225s
I20260915 09:53:14.899110  4160 cudacc.cc:52]  Sweep 1: 1.0147s
I20260915 09:53:15.912150  4160 cudacc.cc:52]  Sweep 2: 1.0130s
I20260915 09:53:16.929259  4160 cudacc.cc:52]  Sweep 3: 1.0170s
I20260915 09:53:17.944667  4160 cudacc.cc:52]  Sweep 4: 1.0153s
I20260915 09:53:17.944800  4160 cudacc.cc:52] Iteration 4: 4.0605s
I20260915 09:53:18.961389  4160 cudacc.cc:52]  Sweep 1: 1.0165s
I20260915 09:53:19.966598  4160 cudacc.cc:52]  Sweep 2: 1.0051s
I20260915 09:53:20.981053  4160 cudacc.cc:52]  Sweep 3: 1.0144s
I20260915 09:53:22.017048  4160 cudacc.cc:52]  Sweep 4: 1.0359s
I20260915 09:53:22.017138  4160 cudacc.cc:52] Iteration 5: 4.0723s
I20260915 09:53:22.017174  4160 cudacc.cc:52] Total: 20.6680s
I20260915 09:53:22.017192  4160 patch_match.cc:525] 
Writing geometric output for IMG20260912150553.jpg
I20260915 09:53:23.343920  4160 patch_match.cc:419] === Processing view 20 / 37 for IMG20260912150557.jpg ===
I20260915 09:53:23.344021  4160 patch_match.cc:466] Reading inputs...
I20260915 09:53:24.460800  4160 patch_match.cc:56] --- PatchMatch::Problem ---
I20260915 09:53:24.460880  4160 patch_match.cc:57] ref_image_idx: 354
I20260915 09:53:24.460901  4160 patch_match.cc:64] src_image_idxs: 353 356 355 352
I20260915 09:53:24.460915  4160 patch_match_options.cc:46] --- PatchMatchOptions ---
I20260915 09:53:24.460928  4160 patch_match_options.cc:47] max_image_size: 3072
I20260915 09:53:24.460940  4160 patch_match_options.cc:48] gpu_index: 0
I20260915 09:53:24.460951  4160 patch_match_options.cc:49] depth_min: 1.10778
I20260915 09:53:24.460971  4160 patch_match_options.cc:50] depth_max: 3.16579
I20260915 09:53:24.460984  4160 patch_match_options.cc:51] window_radius: 5
I20260915 09:53:24.460996  4160 patch_match_options.cc:52] window_step: 1
I20260915 09:53:24.461010  4160 patch_match_options.cc:53] sigma_spatial: 5
I20260915 09:53:24.461023  4160 patch_match_options.cc:54] sigma_color: 0.2
I20260915 09:53:24.461036  4160 patch_match_options.cc:55] num_samples: 15
I20260915 09:53:24.461047  4160 patch_match_options.cc:56] ncc_sigma: 0.6
I20260915 09:53:24.461060  4160 patch_match_options.cc:57] min_triangulation_angle: 1
I20260915 09:53:24.461073  4160 patch_match_options.cc:58] incident_angle_sigma: 0.9
I20260915 09:53:24.461086  4160 patch_match_options.cc:59] num_iterations: 5
I20260915 09:53:24.461098  4160 patch_match_options.cc:60] geom_consistency: 1
I20260915 09:53:24.461110  4160 patch_match_options.cc:61] geom_consistency_regularizer: 0.3
I20260915 09:53:24.461123  4160 patch_match_options.cc:62] geom_consistency_max_cost: 3
I20260915 09:53:24.461136  4160 patch_match_options.cc:63] filter: 1
I20260915 09:53:24.461147  4160 patch_match_options.cc:64] filter_min_ncc: 0.1
I20260915 09:53:24.461163  4160 patch_match_options.cc:65] filter_min_triangulation_angle: 3
I20260915 09:53:24.461176  4160 patch_match_options.cc:66] filter_min_num_consistent: 2
I20260915 09:53:24.461188  4160 patch_match_options.cc:67] filter_geom_consistency_max_cost: 1
I20260915 09:53:24.461201  4160 patch_match_options.cc:68] write_consistency_graph: 0
I20260915 09:53:24.461217  4160 patch_match_options.cc:69] allow_missing_files: 0
I20260915 09:53:24.461229  4160 patch_match_options.cc:70] num_threads: -1
I20260915 09:53:24.461242  4160 patch_match.cc:129] --- PatchMatch::Run ---
I20260915 09:53:24.855145  4160 cudacc.cc:52] Initialization: 0.1004s
I20260915 09:53:25.888776  4160 cudacc.cc:52]  Sweep 1: 1.0335s
I20260915 09:53:26.915756  4160 cudacc.cc:52]  Sweep 2: 1.0269s
I20260915 09:53:27.907447  4160 cudacc.cc:52]  Sweep 3: 0.9916s
I20260915 09:53:28.905404  4160 cudacc.cc:52]  Sweep 4: 0.9978s
I20260915 09:53:28.905598  4160 cudacc.cc:52] Iteration 1: 4.0504s
I20260915 09:53:29.898888  4160 cudacc.cc:52]  Sweep 1: 0.9932s
I20260915 09:53:30.870595  4160 cudacc.cc:52]  Sweep 2: 0.9716s
I20260915 09:53:31.862140  4160 cudacc.cc:52]  Sweep 3: 0.9914s
I20260915 09:53:32.817414  4160 cudacc.cc:52]  Sweep 4: 0.9552s
I20260915 09:53:32.817515  4160 cudacc.cc:52] Iteration 2: 3.9119s
I20260915 09:53:33.804113  4160 cudacc.cc:52]  Sweep 1: 0.9866s
I20260915 09:53:34.757001  4160 cudacc.cc:52]  Sweep 2: 0.9528s
I20260915 09:53:35.741144  4160 cudacc.cc:52]  Sweep 3: 0.9840s
I20260915 09:53:36.690612  4160 cudacc.cc:52]  Sweep 4: 0.9494s
I20260915 09:53:36.690679  4160 cudacc.cc:52] Iteration 3: 3.8732s
I20260915 09:53:37.676647  4160 cudacc.cc:52]  Sweep 1: 0.9859s
I20260915 09:53:38.624453  4160 cudacc.cc:52]  Sweep 2: 0.9477s
I20260915 09:53:39.607670  4160 cudacc.cc:52]  Sweep 3: 0.9831s
I20260915 09:53:40.551992  4160 cudacc.cc:52]  Sweep 4: 0.9442s
I20260915 09:53:40.552072  4160 cudacc.cc:52] Iteration 4: 3.8614s
I20260915 09:53:41.541440  4160 cudacc.cc:52]  Sweep 1: 0.9893s
I20260915 09:53:42.481986  4160 cudacc.cc:52]  Sweep 2: 0.9405s
I20260915 09:53:43.463961  4160 cudacc.cc:52]  Sweep 3: 0.9819s
I20260915 09:53:44.428992  4160 cudacc.cc:52]  Sweep 4: 0.9650s
I20260915 09:53:44.429067  4160 cudacc.cc:52] Iteration 5: 3.8770s
I20260915 09:53:44.429089  4160 cudacc.cc:52] Total: 19.6746s
I20260915 09:53:44.429100  4160 patch_match.cc:525] 
Writing geometric output for IMG20260912150557.jpg
I20260915 09:53:45.382570  4160 patch_match.cc:419] === Processing view 21 / 37 for IMG20260912150559.jpg ===
I20260915 09:53:45.382687  4160 patch_match.cc:466] Reading inputs...
I20260915 09:53:46.134040  4160 patch_match.cc:56] --- PatchMatch::Problem ---
I20260915 09:53:46.134098  4160 patch_match.cc:57] ref_image_idx: 355
I20260915 09:53:46.134109  4160 patch_match.cc:64] src_image_idxs: 356 353 354 357
I20260915 09:53:46.134128  4160 patch_match_options.cc:46] --- PatchMatchOptions ---
I20260915 09:53:46.134133  4160 patch_match_options.cc:47] max_image_size: 3072
I20260915 09:53:46.134141  4160 patch_match_options.cc:48] gpu_index: 0
I20260915 09:53:46.134146  4160 patch_match_options.cc:49] depth_min: 1.11928
I20260915 09:53:46.134156  4160 patch_match_options.cc:50] depth_max: 3.20047
I20260915 09:53:46.134162  4160 patch_match_options.cc:51] window_radius: 5
I20260915 09:53:46.134167  4160 patch_match_options.cc:52] window_step: 1
I20260915 09:53:46.134172  4160 patch_match_options.cc:53] sigma_spatial: 5
I20260915 09:53:46.134178  4160 patch_match_options.cc:54] sigma_color: 0.2
I20260915 09:53:46.134183  4160 patch_match_options.cc:55] num_samples: 15
I20260915 09:53:46.134188  4160 patch_match_options.cc:56] ncc_sigma: 0.6
I20260915 09:53:46.134193  4160 patch_match_options.cc:57] min_triangulation_angle: 1
I20260915 09:53:46.134198  4160 patch_match_options.cc:58] incident_angle_sigma: 0.9
I20260915 09:53:46.134204  4160 patch_match_options.cc:59] num_iterations: 5
I20260915 09:53:46.134212  4160 patch_match_options.cc:60] geom_consistency: 1
I20260915 09:53:46.134218  4160 patch_match_options.cc:61] geom_consistency_regularizer: 0.3
I20260915 09:53:46.134223  4160 patch_match_options.cc:62] geom_consistency_max_cost: 3
I20260915 09:53:46.134228  4160 patch_match_options.cc:63] filter: 1
I20260915 09:53:46.134233  4160 patch_match_options.cc:64] filter_min_ncc: 0.1
I20260915 09:53:46.134240  4160 patch_match_options.cc:65] filter_min_triangulation_angle: 3
I20260915 09:53:46.134246  4160 patch_match_options.cc:66] filter_min_num_consistent: 2
I20260915 09:53:46.134251  4160 patch_match_options.cc:67] filter_geom_consistency_max_cost: 1
I20260915 09:53:46.134256  4160 patch_match_options.cc:68] write_consistency_graph: 0
I20260915 09:53:46.134261  4160 patch_match_options.cc:69] allow_missing_files: 0
I20260915 09:53:46.134266  4160 patch_match_options.cc:70] num_threads: -1
I20260915 09:53:46.134272  4160 patch_match.cc:129] --- PatchMatch::Run ---
I20260915 09:53:46.500735  4160 cudacc.cc:52] Initialization: 0.0848s
I20260915 09:53:47.497211  4160 cudacc.cc:52]  Sweep 1: 0.9964s
I20260915 09:53:48.490896  4160 cudacc.cc:52]  Sweep 2: 0.9936s
I20260915 09:53:49.481532  4160 cudacc.cc:52]  Sweep 3: 0.9906s
I20260915 09:53:50.450881  4160 cudacc.cc:52]  Sweep 4: 0.9693s
I20260915 09:53:50.450952  4160 cudacc.cc:52] Iteration 1: 3.9502s
I20260915 09:53:51.440566  4160 cudacc.cc:52]  Sweep 1: 0.9896s
I20260915 09:53:52.426731  4160 cudacc.cc:52]  Sweep 2: 0.9861s
I20260915 09:53:53.414999  4160 cudacc.cc:52]  Sweep 3: 0.9882s
I20260915 09:53:54.369381  4160 cudacc.cc:52]  Sweep 4: 0.9543s
I20260915 09:53:54.369452  4160 cudacc.cc:52] Iteration 2: 3.9185s
I20260915 09:53:55.355476  4160 cudacc.cc:52]  Sweep 1: 0.9860s
I20260915 09:53:56.304242  4160 cudacc.cc:52]  Sweep 2: 0.9487s
I20260915 09:53:57.291552  4160 cudacc.cc:52]  Sweep 3: 0.9872s
I20260915 09:53:58.238218  4160 cudacc.cc:52]  Sweep 4: 0.9466s
I20260915 09:53:58.238289  4160 cudacc.cc:52] Iteration 3: 3.8689s
I20260915 09:53:59.224560  4160 cudacc.cc:52]  Sweep 1: 0.9862s
I20260915 09:54:00.169124  4160 cudacc.cc:52]  Sweep 2: 0.9445s
I20260915 09:54:01.152746  4160 cudacc.cc:52]  Sweep 3: 0.9835s
I20260915 09:54:02.097592  4160 cudacc.cc:52]  Sweep 4: 0.9448s
I20260915 09:54:02.097676  4160 cudacc.cc:52] Iteration 4: 3.8594s
I20260915 09:54:03.082172  4160 cudacc.cc:52]  Sweep 1: 0.9845s
I20260915 09:54:04.022074  4160 cudacc.cc:52]  Sweep 2: 0.9398s
I20260915 09:54:05.006303  4160 cudacc.cc:52]  Sweep 3: 0.9842s
I20260915 09:54:05.997831  4160 cudacc.cc:52]  Sweep 4: 0.9914s
I20260915 09:54:05.997933  4160 cudacc.cc:52] Iteration 5: 3.9003s
I20260915 09:54:05.997953  4160 cudacc.cc:52] Total: 19.5822s
I20260915 09:54:05.997987  4160 patch_match.cc:525] 
Writing geometric output for IMG20260912150559.jpg
I20260915 09:54:06.986269  4160 patch_match.cc:419] === Processing view 22 / 37 for IMG20260912150601.jpg ===
I20260915 09:54:06.986359  4160 patch_match.cc:466] Reading inputs...
I20260915 09:54:07.754517  4160 patch_match.cc:56] --- PatchMatch::Problem ---
I20260915 09:54:07.754573  4160 patch_match.cc:57] ref_image_idx: 356
I20260915 09:54:07.754583  4160 patch_match.cc:64] src_image_idxs: 358 355 357 354
I20260915 09:54:07.754590  4160 patch_match_options.cc:46] --- PatchMatchOptions ---
I20260915 09:54:07.754595  4160 patch_match_options.cc:47] max_image_size: 3072
I20260915 09:54:07.754600  4160 patch_match_options.cc:48] gpu_index: 0
I20260915 09:54:07.754604  4160 patch_match_options.cc:49] depth_min: 1.13354
I20260915 09:54:07.754615  4160 patch_match_options.cc:50] depth_max: 3.2038
I20260915 09:54:07.754620  4160 patch_match_options.cc:51] window_radius: 5
I20260915 09:54:07.754635  4160 patch_match_options.cc:52] window_step: 1
I20260915 09:54:07.754641  4160 patch_match_options.cc:53] sigma_spatial: 5
I20260915 09:54:07.754647  4160 patch_match_options.cc:54] sigma_color: 0.2
I20260915 09:54:07.754655  4160 patch_match_options.cc:55] num_samples: 15
I20260915 09:54:07.754660  4160 patch_match_options.cc:56] ncc_sigma: 0.6
I20260915 09:54:07.754665  4160 patch_match_options.cc:57] min_triangulation_angle: 1
I20260915 09:54:07.754671  4160 patch_match_options.cc:58] incident_angle_sigma: 0.9
I20260915 09:54:07.754677  4160 patch_match_options.cc:59] num_iterations: 5
I20260915 09:54:07.754681  4160 patch_match_options.cc:60] geom_consistency: 1
I20260915 09:54:07.754689  4160 patch_match_options.cc:61] geom_consistency_regularizer: 0.3
I20260915 09:54:07.754695  4160 patch_match_options.cc:62] geom_consistency_max_cost: 3
I20260915 09:54:07.754700  4160 patch_match_options.cc:63] filter: 1
I20260915 09:54:07.754704  4160 patch_match_options.cc:64] filter_min_ncc: 0.1
I20260915 09:54:07.754709  4160 patch_match_options.cc:65] filter_min_triangulation_angle: 3
I20260915 09:54:07.754714  4160 patch_match_options.cc:66] filter_min_num_consistent: 2
I20260915 09:54:07.754721  4160 patch_match_options.cc:67] filter_geom_consistency_max_cost: 1
I20260915 09:54:07.754726  4160 patch_match_options.cc:68] write_consistency_graph: 0
I20260915 09:54:07.754733  4160 patch_match_options.cc:69] allow_missing_files: 0
I20260915 09:54:07.754741  4160 patch_match_options.cc:70] num_threads: -1
I20260915 09:54:07.754748  4160 patch_match.cc:129] --- PatchMatch::Run ---
I20260915 09:54:08.113752  4160 cudacc.cc:52] Initialization: 0.0771s
I20260915 09:54:09.111517  4160 cudacc.cc:52]  Sweep 1: 0.9977s
I20260915 09:54:10.105536  4160 cudacc.cc:52]  Sweep 2: 0.9940s
I20260915 09:54:11.097505  4160 cudacc.cc:52]  Sweep 3: 0.9919s
I20260915 09:54:12.066932  4160 cudacc.cc:52]  Sweep 4: 0.9694s
I20260915 09:54:12.066999  4160 cudacc.cc:52] Iteration 1: 3.9532s
I20260915 09:54:13.055840  4160 cudacc.cc:52]  Sweep 1: 0.9888s
I20260915 09:54:14.019276  4160 cudacc.cc:52]  Sweep 2: 0.9634s
I20260915 09:54:15.007687  4160 cudacc.cc:52]  Sweep 3: 0.9883s
I20260915 09:54:15.975553  4160 cudacc.cc:52]  Sweep 4: 0.9678s
I20260915 09:54:15.975649  4160 cudacc.cc:52] Iteration 2: 3.9087s
I20260915 09:54:16.963121  4160 cudacc.cc:52]  Sweep 1: 0.9874s
I20260915 09:54:17.916813  4160 cudacc.cc:52]  Sweep 2: 0.9536s
I20260915 09:54:18.902318  4160 cudacc.cc:52]  Sweep 3: 0.9854s
I20260915 09:54:19.851621  4160 cudacc.cc:52]  Sweep 4: 0.9492s
I20260915 09:54:19.851724  4160 cudacc.cc:52] Iteration 3: 3.8761s
I20260915 09:54:20.838575  4160 cudacc.cc:52]  Sweep 1: 0.9868s
I20260915 09:54:21.784803  4160 cudacc.cc:52]  Sweep 2: 0.9462s
I20260915 09:54:22.768435  4160 cudacc.cc:52]  Sweep 3: 0.9836s
I20260915 09:54:23.712404  4160 cudacc.cc:52]  Sweep 4: 0.9439s
I20260915 09:54:23.712477  4160 cudacc.cc:52] Iteration 4: 3.8608s
I20260915 09:54:24.700424  4160 cudacc.cc:52]  Sweep 1: 0.9879s
I20260915 09:54:25.641521  4160 cudacc.cc:52]  Sweep 2: 0.9410s
I20260915 09:54:26.623497  4160 cudacc.cc:52]  Sweep 3: 0.9819s
I20260915 09:54:27.590139  4160 cudacc.cc:52]  Sweep 4: 0.9666s
I20260915 09:54:27.590209  4160 cudacc.cc:52] Iteration 5: 3.8778s
I20260915 09:54:27.590227  4160 cudacc.cc:52] Total: 19.5538s
I20260915 09:54:27.590238  4160 patch_match.cc:525] 
Writing geometric output for IMG20260912150601.jpg
I20260915 09:54:28.531608  4160 patch_match.cc:419] === Processing view 23 / 37 for IMG20260912150604.jpg ===
I20260915 09:54:28.531713  4160 patch_match.cc:466] Reading inputs...
I20260915 09:54:29.296609  4160 patch_match.cc:56] --- PatchMatch::Problem ---
I20260915 09:54:29.296667  4160 patch_match.cc:57] ref_image_idx: 357
I20260915 09:54:29.296676  4160 patch_match.cc:64] src_image_idxs: 356 358 355 359
I20260915 09:54:29.296682  4160 patch_match_options.cc:46] --- PatchMatchOptions ---
I20260915 09:54:29.296687  4160 patch_match_options.cc:47] max_image_size: 3072
I20260915 09:54:29.296692  4160 patch_match_options.cc:48] gpu_index: 0
I20260915 09:54:29.296696  4160 patch_match_options.cc:49] depth_min: 1.13436
I20260915 09:54:29.296706  4160 patch_match_options.cc:50] depth_max: 3.21869
I20260915 09:54:29.296711  4160 patch_match_options.cc:51] window_radius: 5
I20260915 09:54:29.296716  4160 patch_match_options.cc:52] window_step: 1
I20260915 09:54:29.296723  4160 patch_match_options.cc:53] sigma_spatial: 5
I20260915 09:54:29.296731  4160 patch_match_options.cc:54] sigma_color: 0.2
I20260915 09:54:29.296736  4160 patch_match_options.cc:55] num_samples: 15
I20260915 09:54:29.296740  4160 patch_match_options.cc:56] ncc_sigma: 0.6
I20260915 09:54:29.296745  4160 patch_match_options.cc:57] min_triangulation_angle: 1
I20260915 09:54:29.296750  4160 patch_match_options.cc:58] incident_angle_sigma: 0.9
I20260915 09:54:29.296755  4160 patch_match_options.cc:59] num_iterations: 5
I20260915 09:54:29.296760  4160 patch_match_options.cc:60] geom_consistency: 1
I20260915 09:54:29.296765  4160 patch_match_options.cc:61] geom_consistency_regularizer: 0.3
I20260915 09:54:29.296770  4160 patch_match_options.cc:62] geom_consistency_max_cost: 3
I20260915 09:54:29.296775  4160 patch_match_options.cc:63] filter: 1
I20260915 09:54:29.296779  4160 patch_match_options.cc:64] filter_min_ncc: 0.1
I20260915 09:54:29.296785  4160 patch_match_options.cc:65] filter_min_triangulation_angle: 3
I20260915 09:54:29.296790  4160 patch_match_options.cc:66] filter_min_num_consistent: 2
I20260915 09:54:29.296794  4160 patch_match_options.cc:67] filter_geom_consistency_max_cost: 1
I20260915 09:54:29.296799  4160 patch_match_options.cc:68] write_consistency_graph: 0
I20260915 09:54:29.296804  4160 patch_match_options.cc:69] allow_missing_files: 0
I20260915 09:54:29.296808  4160 patch_match_options.cc:70] num_threads: -1
I20260915 09:54:29.296814  4160 patch_match.cc:129] --- PatchMatch::Run ---
I20260915 09:54:29.683808  4160 cudacc.cc:52] Initialization: 0.1016s
I20260915 09:54:30.691291  4160 cudacc.cc:52]  Sweep 1: 1.0074s
I20260915 09:54:31.679071  4160 cudacc.cc:52]  Sweep 2: 0.9877s
I20260915 09:54:32.669979  4160 cudacc.cc:52]  Sweep 3: 0.9908s
I20260915 09:54:33.631246  4160 cudacc.cc:52]  Sweep 4: 0.9612s
I20260915 09:54:33.631318  4160 cudacc.cc:52] Iteration 1: 3.9475s
I20260915 09:54:34.620486  4160 cudacc.cc:52]  Sweep 1: 0.9890s
I20260915 09:54:35.576653  4160 cudacc.cc:52]  Sweep 2: 0.9561s
I20260915 09:54:36.571711  4160 cudacc.cc:52]  Sweep 3: 0.9950s
I20260915 09:54:37.558550  4160 cudacc.cc:52]  Sweep 4: 0.9867s
I20260915 09:54:37.558623  4160 cudacc.cc:52] Iteration 2: 3.9272s
I20260915 09:54:38.544986  4160 cudacc.cc:52]  Sweep 1: 0.9863s
I20260915 09:54:39.488184  4160 cudacc.cc:52]  Sweep 2: 0.9431s
I20260915 09:54:40.473292  4160 cudacc.cc:52]  Sweep 3: 0.9850s
I20260915 09:54:41.412539  4160 cudacc.cc:52]  Sweep 4: 0.9392s
I20260915 09:54:41.412613  4160 cudacc.cc:52] Iteration 3: 3.8540s
I20260915 09:54:42.396636  4160 cudacc.cc:52]  Sweep 1: 0.9840s
I20260915 09:54:43.335416  4160 cudacc.cc:52]  Sweep 2: 0.9387s
I20260915 09:54:44.318548  4160 cudacc.cc:52]  Sweep 3: 0.9831s
I20260915 09:54:45.253906  4160 cudacc.cc:52]  Sweep 4: 0.9353s
I20260915 09:54:45.253977  4160 cudacc.cc:52] Iteration 4: 3.8414s
I20260915 09:54:46.239122  4160 cudacc.cc:52]  Sweep 1: 0.9851s
I20260915 09:54:47.172607  4160 cudacc.cc:52]  Sweep 2: 0.9334s
I20260915 09:54:48.154438  4160 cudacc.cc:52]  Sweep 3: 0.9818s
I20260915 09:54:49.121199  4160 cudacc.cc:52]  Sweep 4: 0.9667s
I20260915 09:54:49.121276  4160 cudacc.cc:52] Iteration 5: 3.8673s
I20260915 09:54:49.121294  4160 cudacc.cc:52] Total: 19.5393s
I20260915 09:54:49.121302  4160 patch_match.cc:525] 
Writing geometric output for IMG20260912150604.jpg
I20260915 09:54:50.109223  4160 patch_match.cc:419] === Processing view 24 / 37 for IMG20260912150605.jpg ===
I20260915 09:54:50.109328  4160 patch_match.cc:466] Reading inputs...
I20260915 09:54:50.873891  4160 patch_match.cc:56] --- PatchMatch::Problem ---
I20260915 09:54:50.873951  4160 patch_match.cc:57] ref_image_idx: 358
I20260915 09:54:50.873962  4160 patch_match.cc:64] src_image_idxs: 356 359 357 360
I20260915 09:54:50.873968  4160 patch_match_options.cc:46] --- PatchMatchOptions ---
I20260915 09:54:50.873973  4160 patch_match_options.cc:47] max_image_size: 3072
I20260915 09:54:50.873978  4160 patch_match_options.cc:48] gpu_index: 0
I20260915 09:54:50.873983  4160 patch_match_options.cc:49] depth_min: 1.14208
I20260915 09:54:50.873994  4160 patch_match_options.cc:50] depth_max: 3.19418
I20260915 09:54:50.873999  4160 patch_match_options.cc:51] window_radius: 5
I20260915 09:54:50.874004  4160 patch_match_options.cc:52] window_step: 1
I20260915 09:54:50.874009  4160 patch_match_options.cc:53] sigma_spatial: 5
I20260915 09:54:50.874014  4160 patch_match_options.cc:54] sigma_color: 0.2
I20260915 09:54:50.874019  4160 patch_match_options.cc:55] num_samples: 15
I20260915 09:54:50.874024  4160 patch_match_options.cc:56] ncc_sigma: 0.6
I20260915 09:54:50.874029  4160 patch_match_options.cc:57] min_triangulation_angle: 1
I20260915 09:54:50.874035  4160 patch_match_options.cc:58] incident_angle_sigma: 0.9
I20260915 09:54:50.874040  4160 patch_match_options.cc:59] num_iterations: 5
I20260915 09:54:50.874045  4160 patch_match_options.cc:60] geom_consistency: 1
I20260915 09:54:50.874050  4160 patch_match_options.cc:61] geom_consistency_regularizer: 0.3
I20260915 09:54:50.874057  4160 patch_match_options.cc:62] geom_consistency_max_cost: 3
I20260915 09:54:50.874064  4160 patch_match_options.cc:63] filter: 1
I20260915 09:54:50.874070  4160 patch_match_options.cc:64] filter_min_ncc: 0.1
I20260915 09:54:50.874077  4160 patch_match_options.cc:65] filter_min_triangulation_angle: 3
I20260915 09:54:50.874083  4160 patch_match_options.cc:66] filter_min_num_consistent: 2
I20260915 09:54:50.874088  4160 patch_match_options.cc:67] filter_geom_consistency_max_cost: 1
I20260915 09:54:50.874093  4160 patch_match_options.cc:68] write_consistency_graph: 0
I20260915 09:54:50.874098  4160 patch_match_options.cc:69] allow_missing_files: 0
I20260915 09:54:50.874103  4160 patch_match_options.cc:70] num_threads: -1
I20260915 09:54:50.874108  4160 patch_match.cc:129] --- PatchMatch::Run ---
I20260915 09:54:51.253578  4160 cudacc.cc:52] Initialization: 0.1009s
I20260915 09:54:52.274862  4160 cudacc.cc:52]  Sweep 1: 1.0212s
I20260915 09:54:53.265014  4160 cudacc.cc:52]  Sweep 2: 0.9901s
I20260915 09:54:54.257744  4160 cudacc.cc:52]  Sweep 3: 0.9926s
I20260915 09:54:55.241017  4160 cudacc.cc:52]  Sweep 4: 0.9832s
I20260915 09:54:55.241088  4160 cudacc.cc:52] Iteration 1: 3.9875s
I20260915 09:54:56.231316  4160 cudacc.cc:52]  Sweep 1: 0.9902s
I20260915 09:54:57.194364  4160 cudacc.cc:52]  Sweep 2: 0.9630s
I20260915 09:54:58.182588  4160 cudacc.cc:52]  Sweep 3: 0.9882s
I20260915 09:54:59.129573  4160 cudacc.cc:52]  Sweep 4: 0.9469s
I20260915 09:54:59.129645  4160 cudacc.cc:52] Iteration 2: 3.8886s
I20260915 09:55:00.116600  4160 cudacc.cc:52]  Sweep 1: 0.9869s
I20260915 09:55:01.064028  4160 cudacc.cc:52]  Sweep 2: 0.9473s
I20260915 09:55:02.049016  4160 cudacc.cc:52]  Sweep 3: 0.9849s
I20260915 09:55:02.993353  4160 cudacc.cc:52]  Sweep 4: 0.9443s
I20260915 09:55:02.993419  4160 cudacc.cc:52] Iteration 3: 3.8638s
I20260915 09:55:03.981238  4160 cudacc.cc:52]  Sweep 1: 0.9878s
I20260915 09:55:04.923749  4160 cudacc.cc:52]  Sweep 2: 0.9424s
I20260915 09:55:05.908405  4160 cudacc.cc:52]  Sweep 3: 0.9846s
I20260915 09:55:06.875034  4160 cudacc.cc:52]  Sweep 4: 0.9665s
I20260915 09:55:06.875125  4160 cudacc.cc:52] Iteration 4: 3.8817s
I20260915 09:55:07.859544  4160 cudacc.cc:52]  Sweep 1: 0.9844s
I20260915 09:55:08.803405  4160 cudacc.cc:52]  Sweep 2: 0.9438s
I20260915 09:55:09.789519  4160 cudacc.cc:52]  Sweep 3: 0.9860s
I20260915 09:55:10.754020  4160 cudacc.cc:52]  Sweep 4: 0.9644s
I20260915 09:55:10.754091  4160 cudacc.cc:52] Iteration 5: 3.8790s
I20260915 09:55:10.754109  4160 cudacc.cc:52] Total: 19.6017s
I20260915 09:55:10.754120  4160 patch_match.cc:525] 
Writing geometric output for IMG20260912150605.jpg
I20260915 09:55:11.719336  4160 patch_match.cc:419] === Processing view 25 / 37 for IMG20260912150607.jpg ===
I20260915 09:55:11.719455  4160 patch_match.cc:466] Reading inputs...
I20260915 09:55:12.484853  4160 patch_match.cc:56] --- PatchMatch::Problem ---
I20260915 09:55:12.484911  4160 patch_match.cc:57] ref_image_idx: 359
I20260915 09:55:12.484922  4160 patch_match.cc:64] src_image_idxs: 358 361 360 357
I20260915 09:55:12.484928  4160 patch_match_options.cc:46] --- PatchMatchOptions ---
I20260915 09:55:12.484933  4160 patch_match_options.cc:47] max_image_size: 3072
I20260915 09:55:12.484938  4160 patch_match_options.cc:48] gpu_index: 0
I20260915 09:55:12.484943  4160 patch_match_options.cc:49] depth_min: 1.13514
I20260915 09:55:12.484953  4160 patch_match_options.cc:50] depth_max: 3.18095
I20260915 09:55:12.484959  4160 patch_match_options.cc:51] window_radius: 5
I20260915 09:55:12.484963  4160 patch_match_options.cc:52] window_step: 1
I20260915 09:55:12.484968  4160 patch_match_options.cc:53] sigma_spatial: 5
I20260915 09:55:12.484973  4160 patch_match_options.cc:54] sigma_color: 0.2
I20260915 09:55:12.484979  4160 patch_match_options.cc:55] num_samples: 15
I20260915 09:55:12.484984  4160 patch_match_options.cc:56] ncc_sigma: 0.6
I20260915 09:55:12.484989  4160 patch_match_options.cc:57] min_triangulation_angle: 1
I20260915 09:55:12.484994  4160 patch_match_options.cc:58] incident_angle_sigma: 0.9
I20260915 09:55:12.485002  4160 patch_match_options.cc:59] num_iterations: 5
I20260915 09:55:12.485008  4160 patch_match_options.cc:60] geom_consistency: 1
I20260915 09:55:12.485013  4160 patch_match_options.cc:61] geom_consistency_regularizer: 0.3
I20260915 09:55:12.485020  4160 patch_match_options.cc:62] geom_consistency_max_cost: 3
I20260915 09:55:12.485027  4160 patch_match_options.cc:63] filter: 1
I20260915 09:55:12.485032  4160 patch_match_options.cc:64] filter_min_ncc: 0.1
I20260915 09:55:12.485039  4160 patch_match_options.cc:65] filter_min_triangulation_angle: 3
I20260915 09:55:12.485045  4160 patch_match_options.cc:66] filter_min_num_consistent: 2
I20260915 09:55:12.485050  4160 patch_match_options.cc:67] filter_geom_consistency_max_cost: 1
I20260915 09:55:12.485057  4160 patch_match_options.cc:68] write_consistency_graph: 0
I20260915 09:55:12.485063  4160 patch_match_options.cc:69] allow_missing_files: 0
I20260915 09:55:12.485068  4160 patch_match_options.cc:70] num_threads: -1
I20260915 09:55:12.485073  4160 patch_match.cc:129] --- PatchMatch::Run ---
I20260915 09:55:12.868317  4160 cudacc.cc:52] Initialization: 0.1017s
I20260915 09:55:13.894017  4160 cudacc.cc:52]  Sweep 1: 1.0256s
I20260915 09:55:14.878427  4160 cudacc.cc:52]  Sweep 2: 0.9843s
I20260915 09:55:15.870431  4160 cudacc.cc:52]  Sweep 3: 0.9919s
I20260915 09:55:16.837780  4160 cudacc.cc:52]  Sweep 4: 0.9673s
I20260915 09:55:16.837892  4160 cudacc.cc:52] Iteration 1: 3.9695s
I20260915 09:55:17.827217  4160 cudacc.cc:52]  Sweep 1: 0.9893s
I20260915 09:55:18.782238  4160 cudacc.cc:52]  Sweep 2: 0.9550s
I20260915 09:55:19.772278  4160 cudacc.cc:52]  Sweep 3: 0.9900s
I20260915 09:55:20.730615  4160 cudacc.cc:52]  Sweep 4: 0.9583s
I20260915 09:55:20.730691  4160 cudacc.cc:52] Iteration 2: 3.8928s
I20260915 09:55:21.719060  4160 cudacc.cc:52]  Sweep 1: 0.9883s
I20260915 09:55:22.692022  4160 cudacc.cc:52]  Sweep 2: 0.9729s
I20260915 09:55:23.679487  4160 cudacc.cc:52]  Sweep 3: 0.9874s
I20260915 09:55:24.630907  4160 cudacc.cc:52]  Sweep 4: 0.9514s
I20260915 09:55:24.630988  4160 cudacc.cc:52] Iteration 3: 3.9003s
I20260915 09:55:25.621179  4160 cudacc.cc:52]  Sweep 1: 0.9902s
I20260915 09:55:26.563845  4160 cudacc.cc:52]  Sweep 2: 0.9426s
I20260915 09:55:27.550530  4160 cudacc.cc:52]  Sweep 3: 0.9866s
I20260915 09:55:28.494555  4160 cudacc.cc:52]  Sweep 4: 0.9439s
I20260915 09:55:28.494668  4160 cudacc.cc:52] Iteration 4: 3.8637s
I20260915 09:55:29.481423  4160 cudacc.cc:52]  Sweep 1: 0.9867s
I20260915 09:55:30.418225  4160 cudacc.cc:52]  Sweep 2: 0.9367s
I20260915 09:55:31.403334  4160 cudacc.cc:52]  Sweep 3: 0.9850s
I20260915 09:55:32.369501  4160 cudacc.cc:52]  Sweep 4: 0.9661s
I20260915 09:55:32.369572  4160 cudacc.cc:52] Iteration 5: 3.8749s
I20260915 09:55:32.369591  4160 cudacc.cc:52] Total: 19.6032s
I20260915 09:55:32.369602  4160 patch_match.cc:525] 
Writing geometric output for IMG20260912150607.jpg
I20260915 09:55:33.337411  4160 patch_match.cc:419] === Processing view 26 / 37 for IMG20260912150609.jpg ===
I20260915 09:55:33.337506  4160 patch_match.cc:466] Reading inputs...
I20260915 09:55:34.123633  4160 patch_match.cc:56] --- PatchMatch::Problem ---
I20260915 09:55:34.123688  4160 patch_match.cc:57] ref_image_idx: 360
I20260915 09:55:34.123698  4160 patch_match.cc:64] src_image_idxs: 361 358 359 362
I20260915 09:55:34.123705  4160 patch_match_options.cc:46] --- PatchMatchOptions ---
I20260915 09:55:34.123712  4160 patch_match_options.cc:47] max_image_size: 3072
I20260915 09:55:34.123719  4160 patch_match_options.cc:48] gpu_index: 0
I20260915 09:55:34.123723  4160 patch_match_options.cc:49] depth_min: 1.13618
I20260915 09:55:34.123735  4160 patch_match_options.cc:50] depth_max: 3.17908
I20260915 09:55:34.123740  4160 patch_match_options.cc:51] window_radius: 5
I20260915 09:55:34.123747  4160 patch_match_options.cc:52] window_step: 1
I20260915 09:55:34.123753  4160 patch_match_options.cc:53] sigma_spatial: 5
I20260915 09:55:34.123758  4160 patch_match_options.cc:54] sigma_color: 0.2
I20260915 09:55:34.123766  4160 patch_match_options.cc:55] num_samples: 15
I20260915 09:55:34.123771  4160 patch_match_options.cc:56] ncc_sigma: 0.6
I20260915 09:55:34.123776  4160 patch_match_options.cc:57] min_triangulation_angle: 1
I20260915 09:55:34.123784  4160 patch_match_options.cc:58] incident_angle_sigma: 0.9
I20260915 09:55:34.123790  4160 patch_match_options.cc:59] num_iterations: 5
I20260915 09:55:34.123795  4160 patch_match_options.cc:60] geom_consistency: 1
I20260915 09:55:34.123801  4160 patch_match_options.cc:61] geom_consistency_regularizer: 0.3
I20260915 09:55:34.123808  4160 patch_match_options.cc:62] geom_consistency_max_cost: 3
I20260915 09:55:34.123813  4160 patch_match_options.cc:63] filter: 1
I20260915 09:55:34.123817  4160 patch_match_options.cc:64] filter_min_ncc: 0.1
I20260915 09:55:34.123824  4160 patch_match_options.cc:65] filter_min_triangulation_angle: 3
I20260915 09:55:34.123830  4160 patch_match_options.cc:66] filter_min_num_consistent: 2
I20260915 09:55:34.123835  4160 patch_match_options.cc:67] filter_geom_consistency_max_cost: 1
I20260915 09:55:34.123840  4160 patch_match_options.cc:68] write_consistency_graph: 0
I20260915 09:55:34.123845  4160 patch_match_options.cc:69] allow_missing_files: 0
I20260915 09:55:34.123850  4160 patch_match_options.cc:70] num_threads: -1
I20260915 09:55:34.123855  4160 patch_match.cc:129] --- PatchMatch::Run ---
I20260915 09:55:34.508261  4160 cudacc.cc:52] Initialization: 0.0994s
I20260915 09:55:35.505013  4160 cudacc.cc:52]  Sweep 1: 0.9966s
I20260915 09:55:36.488992  4160 cudacc.cc:52]  Sweep 2: 0.9839s
I20260915 09:55:37.477899  4160 cudacc.cc:52]  Sweep 3: 0.9888s
I20260915 09:55:38.437348  4160 cudacc.cc:52]  Sweep 4: 0.9594s
I20260915 09:55:38.437416  4160 cudacc.cc:52] Iteration 1: 3.9291s
I20260915 09:55:39.436783  4160 cudacc.cc:52]  Sweep 1: 0.9993s
I20260915 09:55:40.384745  4160 cudacc.cc:52]  Sweep 2: 0.9479s
I20260915 09:55:41.371004  4160 cudacc.cc:52]  Sweep 3: 0.9862s
I20260915 09:55:42.317362  4160 cudacc.cc:52]  Sweep 4: 0.9463s
I20260915 09:55:42.317438  4160 cudacc.cc:52] Iteration 2: 3.8800s
I20260915 09:55:43.304798  4160 cudacc.cc:52]  Sweep 1: 0.9873s
I20260915 09:55:44.244194  4160 cudacc.cc:52]  Sweep 2: 0.9393s
I20260915 09:55:45.228188  4160 cudacc.cc:52]  Sweep 3: 0.9839s
I20260915 09:55:46.167784  4160 cudacc.cc:52]  Sweep 4: 0.9395s
I20260915 09:55:46.167855  4160 cudacc.cc:52] Iteration 3: 3.8504s
I20260915 09:55:47.153547  4160 cudacc.cc:52]  Sweep 1: 0.9857s
I20260915 09:55:48.092535  4160 cudacc.cc:52]  Sweep 2: 0.9389s
I20260915 09:55:49.078245  4160 cudacc.cc:52]  Sweep 3: 0.9856s
I20260915 09:55:50.012739  4160 cudacc.cc:52]  Sweep 4: 0.9344s
I20260915 09:55:50.012815  4160 cudacc.cc:52] Iteration 4: 3.8450s
I20260915 09:55:50.997585  4160 cudacc.cc:52]  Sweep 1: 0.9847s
I20260915 09:55:51.929904  4160 cudacc.cc:52]  Sweep 2: 0.9322s
I20260915 09:55:52.912458  4160 cudacc.cc:52]  Sweep 3: 0.9825s
I20260915 09:55:53.871681  4160 cudacc.cc:52]  Sweep 4: 0.9592s
I20260915 09:55:53.871763  4160 cudacc.cc:52] Iteration 5: 3.8590s
I20260915 09:55:53.871782  4160 cudacc.cc:52] Total: 19.4632s
I20260915 09:55:53.871791  4160 patch_match.cc:525] 
Writing geometric output for IMG20260912150609.jpg
I20260915 09:55:54.845630  4160 patch_match.cc:419] === Processing view 27 / 37 for IMG20260912150610.jpg ===
I20260915 09:55:54.845727  4160 patch_match.cc:466] Reading inputs...
I20260915 09:55:55.623753  4160 patch_match.cc:56] --- PatchMatch::Problem ---
I20260915 09:55:55.623814  4160 patch_match.cc:57] ref_image_idx: 361
I20260915 09:55:55.623825  4160 patch_match.cc:64] src_image_idxs: 362 360 359 363
I20260915 09:55:55.623832  4160 patch_match_options.cc:46] --- PatchMatchOptions ---
I20260915 09:55:55.623838  4160 patch_match_options.cc:47] max_image_size: 3072
I20260915 09:55:55.623845  4160 patch_match_options.cc:48] gpu_index: 0
I20260915 09:55:55.623849  4160 patch_match_options.cc:49] depth_min: 1.12868
I20260915 09:55:55.623861  4160 patch_match_options.cc:50] depth_max: 3.17513
I20260915 09:55:55.623868  4160 patch_match_options.cc:51] window_radius: 5
I20260915 09:55:55.623873  4160 patch_match_options.cc:52] window_step: 1
I20260915 09:55:55.623878  4160 patch_match_options.cc:53] sigma_spatial: 5
I20260915 09:55:55.623885  4160 patch_match_options.cc:54] sigma_color: 0.2
I20260915 09:55:55.623892  4160 patch_match_options.cc:55] num_samples: 15
I20260915 09:55:55.623897  4160 patch_match_options.cc:56] ncc_sigma: 0.6
I20260915 09:55:55.623902  4160 patch_match_options.cc:57] min_triangulation_angle: 1
I20260915 09:55:55.623910  4160 patch_match_options.cc:58] incident_angle_sigma: 0.9
I20260915 09:55:55.623916  4160 patch_match_options.cc:59] num_iterations: 5
I20260915 09:55:55.623921  4160 patch_match_options.cc:60] geom_consistency: 1
I20260915 09:55:55.623926  4160 patch_match_options.cc:61] geom_consistency_regularizer: 0.3
I20260915 09:55:55.623931  4160 patch_match_options.cc:62] geom_consistency_max_cost: 3
I20260915 09:55:55.623936  4160 patch_match_options.cc:63] filter: 1
I20260915 09:55:55.623940  4160 patch_match_options.cc:64] filter_min_ncc: 0.1
I20260915 09:55:55.623945  4160 patch_match_options.cc:65] filter_min_triangulation_angle: 3
I20260915 09:55:55.623950  4160 patch_match_options.cc:66] filter_min_num_consistent: 2
I20260915 09:55:55.623955  4160 patch_match_options.cc:67] filter_geom_consistency_max_cost: 1
I20260915 09:55:55.623960  4160 patch_match_options.cc:68] write_consistency_graph: 0
I20260915 09:55:55.623964  4160 patch_match_options.cc:69] allow_missing_files: 0
I20260915 09:55:55.623969  4160 patch_match_options.cc:70] num_threads: -1
I20260915 09:55:55.623974  4160 patch_match.cc:129] --- PatchMatch::Run ---
I20260915 09:55:55.943477  4160 cudacc.cc:52] Initialization: 0.0498s
I20260915 09:55:56.941852  4160 cudacc.cc:52]  Sweep 1: 0.9983s
I20260915 09:55:57.935454  4160 cudacc.cc:52]  Sweep 2: 0.9935s
I20260915 09:55:58.929294  4160 cudacc.cc:52]  Sweep 3: 0.9938s
I20260915 09:55:59.910592  4160 cudacc.cc:52]  Sweep 4: 0.9812s
I20260915 09:55:59.910666  4160 cudacc.cc:52] Iteration 1: 3.9672s
I20260915 09:56:00.904035  4160 cudacc.cc:52]  Sweep 1: 0.9933s
I20260915 09:56:01.857919  4160 cudacc.cc:52]  Sweep 2: 0.9538s
I20260915 09:56:02.846471  4160 cudacc.cc:52]  Sweep 3: 0.9885s
I20260915 09:56:03.797237  4160 cudacc.cc:52]  Sweep 4: 0.9507s
I20260915 09:56:03.797311  4160 cudacc.cc:52] Iteration 2: 3.8867s
I20260915 09:56:04.783912  4160 cudacc.cc:52]  Sweep 1: 0.9865s
I20260915 09:56:05.732779  4160 cudacc.cc:52]  Sweep 2: 0.9488s
I20260915 09:56:06.719625  4160 cudacc.cc:52]  Sweep 3: 0.9868s
I20260915 09:56:07.666130  4160 cudacc.cc:52]  Sweep 4: 0.9464s
I20260915 09:56:07.666202  4160 cudacc.cc:52] Iteration 3: 3.8689s
I20260915 09:56:08.652388  4160 cudacc.cc:52]  Sweep 1: 0.9862s
I20260915 09:56:09.599810  4160 cudacc.cc:52]  Sweep 2: 0.9474s
I20260915 09:56:10.589023  4160 cudacc.cc:52]  Sweep 3: 0.9891s
I20260915 09:56:11.549349  4160 cudacc.cc:52]  Sweep 4: 0.9603s
I20260915 09:56:11.549422  4160 cudacc.cc:52] Iteration 4: 3.8832s
I20260915 09:56:12.537910  4160 cudacc.cc:52]  Sweep 1: 0.9885s
I20260915 09:56:13.490066  4160 cudacc.cc:52]  Sweep 2: 0.9521s
I20260915 09:56:14.476547  4160 cudacc.cc:52]  Sweep 3: 0.9864s
I20260915 09:56:15.442979  4160 cudacc.cc:52]  Sweep 4: 0.9664s
I20260915 09:56:15.443049  4160 cudacc.cc:52] Iteration 5: 3.8937s
I20260915 09:56:15.443067  4160 cudacc.cc:52] Total: 19.5496s
I20260915 09:56:15.443075  4160 patch_match.cc:525] 
Writing geometric output for IMG20260912150610.jpg
I20260915 09:56:16.429174  4160 patch_match.cc:419] === Processing view 28 / 37 for IMG20260912150612.jpg ===
I20260915 09:56:16.429267  4160 patch_match.cc:466] Reading inputs...
I20260915 09:56:17.202261  4160 patch_match.cc:56] --- PatchMatch::Problem ---
I20260915 09:56:17.202359  4160 patch_match.cc:57] ref_image_idx: 362
I20260915 09:56:17.202370  4160 patch_match.cc:64] src_image_idxs: 361 364 363 360
I20260915 09:56:17.202383  4160 patch_match_options.cc:46] --- PatchMatchOptions ---
I20260915 09:56:17.202394  4160 patch_match_options.cc:47] max_image_size: 3072
I20260915 09:56:17.202399  4160 patch_match_options.cc:48] gpu_index: 0
I20260915 09:56:17.202404  4160 patch_match_options.cc:49] depth_min: 1.1273
I20260915 09:56:17.202416  4160 patch_match_options.cc:50] depth_max: 3.18557
I20260915 09:56:17.202421  4160 patch_match_options.cc:51] window_radius: 5
I20260915 09:56:17.202426  4160 patch_match_options.cc:52] window_step: 1
I20260915 09:56:17.202431  4160 patch_match_options.cc:53] sigma_spatial: 5
I20260915 09:56:17.202437  4160 patch_match_options.cc:54] sigma_color: 0.2
I20260915 09:56:17.202450  4160 patch_match_options.cc:55] num_samples: 15
I20260915 09:56:17.202456  4160 patch_match_options.cc:56] ncc_sigma: 0.6
I20260915 09:56:17.202462  4160 patch_match_options.cc:57] min_triangulation_angle: 1
I20260915 09:56:17.202469  4160 patch_match_options.cc:58] incident_angle_sigma: 0.9
I20260915 09:56:17.202479  4160 patch_match_options.cc:59] num_iterations: 5
I20260915 09:56:17.202486  4160 patch_match_options.cc:60] geom_consistency: 1
I20260915 09:56:17.202491  4160 patch_match_options.cc:61] geom_consistency_regularizer: 0.3
I20260915 09:56:17.202497  4160 patch_match_options.cc:62] geom_consistency_max_cost: 3
I20260915 09:56:17.202502  4160 patch_match_options.cc:63] filter: 1
I20260915 09:56:17.202508  4160 patch_match_options.cc:64] filter_min_ncc: 0.1
I20260915 09:56:17.202532  4160 patch_match_options.cc:65] filter_min_triangulation_angle: 3
I20260915 09:56:17.202543  4160 patch_match_options.cc:66] filter_min_num_consistent: 2
I20260915 09:56:17.202549  4160 patch_match_options.cc:67] filter_geom_consistency_max_cost: 1
I20260915 09:56:17.202556  4160 patch_match_options.cc:68] write_consistency_graph: 0
I20260915 09:56:17.202565  4160 patch_match_options.cc:69] allow_missing_files: 0
I20260915 09:56:17.202571  4160 patch_match_options.cc:70] num_threads: -1
I20260915 09:56:17.202577  4160 patch_match.cc:129] --- PatchMatch::Run ---
I20260915 09:56:17.496597  4160 cudacc.cc:52] Initialization: 0.0809s
I20260915 09:56:18.497417  4160 cudacc.cc:52]  Sweep 1: 1.0007s
I20260915 09:56:19.489892  4160 cudacc.cc:52]  Sweep 2: 0.9924s
I20260915 09:56:20.480024  4160 cudacc.cc:52]  Sweep 3: 0.9901s
I20260915 09:56:21.440811  4160 cudacc.cc:52]  Sweep 4: 0.9607s
I20260915 09:56:21.440884  4160 cudacc.cc:52] Iteration 1: 3.9442s
I20260915 09:56:22.441371  4160 cudacc.cc:52]  Sweep 1: 1.0005s
I20260915 09:56:23.391813  4160 cudacc.cc:52]  Sweep 2: 0.9503s
I20260915 09:56:24.378594  4160 cudacc.cc:52]  Sweep 3: 0.9867s
I20260915 09:56:25.323245  4160 cudacc.cc:52]  Sweep 4: 0.9446s
I20260915 09:56:25.323346  4160 cudacc.cc:52] Iteration 2: 3.8825s
I20260915 09:56:26.311500  4160 cudacc.cc:52]  Sweep 1: 0.9881s
I20260915 09:56:27.253829  4160 cudacc.cc:52]  Sweep 2: 0.9422s
I20260915 09:56:28.238123  4160 cudacc.cc:52]  Sweep 3: 0.9842s
I20260915 09:56:29.175687  4160 cudacc.cc:52]  Sweep 4: 0.9375s
I20260915 09:56:29.175774  4160 cudacc.cc:52] Iteration 3: 3.8524s
I20260915 09:56:30.163180  4160 cudacc.cc:52]  Sweep 1: 0.9874s
I20260915 09:56:31.101113  4160 cudacc.cc:52]  Sweep 2: 0.9379s
I20260915 09:56:32.084709  4160 cudacc.cc:52]  Sweep 3: 0.9835s
I20260915 09:56:33.023900  4160 cudacc.cc:52]  Sweep 4: 0.9391s
I20260915 09:56:33.023992  4160 cudacc.cc:52] Iteration 4: 3.8482s
I20260915 09:56:34.007522  4160 cudacc.cc:52]  Sweep 1: 0.9835s
I20260915 09:56:34.960465  4160 cudacc.cc:52]  Sweep 2: 0.9529s
I20260915 09:56:35.944866  4160 cudacc.cc:52]  Sweep 3: 0.9843s
I20260915 09:56:36.922387  4160 cudacc.cc:52]  Sweep 4: 0.9774s
I20260915 09:56:36.922468  4160 cudacc.cc:52] Iteration 5: 3.8985s
I20260915 09:56:36.922489  4160 cudacc.cc:52] Total: 19.5070s
I20260915 09:56:36.922506  4160 patch_match.cc:525] 
Writing geometric output for IMG20260912150612.jpg
I20260915 09:56:38.220883  4160 patch_match.cc:419] === Processing view 29 / 37 for IMG20260912150613.jpg ===
I20260915 09:56:38.221021  4160 patch_match.cc:466] Reading inputs...
I20260915 09:56:39.071263  4160 patch_match.cc:56] --- PatchMatch::Problem ---
I20260915 09:56:39.071324  4160 patch_match.cc:57] ref_image_idx: 363
I20260915 09:56:39.071335  4160 patch_match.cc:64] src_image_idxs: 364 361 362 365
I20260915 09:56:39.071343  4160 patch_match_options.cc:46] --- PatchMatchOptions ---
I20260915 09:56:39.071348  4160 patch_match_options.cc:47] max_image_size: 3072
I20260915 09:56:39.071353  4160 patch_match_options.cc:48] gpu_index: 0
I20260915 09:56:39.071358  4160 patch_match_options.cc:49] depth_min: 1.11283
I20260915 09:56:39.071369  4160 patch_match_options.cc:50] depth_max: 3.1759
I20260915 09:56:39.071374  4160 patch_match_options.cc:51] window_radius: 5
I20260915 09:56:39.071379  4160 patch_match_options.cc:52] window_step: 1
I20260915 09:56:39.071386  4160 patch_match_options.cc:53] sigma_spatial: 5
I20260915 09:56:39.071393  4160 patch_match_options.cc:54] sigma_color: 0.2
I20260915 09:56:39.071398  4160 patch_match_options.cc:55] num_samples: 15
I20260915 09:56:39.071404  4160 patch_match_options.cc:56] ncc_sigma: 0.6
I20260915 09:56:39.071409  4160 patch_match_options.cc:57] min_triangulation_angle: 1
I20260915 09:56:39.071414  4160 patch_match_options.cc:58] incident_angle_sigma: 0.9
I20260915 09:56:39.071420  4160 patch_match_options.cc:59] num_iterations: 5
I20260915 09:56:39.071425  4160 patch_match_options.cc:60] geom_consistency: 1
I20260915 09:56:39.071430  4160 patch_match_options.cc:61] geom_consistency_regularizer: 0.3
I20260915 09:56:39.071436  4160 patch_match_options.cc:62] geom_consistency_max_cost: 3
I20260915 09:56:39.071441  4160 patch_match_options.cc:63] filter: 1
I20260915 09:56:39.071446  4160 patch_match_options.cc:64] filter_min_ncc: 0.1
I20260915 09:56:39.071451  4160 patch_match_options.cc:65] filter_min_triangulation_angle: 3
I20260915 09:56:39.071457  4160 patch_match_options.cc:66] filter_min_num_consistent: 2
I20260915 09:56:39.071462  4160 patch_match_options.cc:67] filter_geom_consistency_max_cost: 1
I20260915 09:56:39.071467  4160 patch_match_options.cc:68] write_consistency_graph: 0
I20260915 09:56:39.071472  4160 patch_match_options.cc:69] allow_missing_files: 0
I20260915 09:56:39.071481  4160 patch_match_options.cc:70] num_threads: -1
I20260915 09:56:39.071488  4160 patch_match.cc:129] --- PatchMatch::Run ---
I20260915 09:56:39.461061  4160 cudacc.cc:52] Initialization: 0.1030s
I20260915 09:56:40.480743  4160 cudacc.cc:52]  Sweep 1: 1.0196s
I20260915 09:56:41.470911  4160 cudacc.cc:52]  Sweep 2: 0.9901s
I20260915 09:56:42.462513  4160 cudacc.cc:52]  Sweep 3: 0.9915s
I20260915 09:56:43.438288  4160 cudacc.cc:52]  Sweep 4: 0.9757s
I20260915 09:56:43.438390  4160 cudacc.cc:52] Iteration 1: 3.9773s
I20260915 09:56:44.428167  4160 cudacc.cc:52]  Sweep 1: 0.9897s
I20260915 09:56:45.393116  4160 cudacc.cc:52]  Sweep 2: 0.9649s
I20260915 09:56:46.387002  4160 cudacc.cc:52]  Sweep 3: 0.9938s
I20260915 09:56:47.367742  4160 cudacc.cc:52]  Sweep 4: 0.9806s
I20260915 09:56:47.367852  4160 cudacc.cc:52] Iteration 2: 3.9295s
I20260915 09:56:48.362006  4160 cudacc.cc:52]  Sweep 1: 0.9941s
I20260915 09:56:49.314397  4160 cudacc.cc:52]  Sweep 2: 0.9523s
I20260915 09:56:50.303555  4160 cudacc.cc:52]  Sweep 3: 0.9891s
I20260915 09:56:51.249159  4160 cudacc.cc:52]  Sweep 4: 0.9455s
I20260915 09:56:51.249230  4160 cudacc.cc:52] Iteration 3: 3.8814s
I20260915 09:56:52.243180  4160 cudacc.cc:52]  Sweep 1: 0.9939s
I20260915 09:56:53.188900  4160 cudacc.cc:52]  Sweep 2: 0.9456s
I20260915 09:56:54.178059  4160 cudacc.cc:52]  Sweep 3: 0.9891s
I20260915 09:56:55.123232  4160 cudacc.cc:52]  Sweep 4: 0.9451s
I20260915 09:56:55.123338  4160 cudacc.cc:52] Iteration 4: 3.8741s
I20260915 09:56:56.108833  4160 cudacc.cc:52]  Sweep 1: 0.9854s
I20260915 09:56:57.050243  4160 cudacc.cc:52]  Sweep 2: 0.9413s
I20260915 09:56:58.036384  4160 cudacc.cc:52]  Sweep 3: 0.9860s
I20260915 09:56:59.002806  4160 cudacc.cc:52]  Sweep 4: 0.9663s
I20260915 09:56:59.002899  4160 cudacc.cc:52] Iteration 5: 3.8796s
I20260915 09:56:59.002935  4160 cudacc.cc:52] Total: 19.6451s
I20260915 09:56:59.002953  4160 patch_match.cc:525] 
Writing geometric output for IMG20260912150613.jpg
I20260915 09:57:00.391974  4160 patch_match.cc:419] === Processing view 30 / 37 for IMG20260912150615.jpg ===
I20260915 09:57:00.392074  4160 patch_match.cc:466] Reading inputs...
I20260915 09:57:01.636315  4160 patch_match.cc:56] --- PatchMatch::Problem ---
I20260915 09:57:01.636371  4160 patch_match.cc:57] ref_image_idx: 364
I20260915 09:57:01.636382  4160 patch_match.cc:64] src_image_idxs: 366 361 363 365 362
I20260915 09:57:01.636388  4160 patch_match_options.cc:46] --- PatchMatchOptions ---
I20260915 09:57:01.636393  4160 patch_match_options.cc:47] max_image_size: 3072
I20260915 09:57:01.636398  4160 patch_match_options.cc:48] gpu_index: 0
I20260915 09:57:01.636403  4160 patch_match_options.cc:49] depth_min: 1.12184
I20260915 09:57:01.636412  4160 patch_match_options.cc:50] depth_max: 3.20135
I20260915 09:57:01.636417  4160 patch_match_options.cc:51] window_radius: 5
I20260915 09:57:01.636422  4160 patch_match_options.cc:52] window_step: 1
I20260915 09:57:01.636426  4160 patch_match_options.cc:53] sigma_spatial: 5
I20260915 09:57:01.636431  4160 patch_match_options.cc:54] sigma_color: 0.2
I20260915 09:57:01.636436  4160 patch_match_options.cc:55] num_samples: 15
I20260915 09:57:01.636440  4160 patch_match_options.cc:56] ncc_sigma: 0.6
I20260915 09:57:01.636445  4160 patch_match_options.cc:57] min_triangulation_angle: 1
I20260915 09:57:01.636450  4160 patch_match_options.cc:58] incident_angle_sigma: 0.9
I20260915 09:57:01.636454  4160 patch_match_options.cc:59] num_iterations: 5
I20260915 09:57:01.636459  4160 patch_match_options.cc:60] geom_consistency: 1
I20260915 09:57:01.636464  4160 patch_match_options.cc:61] geom_consistency_regularizer: 0.3
I20260915 09:57:01.636468  4160 patch_match_options.cc:62] geom_consistency_max_cost: 3
I20260915 09:57:01.636473  4160 patch_match_options.cc:63] filter: 1
I20260915 09:57:01.636478  4160 patch_match_options.cc:64] filter_min_ncc: 0.1
I20260915 09:57:01.636482  4160 patch_match_options.cc:65] filter_min_triangulation_angle: 3
I20260915 09:57:01.636490  4160 patch_match_options.cc:66] filter_min_num_consistent: 2
I20260915 09:57:01.636495  4160 patch_match_options.cc:67] filter_geom_consistency_max_cost: 1
I20260915 09:57:01.636499  4160 patch_match_options.cc:68] write_consistency_graph: 0
I20260915 09:57:01.636504  4160 patch_match_options.cc:69] allow_missing_files: 0
I20260915 09:57:01.636508  4160 patch_match_options.cc:70] num_threads: -1
I20260915 09:57:01.636513  4160 patch_match.cc:129] --- PatchMatch::Run ---
I20260915 09:57:02.100479  4160 cudacc.cc:52] Initialization: 0.1014s
I20260915 09:57:03.134476  4160 cudacc.cc:52]  Sweep 1: 1.0339s
I20260915 09:57:04.197620  4160 cudacc.cc:52]  Sweep 2: 1.0630s
I20260915 09:57:05.219913  4160 cudacc.cc:52]  Sweep 3: 1.0222s
I20260915 09:57:06.249929  4160 cudacc.cc:52]  Sweep 4: 1.0299s
I20260915 09:57:06.250008  4160 cudacc.cc:52] Iteration 1: 4.1495s
I20260915 09:57:07.267492  4160 cudacc.cc:52]  Sweep 1: 1.0174s
I20260915 09:57:08.287501  4160 cudacc.cc:52]  Sweep 2: 1.0199s
I20260915 09:57:09.303512  4160 cudacc.cc:52]  Sweep 3: 1.0159s
I20260915 09:57:10.316157  4160 cudacc.cc:52]  Sweep 4: 1.0126s
I20260915 09:57:10.316276  4160 cudacc.cc:52] Iteration 2: 4.0663s
I20260915 09:57:11.333880  4160 cudacc.cc:52]  Sweep 1: 1.0176s
I20260915 09:57:12.348419  4160 cudacc.cc:52]  Sweep 2: 1.0145s
I20260915 09:57:13.365053  4160 cudacc.cc:52]  Sweep 3: 1.0166s
I20260915 09:57:14.366144  4160 cudacc.cc:52]  Sweep 4: 1.0010s
I20260915 09:57:14.366213  4160 cudacc.cc:52] Iteration 3: 4.0499s
I20260915 09:57:15.381151  4160 cudacc.cc:52]  Sweep 1: 1.0149s
I20260915 09:57:16.384500  4160 cudacc.cc:52]  Sweep 2: 1.0033s
I20260915 09:57:17.401973  4160 cudacc.cc:52]  Sweep 3: 1.0174s
I20260915 09:57:18.395044  4160 cudacc.cc:52]  Sweep 4: 0.9929s
I20260915 09:57:18.395139  4160 cudacc.cc:52] Iteration 4: 4.0290s
I20260915 09:57:19.414334  4160 cudacc.cc:52]  Sweep 1: 1.0191s
I20260915 09:57:20.410721  4160 cudacc.cc:52]  Sweep 2: 0.9963s
I20260915 09:57:21.423893  4160 cudacc.cc:52]  Sweep 3: 1.0131s
I20260915 09:57:22.445084  4160 cudacc.cc:52]  Sweep 4: 1.0211s
I20260915 09:57:22.445178  4160 cudacc.cc:52] Iteration 5: 4.0500s
I20260915 09:57:22.445209  4160 cudacc.cc:52] Total: 20.4464s
I20260915 09:57:22.445233  4160 patch_match.cc:525] 
Writing geometric output for IMG20260912150615.jpg
I20260915 09:57:23.779170  4160 patch_match.cc:419] === Processing view 31 / 37 for IMG20260912150617.jpg ===
I20260915 09:57:23.779283  4160 patch_match.cc:466] Reading inputs...
I20260915 09:57:24.895846  4160 patch_match.cc:56] --- PatchMatch::Problem ---
I20260915 09:57:24.895941  4160 patch_match.cc:57] ref_image_idx: 365
I20260915 09:57:24.895962  4160 patch_match.cc:64] src_image_idxs: 366 364 363 367
I20260915 09:57:24.895985  4160 patch_match_options.cc:46] --- PatchMatchOptions ---
I20260915 09:57:24.895998  4160 patch_match_options.cc:47] max_image_size: 3072
I20260915 09:57:24.896013  4160 patch_match_options.cc:48] gpu_index: 0
I20260915 09:57:24.896027  4160 patch_match_options.cc:49] depth_min: 1.11375
I20260915 09:57:24.896053  4160 patch_match_options.cc:50] depth_max: 3.16326
I20260915 09:57:24.896067  4160 patch_match_options.cc:51] window_radius: 5
I20260915 09:57:24.896079  4160 patch_match_options.cc:52] window_step: 1
I20260915 09:57:24.896099  4160 patch_match_options.cc:53] sigma_spatial: 5
I20260915 09:57:24.896112  4160 patch_match_options.cc:54] sigma_color: 0.2
I20260915 09:57:24.896127  4160 patch_match_options.cc:55] num_samples: 15
I20260915 09:57:24.896139  4160 patch_match_options.cc:56] ncc_sigma: 0.6
I20260915 09:57:24.896154  4160 patch_match_options.cc:57] min_triangulation_angle: 1
I20260915 09:57:24.896174  4160 patch_match_options.cc:58] incident_angle_sigma: 0.9
I20260915 09:57:24.896189  4160 patch_match_options.cc:59] num_iterations: 5
I20260915 09:57:24.896200  4160 patch_match_options.cc:60] geom_consistency: 1
I20260915 09:57:24.896212  4160 patch_match_options.cc:61] geom_consistency_regularizer: 0.3
I20260915 09:57:24.896229  4160 patch_match_options.cc:62] geom_consistency_max_cost: 3
I20260915 09:57:24.896242  4160 patch_match_options.cc:63] filter: 1
I20260915 09:57:24.896257  4160 patch_match_options.cc:64] filter_min_ncc: 0.1
I20260915 09:57:24.896281  4160 patch_match_options.cc:65] filter_min_triangulation_angle: 3
I20260915 09:57:24.896299  4160 patch_match_options.cc:66] filter_min_num_consistent: 2
I20260915 09:57:24.896311  4160 patch_match_options.cc:67] filter_geom_consistency_max_cost: 1
I20260915 09:57:24.896326  4160 patch_match_options.cc:68] write_consistency_graph: 0
I20260915 09:57:24.896341  4160 patch_match_options.cc:69] allow_missing_files: 0
I20260915 09:57:24.896353  4160 patch_match_options.cc:70] num_threads: -1
I20260915 09:57:24.896365  4160 patch_match.cc:129] --- PatchMatch::Run ---
I20260915 09:57:25.283974  4160 cudacc.cc:52] Initialization: 0.0978s
I20260915 09:57:26.293679  4160 cudacc.cc:52]  Sweep 1: 1.0096s
I20260915 09:57:27.278217  4160 cudacc.cc:52]  Sweep 2: 0.9844s
I20260915 09:57:28.271483  4160 cudacc.cc:52]  Sweep 3: 0.9932s
I20260915 09:57:29.233564  4160 cudacc.cc:52]  Sweep 4: 0.9620s
I20260915 09:57:29.233663  4160 cudacc.cc:52] Iteration 1: 3.9496s
I20260915 09:57:30.225494  4160 cudacc.cc:52]  Sweep 1: 0.9918s
I20260915 09:57:31.177002  4160 cudacc.cc:52]  Sweep 2: 0.9514s
I20260915 09:57:32.167286  4160 cudacc.cc:52]  Sweep 3: 0.9902s
I20260915 09:57:33.113751  4160 cudacc.cc:52]  Sweep 4: 0.9464s
I20260915 09:57:33.113817  4160 cudacc.cc:52] Iteration 2: 3.8802s
I20260915 09:57:34.105366  4160 cudacc.cc:52]  Sweep 1: 0.9915s
I20260915 09:57:35.050112  4160 cudacc.cc:52]  Sweep 2: 0.9446s
I20260915 09:57:36.039432  4160 cudacc.cc:52]  Sweep 3: 0.9892s
I20260915 09:57:36.981661  4160 cudacc.cc:52]  Sweep 4: 0.9422s
I20260915 09:57:36.981778  4160 cudacc.cc:52] Iteration 3: 3.8680s
I20260915 09:57:37.973701  4160 cudacc.cc:52]  Sweep 1: 0.9919s
I20260915 09:57:38.967309  4160 cudacc.cc:52]  Sweep 2: 0.9935s
I20260915 09:57:39.954722  4160 cudacc.cc:52]  Sweep 3: 0.9873s
I20260915 09:57:40.892579  4160 cudacc.cc:52]  Sweep 4: 0.9378s
I20260915 09:57:40.892656  4160 cudacc.cc:52] Iteration 4: 3.9109s
I20260915 09:57:41.884702  4160 cudacc.cc:52]  Sweep 1: 0.9920s
I20260915 09:57:42.827177  4160 cudacc.cc:52]  Sweep 2: 0.9424s
I20260915 09:57:43.812930  4160 cudacc.cc:52]  Sweep 3: 0.9856s
I20260915 09:57:44.776029  4160 cudacc.cc:52]  Sweep 4: 0.9630s
I20260915 09:57:44.776099  4160 cudacc.cc:52] Iteration 5: 3.8835s
I20260915 09:57:44.776120  4160 cudacc.cc:52] Total: 19.5902s
I20260915 09:57:44.776128  4160 patch_match.cc:525] 
Writing geometric output for IMG20260912150617.jpg
I20260915 09:57:46.164437  4160 patch_match.cc:419] === Processing view 32 / 37 for IMG20260912150619.jpg ===
I20260915 09:57:46.164584  4160 patch_match.cc:466] Reading inputs...
I20260915 09:57:47.275772  4160 patch_match.cc:56] --- PatchMatch::Problem ---
I20260915 09:57:47.275826  4160 patch_match.cc:57] ref_image_idx: 366
I20260915 09:57:47.275837  4160 patch_match.cc:64] src_image_idxs: 364 368 365 367
I20260915 09:57:47.275844  4160 patch_match_options.cc:46] --- PatchMatchOptions ---
I20260915 09:57:47.275849  4160 patch_match_options.cc:47] max_image_size: 3072
I20260915 09:57:47.275858  4160 patch_match_options.cc:48] gpu_index: 0
I20260915 09:57:47.275863  4160 patch_match_options.cc:49] depth_min: 1.10689
I20260915 09:57:47.275874  4160 patch_match_options.cc:50] depth_max: 3.15484
I20260915 09:57:47.275881  4160 patch_match_options.cc:51] window_radius: 5
I20260915 09:57:47.275900  4160 patch_match_options.cc:52] window_step: 1
I20260915 09:57:47.275906  4160 patch_match_options.cc:53] sigma_spatial: 5
I20260915 09:57:47.275912  4160 patch_match_options.cc:54] sigma_color: 0.2
I20260915 09:57:47.275918  4160 patch_match_options.cc:55] num_samples: 15
I20260915 09:57:47.275923  4160 patch_match_options.cc:56] ncc_sigma: 0.6
I20260915 09:57:47.275928  4160 patch_match_options.cc:57] min_triangulation_angle: 1
I20260915 09:57:47.275933  4160 patch_match_options.cc:58] incident_angle_sigma: 0.9
I20260915 09:57:47.275939  4160 patch_match_options.cc:59] num_iterations: 5
I20260915 09:57:47.275944  4160 patch_match_options.cc:60] geom_consistency: 1
I20260915 09:57:47.275952  4160 patch_match_options.cc:61] geom_consistency_regularizer: 0.3
I20260915 09:57:47.275962  4160 patch_match_options.cc:62] geom_consistency_max_cost: 3
I20260915 09:57:47.275967  4160 patch_match_options.cc:63] filter: 1
I20260915 09:57:47.275972  4160 patch_match_options.cc:64] filter_min_ncc: 0.1
I20260915 09:57:47.275977  4160 patch_match_options.cc:65] filter_min_triangulation_angle: 3
I20260915 09:57:47.275994  4160 patch_match_options.cc:66] filter_min_num_consistent: 2
I20260915 09:57:47.276001  4160 patch_match_options.cc:67] filter_geom_consistency_max_cost: 1
I20260915 09:57:47.276007  4160 patch_match_options.cc:68] write_consistency_graph: 0
I20260915 09:57:47.276012  4160 patch_match_options.cc:69] allow_missing_files: 0
I20260915 09:57:47.276019  4160 patch_match_options.cc:70] num_threads: -1
I20260915 09:57:47.276026  4160 patch_match.cc:129] --- PatchMatch::Run ---
I20260915 09:57:47.587581  4160 cudacc.cc:52] Initialization: 0.0465s
I20260915 09:57:48.589803  4160 cudacc.cc:52]  Sweep 1: 1.0021s
I20260915 09:57:49.572003  4160 cudacc.cc:52]  Sweep 2: 0.9821s
I20260915 09:57:50.561852  4160 cudacc.cc:52]  Sweep 3: 0.9897s
I20260915 09:57:51.520023  4160 cudacc.cc:52]  Sweep 4: 0.9581s
I20260915 09:57:51.520106  4160 cudacc.cc:52] Iteration 1: 3.9324s
I20260915 09:57:52.515140  4160 cudacc.cc:52]  Sweep 1: 0.9950s
I20260915 09:57:53.463316  4160 cudacc.cc:52]  Sweep 2: 0.9481s
I20260915 09:57:54.450412  4160 cudacc.cc:52]  Sweep 3: 0.9870s
I20260915 09:57:55.391270  4160 cudacc.cc:52]  Sweep 4: 0.9408s
I20260915 09:57:55.391358  4160 cudacc.cc:52] Iteration 2: 3.8713s
I20260915 09:57:56.380836  4160 cudacc.cc:52]  Sweep 1: 0.9894s
I20260915 09:57:57.321277  4160 cudacc.cc:52]  Sweep 2: 0.9404s
I20260915 09:57:58.310154  4160 cudacc.cc:52]  Sweep 3: 0.9888s
I20260915 09:57:59.244952  4160 cudacc.cc:52]  Sweep 4: 0.9347s
I20260915 09:57:59.245035  4160 cudacc.cc:52] Iteration 3: 3.8537s
I20260915 09:58:00.236261  4160 cudacc.cc:52]  Sweep 1: 0.9912s
I20260915 09:58:01.171466  4160 cudacc.cc:52]  Sweep 2: 0.9351s
I20260915 09:58:02.156771  4160 cudacc.cc:52]  Sweep 3: 0.9852s
I20260915 09:58:03.086578  4160 cudacc.cc:52]  Sweep 4: 0.9297s
I20260915 09:58:03.086672  4160 cudacc.cc:52] Iteration 4: 3.8417s
I20260915 09:58:04.073062  4160 cudacc.cc:52]  Sweep 1: 0.9864s
I20260915 09:58:05.007111  4160 cudacc.cc:52]  Sweep 2: 0.9339s
I20260915 09:58:05.991184  4160 cudacc.cc:52]  Sweep 3: 0.9840s
I20260915 09:58:06.949547  4160 cudacc.cc:52]  Sweep 4: 0.9583s
I20260915 09:58:06.949630  4160 cudacc.cc:52] Iteration 5: 3.8630s
I20260915 09:58:06.949650  4160 cudacc.cc:52] Total: 19.4088s
I20260915 09:58:06.949660  4160 patch_match.cc:525] 
Writing geometric output for IMG20260912150619.jpg
I20260915 09:58:08.317919  4160 patch_match.cc:419] === Processing view 33 / 37 for IMG20260912150620.jpg ===
I20260915 09:58:08.318106  4160 patch_match.cc:466] Reading inputs...
I20260915 09:58:09.334334  4160 patch_match.cc:56] --- PatchMatch::Problem ---
I20260915 09:58:09.334414  4160 patch_match.cc:57] ref_image_idx: 367
I20260915 09:58:09.334424  4160 patch_match.cc:64] src_image_idxs: 368 366 369 365
I20260915 09:58:09.334431  4160 patch_match_options.cc:46] --- PatchMatchOptions ---
I20260915 09:58:09.334436  4160 patch_match_options.cc:47] max_image_size: 3072
I20260915 09:58:09.334441  4160 patch_match_options.cc:48] gpu_index: 0
I20260915 09:58:09.334445  4160 patch_match_options.cc:49] depth_min: 1.10306
I20260915 09:58:09.334455  4160 patch_match_options.cc:50] depth_max: 3.15897
I20260915 09:58:09.334460  4160 patch_match_options.cc:51] window_radius: 5
I20260915 09:58:09.334464  4160 patch_match_options.cc:52] window_step: 1
I20260915 09:58:09.334469  4160 patch_match_options.cc:53] sigma_spatial: 5
I20260915 09:58:09.334478  4160 patch_match_options.cc:54] sigma_color: 0.2
I20260915 09:58:09.334483  4160 patch_match_options.cc:55] num_samples: 15
I20260915 09:58:09.334488  4160 patch_match_options.cc:56] ncc_sigma: 0.6
I20260915 09:58:09.334493  4160 patch_match_options.cc:57] min_triangulation_angle: 1
I20260915 09:58:09.334498  4160 patch_match_options.cc:58] incident_angle_sigma: 0.9
I20260915 09:58:09.334503  4160 patch_match_options.cc:59] num_iterations: 5
I20260915 09:58:09.334507  4160 patch_match_options.cc:60] geom_consistency: 1
I20260915 09:58:09.334512  4160 patch_match_options.cc:61] geom_consistency_regularizer: 0.3
I20260915 09:58:09.334517  4160 patch_match_options.cc:62] geom_consistency_max_cost: 3
I20260915 09:58:09.334522  4160 patch_match_options.cc:63] filter: 1
I20260915 09:58:09.334527  4160 patch_match_options.cc:64] filter_min_ncc: 0.1
I20260915 09:58:09.334532  4160 patch_match_options.cc:65] filter_min_triangulation_angle: 3
I20260915 09:58:09.334539  4160 patch_match_options.cc:66] filter_min_num_consistent: 2
I20260915 09:58:09.334544  4160 patch_match_options.cc:67] filter_geom_consistency_max_cost: 1
I20260915 09:58:09.334549  4160 patch_match_options.cc:68] write_consistency_graph: 0
I20260915 09:58:09.334553  4160 patch_match_options.cc:69] allow_missing_files: 0
I20260915 09:58:09.334578  4160 patch_match_options.cc:70] num_threads: -1
I20260915 09:58:09.334584  4160 patch_match.cc:129] --- PatchMatch::Run ---
I20260915 09:58:09.708548  4160 cudacc.cc:52] Initialization: 0.0740s
I20260915 09:58:10.722581  4160 cudacc.cc:52]  Sweep 1: 1.0139s
I20260915 09:58:11.707426  4160 cudacc.cc:52]  Sweep 2: 0.9848s
I20260915 09:58:12.702239  4160 cudacc.cc:52]  Sweep 3: 0.9947s
I20260915 09:58:13.671766  4160 cudacc.cc:52]  Sweep 4: 0.9694s
I20260915 09:58:13.671836  4160 cudacc.cc:52] Iteration 1: 3.9632s
I20260915 09:58:14.670804  4160 cudacc.cc:52]  Sweep 1: 0.9989s
I20260915 09:58:15.624940  4160 cudacc.cc:52]  Sweep 2: 0.9540s
I20260915 09:58:16.617642  4160 cudacc.cc:52]  Sweep 3: 0.9926s
I20260915 09:58:17.574407  4160 cudacc.cc:52]  Sweep 4: 0.9567s
I20260915 09:58:17.574538  4160 cudacc.cc:52] Iteration 2: 3.9027s
I20260915 09:58:18.569147  4160 cudacc.cc:52]  Sweep 1: 0.9946s
I20260915 09:58:19.527386  4160 cudacc.cc:52]  Sweep 2: 0.9581s
I20260915 09:58:20.520031  4160 cudacc.cc:52]  Sweep 3: 0.9926s
I20260915 09:58:21.470317  4160 cudacc.cc:52]  Sweep 4: 0.9502s
I20260915 09:58:21.470416  4160 cudacc.cc:52] Iteration 3: 3.8959s
I20260915 09:58:22.464304  4160 cudacc.cc:52]  Sweep 1: 0.9938s
I20260915 09:58:23.405575  4160 cudacc.cc:52]  Sweep 2: 0.9412s
I20260915 09:58:24.393703  4160 cudacc.cc:52]  Sweep 3: 0.9881s
I20260915 09:58:25.334281  4160 cudacc.cc:52]  Sweep 4: 0.9405s
I20260915 09:58:25.334381  4160 cudacc.cc:52] Iteration 4: 3.8640s
I20260915 09:58:26.325800  4160 cudacc.cc:52]  Sweep 1: 0.9914s
I20260915 09:58:27.263872  4160 cudacc.cc:52]  Sweep 2: 0.9380s
I20260915 09:58:28.252217  4160 cudacc.cc:52]  Sweep 3: 0.9882s
I20260915 09:58:29.224545  4160 cudacc.cc:52]  Sweep 4: 0.9722s
I20260915 09:58:29.224645  4160 cudacc.cc:52] Iteration 5: 3.8903s
I20260915 09:58:29.224684  4160 cudacc.cc:52] Total: 19.5904s
I20260915 09:58:29.224709  4160 patch_match.cc:525] 
Writing geometric output for IMG20260912150620.jpg
I20260915 09:58:30.847063  4160 patch_match.cc:419] === Processing view 34 / 37 for IMG20260912150622.jpg ===
I20260915 09:58:30.847190  4160 patch_match.cc:466] Reading inputs...
I20260915 09:58:32.366123  4160 patch_match.cc:56] --- PatchMatch::Problem ---
I20260915 09:58:32.366218  4160 patch_match.cc:57] ref_image_idx: 368
I20260915 09:58:32.366240  4160 patch_match.cc:64] src_image_idxs: 369 367 371 370
I20260915 09:58:32.366255  4160 patch_match_options.cc:46] --- PatchMatchOptions ---
I20260915 09:58:32.366267  4160 patch_match_options.cc:47] max_image_size: 3072
I20260915 09:58:32.366278  4160 patch_match_options.cc:48] gpu_index: 0
I20260915 09:58:32.366290  4160 patch_match_options.cc:49] depth_min: 1.08777
I20260915 09:58:32.366311  4160 patch_match_options.cc:50] depth_max: 3.14184
I20260915 09:58:32.366325  4160 patch_match_options.cc:51] window_radius: 5
I20260915 09:58:32.366343  4160 patch_match_options.cc:52] window_step: 1
I20260915 09:58:32.366355  4160 patch_match_options.cc:53] sigma_spatial: 5
I20260915 09:58:32.366368  4160 patch_match_options.cc:54] sigma_color: 0.2
I20260915 09:58:32.366382  4160 patch_match_options.cc:55] num_samples: 15
I20260915 09:58:32.366394  4160 patch_match_options.cc:56] ncc_sigma: 0.6
I20260915 09:58:32.366407  4160 patch_match_options.cc:57] min_triangulation_angle: 1
I20260915 09:58:32.366420  4160 patch_match_options.cc:58] incident_angle_sigma: 0.9
I20260915 09:58:32.366438  4160 patch_match_options.cc:59] num_iterations: 5
I20260915 09:58:32.366450  4160 patch_match_options.cc:60] geom_consistency: 1
I20260915 09:58:32.366463  4160 patch_match_options.cc:61] geom_consistency_regularizer: 0.3
I20260915 09:58:32.366476  4160 patch_match_options.cc:62] geom_consistency_max_cost: 3
I20260915 09:58:32.366490  4160 patch_match_options.cc:63] filter: 1
I20260915 09:58:32.366501  4160 patch_match_options.cc:64] filter_min_ncc: 0.1
I20260915 09:58:32.366515  4160 patch_match_options.cc:65] filter_min_triangulation_angle: 3
I20260915 09:58:32.366532  4160 patch_match_options.cc:66] filter_min_num_consistent: 2
I20260915 09:58:32.366544  4160 patch_match_options.cc:67] filter_geom_consistency_max_cost: 1
I20260915 09:58:32.366557  4160 patch_match_options.cc:68] write_consistency_graph: 0
I20260915 09:58:32.366569  4160 patch_match_options.cc:69] allow_missing_files: 0
I20260915 09:58:32.366581  4160 patch_match_options.cc:70] num_threads: -1
I20260915 09:58:32.366597  4160 patch_match.cc:129] --- PatchMatch::Run ---
I20260915 09:58:32.893495  4160 cudacc.cc:52] Initialization: 0.0849s
I20260915 09:58:33.910045  4160 cudacc.cc:52]  Sweep 1: 1.0163s
I20260915 09:58:34.949766  4160 cudacc.cc:52]  Sweep 2: 1.0396s
I20260915 09:58:35.946570  4160 cudacc.cc:52]  Sweep 3: 0.9967s
I20260915 09:58:36.920955  4160 cudacc.cc:52]  Sweep 4: 0.9743s
I20260915 09:58:36.921104  4160 cudacc.cc:52] Iteration 1: 4.0274s
I20260915 09:58:37.926211  4160 cudacc.cc:52]  Sweep 1: 1.0051s
I20260915 09:58:38.938451  4160 cudacc.cc:52]  Sweep 2: 1.0121s
I20260915 09:58:39.931187  4160 cudacc.cc:52]  Sweep 3: 0.9926s
I20260915 09:58:40.892255  4160 cudacc.cc:52]  Sweep 4: 0.9610s
I20260915 09:58:40.892360  4160 cudacc.cc:52] Iteration 2: 3.9713s
I20260915 09:58:41.890901  4160 cudacc.cc:52]  Sweep 1: 0.9985s
I20260915 09:58:42.841642  4160 cudacc.cc:52]  Sweep 2: 0.9507s
I20260915 09:58:43.832202  4160 cudacc.cc:52]  Sweep 3: 0.9905s
I20260915 09:58:44.786154  4160 cudacc.cc:52]  Sweep 4: 0.9539s
I20260915 09:58:44.786262  4160 cudacc.cc:52] Iteration 3: 3.8939s
I20260915 09:58:45.782374  4160 cudacc.cc:52]  Sweep 1: 0.9961s
I20260915 09:58:46.750346  4160 cudacc.cc:52]  Sweep 2: 0.9679s
I20260915 09:58:47.741022  4160 cudacc.cc:52]  Sweep 3: 0.9906s
I20260915 09:58:48.692176  4160 cudacc.cc:52]  Sweep 4: 0.9510s
I20260915 09:58:48.692358  4160 cudacc.cc:52] Iteration 4: 3.9061s
I20260915 09:58:49.687754  4160 cudacc.cc:52]  Sweep 1: 0.9953s
I20260915 09:58:50.622675  4160 cudacc.cc:52]  Sweep 2: 0.9348s
I20260915 09:58:51.611653  4160 cudacc.cc:52]  Sweep 3: 0.9889s
I20260915 09:58:52.611041  4160 cudacc.cc:52]  Sweep 4: 0.9993s
I20260915 09:58:52.611138  4160 cudacc.cc:52] Iteration 5: 3.9188s
I20260915 09:58:52.611186  4160 cudacc.cc:52] Total: 19.8029s
I20260915 09:58:52.611205  4160 patch_match.cc:525] 
Writing geometric output for IMG20260912150622.jpg
I20260915 09:58:54.061455  4160 patch_match.cc:419] === Processing view 35 / 37 for IMG20260912150624.jpg ===
I20260915 09:58:54.063638  4160 patch_match.cc:466] Reading inputs...
I20260915 09:58:54.207301  4160 patch_match.cc:56] --- PatchMatch::Problem ---
I20260915 09:58:54.207403  4160 patch_match.cc:57] ref_image_idx: 369
I20260915 09:58:54.207428  4160 patch_match.cc:64] src_image_idxs: 368 370 371 367
I20260915 09:58:54.207444  4160 patch_match_options.cc:46] --- PatchMatchOptions ---
I20260915 09:58:54.207458  4160 patch_match_options.cc:47] max_image_size: 3072
I20260915 09:58:54.207471  4160 patch_match_options.cc:48] gpu_index: 0
I20260915 09:58:54.207484  4160 patch_match_options.cc:49] depth_min: 1.08699
I20260915 09:58:54.207520  4160 patch_match_options.cc:50] depth_max: 3.1406
I20260915 09:58:54.207536  4160 patch_match_options.cc:51] window_radius: 5
I20260915 09:58:54.207548  4160 patch_match_options.cc:52] window_step: 1
I20260915 09:58:54.207567  4160 patch_match_options.cc:53] sigma_spatial: 5
I20260915 09:58:54.207582  4160 patch_match_options.cc:54] sigma_color: 0.2
I20260915 09:58:54.207596  4160 patch_match_options.cc:55] num_samples: 15
I20260915 09:58:54.207609  4160 patch_match_options.cc:56] ncc_sigma: 0.6
I20260915 09:58:54.207623  4160 patch_match_options.cc:57] min_triangulation_angle: 1
I20260915 09:58:54.207637  4160 patch_match_options.cc:58] incident_angle_sigma: 0.9
I20260915 09:58:54.207651  4160 patch_match_options.cc:59] num_iterations: 5
I20260915 09:58:54.207663  4160 patch_match_options.cc:60] geom_consistency: 1
I20260915 09:58:54.207676  4160 patch_match_options.cc:61] geom_consistency_regularizer: 0.3
I20260915 09:58:54.207690  4160 patch_match_options.cc:62] geom_consistency_max_cost: 3
I20260915 09:58:54.207704  4160 patch_match_options.cc:63] filter: 1
I20260915 09:58:54.207716  4160 patch_match_options.cc:64] filter_min_ncc: 0.1
I20260915 09:58:54.207735  4160 patch_match_options.cc:65] filter_min_triangulation_angle: 3
I20260915 09:58:54.207749  4160 patch_match_options.cc:66] filter_min_num_consistent: 2
I20260915 09:58:54.207761  4160 patch_match_options.cc:67] filter_geom_consistency_max_cost: 1
I20260915 09:58:54.207775  4160 patch_match_options.cc:68] write_consistency_graph: 0
I20260915 09:58:54.207788  4160 patch_match_options.cc:69] allow_missing_files: 0
I20260915 09:58:54.207800  4160 patch_match_options.cc:70] num_threads: -1
I20260915 09:58:54.207814  4160 patch_match.cc:129] --- PatchMatch::Run ---
I20260915 09:58:54.431808  4160 cudacc.cc:52] Initialization: 0.0467s
I20260915 09:58:55.431256  4160 cudacc.cc:52]  Sweep 1: 0.9993s
I20260915 09:58:56.417488  4160 cudacc.cc:52]  Sweep 2: 0.9861s
I20260915 09:58:57.405908  4160 cudacc.cc:52]  Sweep 3: 0.9883s
I20260915 09:58:58.353778  4160 cudacc.cc:52]  Sweep 4: 0.9477s
I20260915 09:58:58.353866  4160 cudacc.cc:52] Iteration 1: 3.9220s
I20260915 09:58:59.342549  4160 cudacc.cc:52]  Sweep 1: 0.9886s
I20260915 09:59:00.290658  4160 cudacc.cc:52]  Sweep 2: 0.9480s
I20260915 09:59:01.275101  4160 cudacc.cc:52]  Sweep 3: 0.9843s
I20260915 09:59:02.216055  4160 cudacc.cc:52]  Sweep 4: 0.9408s
I20260915 09:59:02.216147  4160 cudacc.cc:52] Iteration 2: 3.8623s
I20260915 09:59:03.200026  4160 cudacc.cc:52]  Sweep 1: 0.9839s
I20260915 09:59:04.132476  4160 cudacc.cc:52]  Sweep 2: 0.9324s
I20260915 09:59:05.114343  4160 cudacc.cc:52]  Sweep 3: 0.9818s
I20260915 09:59:06.038569  4160 cudacc.cc:52]  Sweep 4: 0.9241s
I20260915 09:59:06.038767  4160 cudacc.cc:52] Iteration 3: 3.8226s
I20260915 09:59:07.022921  4160 cudacc.cc:52]  Sweep 1: 0.9841s
I20260915 09:59:07.946292  4160 cudacc.cc:52]  Sweep 2: 0.9233s
I20260915 09:59:08.929011  4160 cudacc.cc:52]  Sweep 3: 0.9826s
I20260915 09:59:09.849351  4160 cudacc.cc:52]  Sweep 4: 0.9202s
I20260915 09:59:09.849445  4160 cudacc.cc:52] Iteration 4: 3.8106s
I20260915 09:59:10.833275  4160 cudacc.cc:52]  Sweep 1: 0.9838s
I20260915 09:59:11.752830  4160 cudacc.cc:52]  Sweep 2: 0.9194s
I20260915 09:59:12.733082  4160 cudacc.cc:52]  Sweep 3: 0.9802s
I20260915 09:59:13.678140  4160 cudacc.cc:52]  Sweep 4: 0.9449s
I20260915 09:59:13.678232  4160 cudacc.cc:52] Iteration 5: 3.8288s
I20260915 09:59:13.678275  4160 cudacc.cc:52] Total: 19.2934s
I20260915 09:59:13.678288  4160 patch_match.cc:525] 
Writing geometric output for IMG20260912150624.jpg
I20260915 09:59:14.994586  4160 patch_match.cc:419] === Processing view 36 / 37 for IMG20260912150627.jpg ===
I20260915 09:59:14.994794  4160 patch_match.cc:466] Reading inputs...
I20260915 09:59:15.031725  4160 patch_match.cc:56] --- PatchMatch::Problem ---
I20260915 09:59:15.031801  4160 patch_match.cc:57] ref_image_idx: 370
I20260915 09:59:15.031820  4160 patch_match.cc:64] src_image_idxs: 368 369 367
I20260915 09:59:15.031837  4160 patch_match_options.cc:46] --- PatchMatchOptions ---
I20260915 09:59:15.031850  4160 patch_match_options.cc:47] max_image_size: 3072
I20260915 09:59:15.031861  4160 patch_match_options.cc:48] gpu_index: 0
I20260915 09:59:15.031872  4160 patch_match_options.cc:49] depth_min: 1.06994
I20260915 09:59:15.031895  4160 patch_match_options.cc:50] depth_max: 3.1177
I20260915 09:59:15.031907  4160 patch_match_options.cc:51] window_radius: 5
I20260915 09:59:15.031918  4160 patch_match_options.cc:52] window_step: 1
I20260915 09:59:15.031928  4160 patch_match_options.cc:53] sigma_spatial: 5
I20260915 09:59:15.031940  4160 patch_match_options.cc:54] sigma_color: 0.2
I20260915 09:59:15.031952  4160 patch_match_options.cc:55] num_samples: 15
I20260915 09:59:15.031963  4160 patch_match_options.cc:56] ncc_sigma: 0.6
I20260915 09:59:15.031974  4160 patch_match_options.cc:57] min_triangulation_angle: 1
I20260915 09:59:15.031986  4160 patch_match_options.cc:58] incident_angle_sigma: 0.9
I20260915 09:59:15.031997  4160 patch_match_options.cc:59] num_iterations: 5
I20260915 09:59:15.032010  4160 patch_match_options.cc:60] geom_consistency: 1
I20260915 09:59:15.032020  4160 patch_match_options.cc:61] geom_consistency_regularizer: 0.3
I20260915 09:59:15.032032  4160 patch_match_options.cc:62] geom_consistency_max_cost: 3
I20260915 09:59:15.032044  4160 patch_match_options.cc:63] filter: 1
I20260915 09:59:15.032054  4160 patch_match_options.cc:64] filter_min_ncc: 0.1
I20260915 09:59:15.032066  4160 patch_match_options.cc:65] filter_min_triangulation_angle: 3
I20260915 09:59:15.032077  4160 patch_match_options.cc:66] filter_min_num_consistent: 2
I20260915 09:59:15.032088  4160 patch_match_options.cc:67] filter_geom_consistency_max_cost: 1
I20260915 09:59:15.032100  4160 patch_match_options.cc:68] write_consistency_graph: 0
I20260915 09:59:15.032113  4160 patch_match_options.cc:69] allow_missing_files: 0
I20260915 09:59:15.032136  4160 patch_match_options.cc:70] num_threads: -1
I20260915 09:59:15.032152  4160 patch_match.cc:129] --- PatchMatch::Run ---
I20260915 09:59:15.208441  4160 cudacc.cc:52] Initialization: 0.0364s
I20260915 09:59:16.184755  4160 cudacc.cc:52]  Sweep 1: 0.9762s
I20260915 09:59:17.064129  4160 cudacc.cc:52]  Sweep 2: 0.8793s
I20260915 09:59:18.025678  4160 cudacc.cc:52]  Sweep 3: 0.9614s
I20260915 09:59:18.881050  4160 cudacc.cc:52]  Sweep 4: 0.8553s
I20260915 09:59:18.881146  4160 cudacc.cc:52] Iteration 1: 3.6726s
I20260915 09:59:19.840039  4160 cudacc.cc:52]  Sweep 1: 0.9589s
I20260915 09:59:20.687590  4160 cudacc.cc:52]  Sweep 2: 0.8474s
I20260915 09:59:21.643795  4160 cudacc.cc:52]  Sweep 3: 0.9561s
I20260915 09:59:22.490923  4160 cudacc.cc:52]  Sweep 4: 0.8470s
I20260915 09:59:22.491020  4160 cudacc.cc:52] Iteration 2: 3.6099s
I20260915 09:59:23.450693  4160 cudacc.cc:52]  Sweep 1: 0.9596s
I20260915 09:59:24.292253  4160 cudacc.cc:52]  Sweep 2: 0.8415s
I20260915 09:59:25.246712  4160 cudacc.cc:52]  Sweep 3: 0.9544s
I20260915 09:59:26.085426  4160 cudacc.cc:52]  Sweep 4: 0.8386s
I20260915 09:59:26.085516  4160 cudacc.cc:52] Iteration 3: 3.5945s
I20260915 09:59:27.043318  4160 cudacc.cc:52]  Sweep 1: 0.9578s
I20260915 09:59:27.880349  4160 cudacc.cc:52]  Sweep 2: 0.8369s
I20260915 09:59:28.833386  4160 cudacc.cc:52]  Sweep 3: 0.9529s
I20260915 09:59:29.670098  4160 cudacc.cc:52]  Sweep 4: 0.8366s
I20260915 09:59:29.670166  4160 cudacc.cc:52] Iteration 4: 3.5847s
I20260915 09:59:30.627250  4160 cudacc.cc:52]  Sweep 1: 0.9571s
I20260915 09:59:31.462130  4160 cudacc.cc:52]  Sweep 2: 0.8348s
I20260915 09:59:32.414462  4160 cudacc.cc:52]  Sweep 3: 0.9523s
I20260915 09:59:33.280643  4160 cudacc.cc:52]  Sweep 4: 0.8661s
I20260915 09:59:33.280741  4160 cudacc.cc:52] Iteration 5: 3.6106s
I20260915 09:59:33.280775  4160 cudacc.cc:52] Total: 18.1090s
I20260915 09:59:33.280797  4160 patch_match.cc:525] 
Writing geometric output for IMG20260912150627.jpg
I20260915 09:59:34.562375  4160 patch_match.cc:419] === Processing view 37 / 37 for IMG20260912150627_01.jpg ===
I20260915 09:59:34.562488  4160 patch_match.cc:466] Reading inputs...
I20260915 09:59:34.591819  4160 patch_match.cc:56] --- PatchMatch::Problem ---
I20260915 09:59:34.591910  4160 patch_match.cc:57] ref_image_idx: 371
I20260915 09:59:34.591928  4160 patch_match.cc:64] src_image_idxs: 368 369
I20260915 09:59:34.591942  4160 patch_match_options.cc:46] --- PatchMatchOptions ---
I20260915 09:59:34.591953  4160 patch_match_options.cc:47] max_image_size: 3072
I20260915 09:59:34.591967  4160 patch_match_options.cc:48] gpu_index: 0
I20260915 09:59:34.591977  4160 patch_match_options.cc:49] depth_min: 1.06635
I20260915 09:59:34.591999  4160 patch_match_options.cc:50] depth_max: 3.10993
I20260915 09:59:34.592011  4160 patch_match_options.cc:51] window_radius: 5
I20260915 09:59:34.592022  4160 patch_match_options.cc:52] window_step: 1
I20260915 09:59:34.592033  4160 patch_match_options.cc:53] sigma_spatial: 5
I20260915 09:59:34.592045  4160 patch_match_options.cc:54] sigma_color: 0.2
I20260915 09:59:34.592057  4160 patch_match_options.cc:55] num_samples: 15
I20260915 09:59:34.592067  4160 patch_match_options.cc:56] ncc_sigma: 0.6
I20260915 09:59:34.592079  4160 patch_match_options.cc:57] min_triangulation_angle: 1
I20260915 09:59:34.592091  4160 patch_match_options.cc:58] incident_angle_sigma: 0.9
I20260915 09:59:34.592103  4160 patch_match_options.cc:59] num_iterations: 5
I20260915 09:59:34.592117  4160 patch_match_options.cc:60] geom_consistency: 1
I20260915 09:59:34.592129  4160 patch_match_options.cc:61] geom_consistency_regularizer: 0.3
I20260915 09:59:34.592141  4160 patch_match_options.cc:62] geom_consistency_max_cost: 3
I20260915 09:59:34.592160  4160 patch_match_options.cc:63] filter: 1
I20260915 09:59:34.592173  4160 patch_match_options.cc:64] filter_min_ncc: 0.1
I20260915 09:59:34.592185  4160 patch_match_options.cc:65] filter_min_triangulation_angle: 3
I20260915 09:59:34.592197  4160 patch_match_options.cc:66] filter_min_num_consistent: 2
I20260915 09:59:34.592208  4160 patch_match_options.cc:67] filter_geom_consistency_max_cost: 1
I20260915 09:59:34.592220  4160 patch_match_options.cc:68] write_consistency_graph: 0
I20260915 09:59:34.592235  4160 patch_match_options.cc:69] allow_missing_files: 0
I20260915 09:59:34.592246  4160 patch_match_options.cc:70] num_threads: -1
I20260915 09:59:34.592259  4160 patch_match.cc:129] --- PatchMatch::Run ---
I20260915 09:59:34.712039  4160 cudacc.cc:52] Initialization: 0.0258s
I20260915 09:59:35.655637  4160 cudacc.cc:52]  Sweep 1: 0.9435s
I20260915 09:59:36.501543  4160 cudacc.cc:52]  Sweep 2: 0.8458s
I20260915 09:59:37.437760  4160 cudacc.cc:52]  Sweep 3: 0.9361s
I20260915 09:59:38.259632  4160 cudacc.cc:52]  Sweep 4: 0.8218s
I20260915 09:59:38.259748  4160 cudacc.cc:52] Iteration 1: 3.5476s
I20260915 09:59:39.190952  4160 cudacc.cc:52]  Sweep 1: 0.9311s
I20260915 09:59:40.003973  4160 cudacc.cc:52]  Sweep 2: 0.8129s
I20260915 09:59:40.932204  4160 cudacc.cc:52]  Sweep 3: 0.9282s
I20260915 09:59:41.739577  4160 cudacc.cc:52]  Sweep 4: 0.8073s
I20260915 09:59:41.739687  4160 cudacc.cc:52] Iteration 2: 3.4799s
I20260915 09:59:42.670113  4160 cudacc.cc:52]  Sweep 1: 0.9304s
I20260915 09:59:43.474508  4160 cudacc.cc:52]  Sweep 2: 0.8043s
I20260915 09:59:44.401353  4160 cudacc.cc:52]  Sweep 3: 0.9268s
I20260915 09:59:45.213948  4160 cudacc.cc:52]  Sweep 4: 0.8125s
I20260915 09:59:45.214046  4160 cudacc.cc:52] Iteration 3: 3.4744s
I20260915 09:59:46.142658  4160 cudacc.cc:52]  Sweep 1: 0.9286s
I20260915 09:59:46.944725  4160 cudacc.cc:52]  Sweep 2: 0.8020s
I20260915 09:59:47.872123  4160 cudacc.cc:52]  Sweep 3: 0.9273s
I20260915 09:59:48.674170  4160 cudacc.cc:52]  Sweep 4: 0.8018s
I20260915 09:59:48.674280  4160 cudacc.cc:52] Iteration 4: 3.4602s
I20260915 09:59:49.604605  4160 cudacc.cc:52]  Sweep 1: 0.9303s
I20260915 09:59:50.404493  4160 cudacc.cc:52]  Sweep 2: 0.7997s
I20260915 09:59:51.331525  4160 cudacc.cc:52]  Sweep 3: 0.9270s
I20260915 09:59:52.156830  4160 cudacc.cc:52]  Sweep 4: 0.8252s
I20260915 09:59:52.157009  4160 cudacc.cc:52] Iteration 5: 3.4827s
I20260915 09:59:52.157054  4160 cudacc.cc:52] Total: 17.4711s
I20260915 09:59:52.157077  4160 patch_match.cc:525] 
Writing geometric output for IMG20260912150627_01.jpg
I20260915 09:59:53.499459 14560 timer.cc:90] Elapsed time: 25.501 [minutes]
