relative_path,sha256,byte_size,width,height,format,orientation,make,model,lens_model,focal_length_mm,focal_length_35mm_eq,f_number,iso,exposure_time,exposure_compensation,digital_zoom_ratio,white_balance,exposure_program,datetime_original,source_cluster,source_role,source_pass_id,logical_ring_id,selected_for_geometry,selection_reason,near_duplicate_group,frame_index,frame_index_within_logical_ring,phase_01,angle_deg,rotation_direction,camera_group,decode_ok,sharpness_laplacian,mean_luminance,p01_luminance,p99_luminance,clipping_fraction,contrast_std,object_presence_signal,object_presence_sanity
IMG20260912131808.jpg,078cf15190b24f27a7209d10ee7df237cf1cb8f78749c703c57f50cd92a3f723,4558718,3072,4080,JPEG,1,OPPO,OPPO Reno12 F,,,,,,,,,,,2026:09:12 13:18:08,appearance,appearance_reference,appearance,,False,not_geometry_source,,1,,,,,appearance_reference,True,363.42267,83.481506,0,146,0.24681091,51.370056,0.92651998,observed_content_signal
IMG20260912131814.jpg,b586ae18197abc4a0f638f0d7cc12afe2787988f8ec9e60e2f7f9eccc444aa9b,4556536,3072,4080,JPEG,1,OPPO,OPPO Reno12 F,,,,,,,,,,,2026:09:12 13:18:14,appearance,appearance_reference,appearance,,False,not_geometry_source,,2,,,,,appearance_reference,True,365.10266,83.578674,0,146,0.24681091,51.432365,0.92973137,observed_content_signal
IMG20260912132007.jpg,393c8fdcfbb025ea3d58649ab2e6314bf2d6e7185c3acea6744b8055ac959f3b,4697235,3072,4080,JPEG,1,OPPO,OPPO Reno12 F,,,,,,,,,,,2026:09:12 13:20:07,appearance,appearance_reference,appearance,,False,not_geometry_source,,3,,,,,appearance_reference,True,338.50333,84.363571,0,148,0.24662781,51.788383,1.0262161,observed_content_signal
IMG20260912132012.jpg,46975348f3dffc1dd5e840ca51e6eaefc91793903b7670bc34d3787453313f09,4644713,3072,4080,JPEG,1,OPPO,OPPO Reno12 F,,,,,,,,,,,2026:09:12 13:20:12,appearance,appearance_reference,appearance,,False,not_geometry_source,,4,,,,,appearance_reference,True,338.66492,84.445953,0,148,0.24671936,51.808121,1.0190804,observed_content_signal
IMG20260912132016.jpg,98ed8391c823943d33135eaa48a45ae85cd5e3ba468fe5aaff56d2e3c267bd31,4639273,3072,4080,JPEG,1,OPPO,OPPO Reno12 F,,,,,,,,,,,2026:09:12 13:20:16,appearance,appearance_reference,appearance,,False,not_geometry_source,,5,,,,,appearance_reference,True,337.52322,84.450119,0,148,0.24664307,51.79126,1.0156656,observed_content_signal
IMG20260912132018.jpg,30c8e96255eec6109398308146766c60631b7a00564c438869b74090f04e11da,4628155,3072,4080,JPEG,1,OPPO,OPPO Reno12 F,,,,,,,,,,,2026:09:12 13:20:18,appearance,appearance_reference,appearance,,False,not_geometry_source,,6,,,,,appearance_reference,True,336.22876,84.491364,0,147,0.24662781,51.788975,1.0143611,observed_content_signal
IMG20260912132021.jpg,068940ab9bfad3880152ad2c037e09e132efc7587236f5de944125ad5305c6d1,4674590,3072,4080,JPEG,1,OPPO,OPPO Reno12 F,,,,,,,,,,,2026:09:12 13:20:21,appearance,appearance_reference,appearance,,False,not_geometry_source,,7,,,,,appearance_reference,True,337.04324,84.536789,0,147,0.24668884,51.78986,1.0114213,observed_content_signal
IMG20260912132023.jpg,fa3b7956c1882eba4306ace25396b342f18cb17b436ffd4c8f17ff3f98fe8b8a,4718105,3072,4080,JPEG,1,OPPO,OPPO Reno12 F,,,,,,,,,,,2026:09:12 13:20:23,appearance,appearance_reference,appearance,,False,not_geometry_source,,8,,,,,appearance_reference,True,333.26764,84.637405,0,147,0.246521,51.829212,1.0097441,observed_content_signal
IMG20260912132026.jpg,5eb61424281fd5eba7e144ed4922c02834b8668249fcdebbdec2c408de251807,4696044,3072,4080,JPEG,1,OPPO,OPPO Reno12 F,,,,,,,,,,,2026:09:12 13:20:26,appearance,appearance_reference,appearance,,False,not_geometry_source,,9,,,,,appearance_reference,True,332.55313,84.702484,0,147,0.24642944,51.8745,1.0075209,observed_content_signal
IMG20260912132028.jpg,56fc580830cb810e43d5b918dd82e8567e52967e3a331d88ffa830fb069b6bcd,4730613,3072,4080,JPEG,1,OPPO,OPPO Reno12 F,,,,,,,,,,,2026:09:12 13:20:28,appearance,appearance_reference,appearance,,False,not_geometry_source,,10,,,,,appearance_reference,True,325.02521,84.78981,0,147,0.24647522,51.92083,1.0059788,observed_content_signal
IMG20260912132031.jpg,a6f52d34af6b842f35ea7a06cc4eeb546aea05fba0fe830506986ee07f48f179,4702313,3072,4080,JPEG,1,OPPO,OPPO Reno12 F,,,,,,,,,,,2026:09:12 13:20:31,appearance,appearance_reference,appearance,,False,not_geometry_source,,11,,,,,appearance_reference,True,324.15051,84.808029,0,147,0.24653625,51.943939,1.0048963,observed_content_signal
IMG20260912132034.jpg,8bab0fd9aecd18c4e3a13cd10a01eaf1010a257ba9c2b08e52dd1ffe560952f7,4659868,3072,4080,JPEG,1,OPPO,OPPO Reno12 F,,,,,,,,,,,2026:09:12 13:20:34,appearance,appearance_reference,appearance,,False,not_geometry_source,,12,,,,,appearance_reference,True,323.44757,84.771973,0,147,0.24656677,51.992977,1.0055332,observed_content_signal
IMG20260912132039.jpg,6a75d65df0153dad0fdbe3788f262899ef665f44d9e755f5c1c4b4c8cf681dcd,4671294,3072,4080,JPEG,1,OPPO,OPPO Reno12 F,,,,,,,,,,,2026:09:12 13:20:39,appearance,appearance_reference,appearance,,False,not_geometry_source,,13,,,,,appearance_reference,True,325.28268,84.764175,0,147,0.24649048,52.109814,1.0096471,observed_content_signal
IMG20260912132041.jpg,6091c9f501f2202e857c714ced6489718b4cb3bf91ca4ba080ab6f04e358fae8,4415535,3072,4080,JPEG,1,OPPO,OPPO Reno12 F,,,,,,,,,,,2026:09:12 13:20:41,appearance,appearance_reference,appearance,,False,not_geometry_source,,14,,,,,appearance_reference,True,327.98926,84.749191,0,147,0.24659729,52.252769,1.0134458,observed_content_signal
IMG20260912132044.jpg,9dc0c46eeb12663ea6200b4858b7cd50fee0072ff77b7d0c731ec563856037b2,4601478,3072,4080,JPEG,1,OPPO,OPPO Reno12 F,,,,,,,,,,,2026:09:12 13:20:44,appearance,appearance_reference,appearance,,False,not_geometry_source,,15,,,,,appearance_reference,True,330.04559,84.67868,0,147,0.24659729,52.305099,1.0168898,observed_content_signal
IMG20260912132046.jpg,f7a0015cc99e1e0edea4bd310966e21594f40e45fbf1d999dfe529ed9a5ee98f,4631133,3072,4080,JPEG,1,OPPO,OPPO Reno12 F,,,,,,,,,,,2026:09:12 13:20:46,appearance,appearance_reference,appearance,,False,not_geometry_source,,16,,,,,appearance_reference,True,330.36249,84.566345,0,147,0.24655151,52.362827,1.0250495,observed_content_signal
IMG20260912132049.jpg,e293c702f12fed5a3736169f09f74b987cfcb1a0cb01eb7bbe665bf9a5f9e28b,4674218,3072,4080,JPEG,1,OPPO,OPPO Reno12 F,,,,,,,,,,,2026:09:12 13:20:49,appearance,appearance_reference,appearance,,False,not_geometry_source,,17,,,,,appearance_reference,True,331.08307,84.479156,0,146,0.24665833,52.428951,1.0471809,observed_content_signal
IMG20260912132051.jpg,a611d3952d3a3cb1990326329f3c3d7aa4fef2a37bb5532708feea083c2b9170,4627775,3072,4080,JPEG,1,OPPO,OPPO Reno12 F,,,,,,,,,,,2026:09:12 13:20:51,appearance,appearance_reference,appearance,,False,not_geometry_source,,18,,,,,appearance_reference,True,330.54742,84.283478,0,146,0.2467041,52.461803,1.0736281,observed_content_signal
IMG20260912132053.jpg,c5c3dbcad725e3797082aeb15b7c3f380a382e038d61898da4cc56e1886efd2a,4618415,3072,4080,JPEG,1,OPPO,OPPO Reno12 F,,,,,,,,,,,2026:09:12 13:20:53,appearance,appearance_reference,appearance,,False,not_geometry_source,,19,,,,,appearance_reference,True,327.45367,84.059464,0,146,0.24682617,52.470478,1.0995319,observed_content_signal
IMG20260912132055.jpg,f3a116b3222aab7111d2a1377ac52d7d1dc8c82547ba92858255704c0c798038,4650803,3072,4080,JPEG,1,OPPO,OPPO Reno12 F,,,,,,,,,,,2026:09:12 13:20:55,appearance,appearance_reference,appearance,,False,not_geometry_source,,20,,,,,appearance_reference,True,323.44189,83.817139,0,146,0.24702454,52.511951,1.1386077,observed_content_signal
IMG20260912132057.jpg,ee0d301917e0690aa908dd04546678b025c6dc2dd3b0b013e5b11658c796751d,4652769,3072,4080,JPEG,1,OPPO,OPPO Reno12 F,,,,,,,,,,,2026:09:12 13:20:57,appearance,appearance_reference,appearance,,False,not_geometry_source,,21,,,,,appearance_reference,True,319.28046,83.510284,0,146,0.24711609,52.563084,1.1932745,observed_content_signal
IMG20260912132059.jpg,374441c19062e35210c10916f39f33d910d511fa9f8a49d3cb18690228faaaba,4606975,3072,4080,JPEG,1,OPPO,OPPO Reno12 F,,,,,,,,,,,2026:09:12 13:20:59,appearance,appearance_reference,appearance,,False,not_geometry_source,,22,,,,,appearance_reference,True,315.03229,83.150543,0,146,0.24690247,52.5798,1.2448429,observed_content_signal
IMG20260912132101.jpg,92bba769bff88164c0baf854203cc540509335608116e719d6daecea5422f621,4478173,3072,4080,JPEG,1,OPPO,OPPO Reno12 F,,,,,,,,,,,2026:09:12 13:21:01,appearance,appearance_reference,appearance,,False,not_geometry_source,,23,,,,,appearance_reference,True,311.9408,82.867538,0,146,0.24702454,52.604904,1.2857273,observed_content_signal
IMG20260912132103.jpg,7fd295ff0e118174ed7a04ceecd9101aaa3d2508d88df63a70bea93f814665c1,4317412,3072,4080,JPEG,1,OPPO,OPPO Reno12 F,,,,,,,,,,,2026:09:12 13:21:03,appearance,appearance_reference,appearance,,False,not_geometry_source,,24,,,,,appearance_reference,True,311.10651,82.66922,0,145,0.24707031,52.646282,1.3215456,observed_content_signal
IMG20260912132105.jpg,d98ff54389cf4eb52ecaff28187039b9538788d2e98c9a8047a6cac781dc645f,4510166,3072,4080,JPEG,1,OPPO,OPPO Reno12 F,,,,,,,,,,,2026:09:12 13:21:05,appearance,appearance_reference,appearance,,False,not_geometry_source,,25,,,,,appearance_reference,True,311.54236,82.558624,0,145,0.24699402,52.701622,1.3384914,observed_content_signal
IMG20260912132108.jpg,a59cbc876d93570e04acd5cb745ea5ab3db15f61de17eecce7206a7646dcb914,4506784,3072,4080,JPEG,1,OPPO,OPPO Reno12 F,,,,,,,,,,,2026:09:12 13:21:08,appearance,appearance_reference,appearance,,False,not_geometry_source,,26,,,,,appearance_reference,True,306.95569,82.432175,0,145,0.24691772,52.812889,1.3572356,observed_content_signal
IMG20260912132111.jpg,debd871a7fffea0bfa34ed84cf2ff3d4cd8aa009d8adc801691d22ef27a7f56e,4325590,3072,4080,JPEG,1,OPPO,OPPO Reno12 F,,,,,,,,,,,2026:09:12 13:21:11,appearance,appearance_reference,appearance,,False,not_geometry_source,,27,,,,,appearance_reference,True,310.08734,82.905685,0,145,0.24673462,52.943314,1.3549881,observed_content_signal
IMG20260912132115.jpg,cbf3fd386291986f43cf6022c5dc318d2b900445fab524056aac0af860e51a3e,4413721,3072,4080,JPEG,1,OPPO,OPPO Reno12 F,,,,,,,,,,,2026:09:12 13:21:15,appearance,appearance_reference,appearance,,False,not_geometry_source,,28,,,,,appearance_reference,True,311.79486,82.707657,0,144,0.24694824,52.814899,1.3512223,observed_content_signal
IMG20260912132117.jpg,15c0eaaa754f347bc7898d4a7dd5390422c45ce01f22d676a773ace41abb9ab0,4589786,3072,4080,JPEG,1,OPPO,OPPO Reno12 F,,,,,,,,,,,2026:09:12 13:21:17,appearance,appearance_reference,appearance,,False,not_geometry_source,,29,,,,,appearance_reference,True,312.80124,82.834518,0,144,0.24693298,52.736404,1.3243063,observed_content_signal
IMG20260912132119.jpg,c9cc293ca18f64816c26098e60c4a26c61ea9f8f1136c04f0eb0e3be2352344b,4604830,3072,4080,JPEG,1,OPPO,OPPO Reno12 F,,,,,,,,,,,2026:09:12 13:21:19,appearance,appearance_reference,appearance,,False,not_geometry_source,,30,,,,,appearance_reference,True,315.57782,83.20816,0,144,0.24693298,52.674522,1.2618259,observed_content_signal
IMG20260912132120.jpg,a5df10a64a284bb9cfc4f575fd963eb6ded2faccc1ff4df4c44513384bd39be9,4563507,3072,4080,JPEG,1,OPPO,OPPO Reno12 F,,,,,,,,,,,2026:09:12 13:21:20,appearance,appearance_reference,appearance,,False,not_geometry_source,,31,,,,,appearance_reference,True,317.05865,83.539551,0,144,0.24702454,52.588825,1.1966439,observed_content_signal
IMG20260912132122.jpg,9d7036471f7ef8d3437344a0cf28193c1d37fd52f1e40ee2151d4ec2446fbc67,4691966,3072,4080,JPEG,1,OPPO,OPPO Reno12 F,,,,,,,,,,,2026:09:12 13:21:22,appearance,appearance_reference,appearance,,False,not_geometry_source,,32,,,,,appearance_reference,True,316.67871,84.006256,0,145,0.24708557,52.510044,1.1271812,observed_content_signal
IMG20260912132124.jpg,d39a97f6daa38c28922370694a10dedb77dcac9c3182ffc15dc48e28f80ec6d9,4699821,3072,4080,JPEG,1,OPPO,OPPO Reno12 F,,,,,,,,,,,2026:09:12 13:21:24,appearance,appearance_reference,appearance,,False,not_geometry_source,,33,,,,,appearance_reference,True,317.37415,84.361694,0,145,0.24707031,52.468628,1.0776666,observed_content_signal
IMG20260912132125.jpg,40a5c9dff5152ee0dcd09b85f8c0189dd7531fcc2dbad27d310d135ca127aefa,4704617,3072,4080,JPEG,1,OPPO,OPPO Reno12 F,,,,,,,,,,,2026:09:12 13:21:25,appearance,appearance_reference,appearance,,False,not_geometry_source,,34,,,,,appearance_reference,True,319.26782,84.602631,0,145,0.24707031,52.439415,1.0450535,observed_content_signal
IMG20260912132127.jpg,11a917f6ffec6972935636e2afd9684b5d2c8bd2a1e765db19ea8dd8d596f7ea,4662935,3072,4080,JPEG,1,OPPO,OPPO Reno12 F,,,,,,,,,,,2026:09:12 13:21:27,appearance,appearance_reference,appearance,,False,not_geometry_source,,35,,,,,appearance_reference,True,320.08942,84.822052,0,145,0.24707031,52.431046,1.0266928,observed_content_signal
IMG20260912132128.jpg,318dba2403d9e6b307ac9152d9cecdc057f807c92c865196c25ffa5bd8620fd7,4475592,3072,4080,JPEG,1,OPPO,OPPO Reno12 F,,,,,,,,,,,2026:09:12 13:21:28,appearance,appearance_reference,appearance,,False,not_geometry_source,,36,,,,,appearance_reference,True,322.01498,85.011841,0,145,0.24703979,52.43404,1.0102066,observed_content_signal
IMG20260912132130.jpg,be01bf99061d823e13db3c7cda40b40e807ec37ff5effce0959cacd60dd7d3f0,4700527,3072,4080,JPEG,1,OPPO,OPPO Reno12 F,,,,,,,,,,,2026:09:12 13:21:30,appearance,appearance_reference,appearance,,False,not_geometry_source,,37,,,,,appearance_reference,True,320.08917,85.08049,0,145,0.24687195,52.322231,0.98466615,observed_content_signal
IMG20260912132132.jpg,080985ec365b6132ce6a2d30c7d9c134b40b85b8bdde41f25c439627eeb4eadf,4624209,3072,4080,JPEG,1,OPPO,OPPO Reno12 F,,,,,,,,,,,2026:09:12 13:21:32,appearance,appearance_reference,appearance,,False,not_geometry_source,,38,,,,,appearance_reference,True,320.1489,85.163208,0,145,0.24693298,52.287312,0.9765646,observed_content_signal
IMG20260912132133.jpg,9effa8979c1bb0999a7a3308e51964d1551c950a490c30ad7cf3aa49ee4aab11,4481610,3072,4080,JPEG,1,OPPO,OPPO Reno12 F,,,,,,,,,,,2026:09:12 13:21:33,appearance,appearance_reference,appearance,,False,not_geometry_source,,39,,,,,appearance_reference,True,321.9679,85.273392,0,146,0.24679565,52.207916,0.96501498,observed_content_signal
IMG20260912132135.jpg,e3d2cbfef19c2d4eb5c4ebd0bc190387b22ab941759012d2d93d038bccdc2a4f,4679085,3072,4080,JPEG,1,OPPO,OPPO Reno12 F,,,,,,,,,,,2026:09:12 13:21:35,appearance,appearance_reference,appearance,,False,not_geometry_source,,40,,,,,appearance_reference,True,319.75098,85.313766,0,146,0.24676514,52.134747,0.95855853,observed_content_signal
IMG20260912132137.jpg,35470628ce194da7a051ea3e993e51a8d24015538c299be718ace88113bd6697,4722842,3072,4080,JPEG,1,OPPO,OPPO Reno12 F,,,,,,,,,,,2026:09:12 13:21:37,appearance,appearance_reference,appearance,,False,not_geometry_source,,41,,,,,appearance_reference,True,315.70392,85.281006,0,146,0.24673462,52.047348,0.95468197,observed_content_signal
IMG20260912132139.jpg,e0faf15db4f8d87c3280bc844081b8e0cf460f9ad189cf718c8a89ed8de65137,4710930,3072,4080,JPEG,1,OPPO,OPPO Reno12 F,,,,,,,,,,,2026:09:12 13:21:39,appearance,appearance_reference,appearance,,False,not_geometry_source,,42,,,,,appearance_reference,True,314.42432,85.169662,0,146,0.246521,51.930161,0.95823972,observed_content_signal
IMG20260912132141.jpg,45e0a54b88e4a11dc6e73434a68c7c9b3704c474a85804feca3c38fc8d01d4c3,4689167,3072,4080,JPEG,1,OPPO,OPPO Reno12 F,,,,,,,,,,,2026:09:12 13:21:41,appearance,appearance_reference,appearance,,False,not_geometry_source,,43,,,,,appearance_reference,True,322.46967,85.138,0,146,0.24658203,51.893921,0.96632741,observed_content_signal
IMG20260912132144.jpg,48f90300db9def8196e6e8f0de47d3fa2c679350ed9a3bd11e9534adf917aeb3,4707878,3072,4080,JPEG,1,OPPO,OPPO Reno12 F,,,,,,,,,,,2026:09:12 13:21:44,appearance,appearance_reference,appearance,,False,not_geometry_source,,44,,,,,appearance_reference,True,324.48511,85.064697,0,146,0.24647522,51.838432,0.96890859,observed_content_signal
IMG20260912132146.jpg,0325ac7ca351103ac5c6b7191aa872bf749d65ea17556a66f91f888b4c4a34fe,4615201,3072,4080,JPEG,1,OPPO,OPPO Reno12 F,,,,,,,,,,,2026:09:12 13:21:46,appearance,appearance_reference,appearance,,False,not_geometry_source,,45,,,,,appearance_reference,True,332.03333,85.031128,0,147,0.24639893,51.871483,0.97297408,observed_content_signal
IMG20260912132149.jpg,46b5a9f5c3f01ab886313a9ad8dbb050317c3e52239816bedb5c2c9112d7ed90,4643369,3072,4080,JPEG,1,OPPO,OPPO Reno12 F,,,,,,,,,,,2026:09:12 13:21:49,appearance,appearance_reference,appearance,,False,not_geometry_source,,46,,,,,appearance_reference,True,332.57043,85.103271,0,148,0.2464447,51.94276,0.97835728,observed_content_signal
IMG20260912132151.jpg,9b4ab1ca0d92b046393b76e8f62235d8f0e14fc8e5a7e12adb71d920bd19e5e0,4705270,3072,4080,JPEG,1,OPPO,OPPO Reno12 F,,,,,,,,,,,2026:09:12 13:21:51,appearance,appearance_reference,appearance,,False,not_geometry_source,,47,,,,,appearance_reference,True,332.73724,84.999695,0,148,0.24645996,51.921238,0.98299468,observed_content_signal
IMG20260912132153.jpg,1503185cd658a3aaa6c5c4a61035949bb93e70bb47451bbf21ec268bfa17c6aa,4698342,3072,4080,JPEG,1,OPPO,OPPO Reno12 F,,,,,,,,,,,2026:09:12 13:21:53,appearance,appearance_reference,appearance,,False,not_geometry_source,,48,,,,,appearance_reference,True,333.85095,84.946854,0,149,0.24639893,51.920811,0.98915553,observed_content_signal
IMG20260912132158.jpg,ee18798d14aa5755c3c7ca8a65b7d3d5c124f232203eca03b6520f653365ef71,4536926,3072,4080,JPEG,1,OPPO,OPPO Reno12 F,,,,,,,,,,,2026:09:12 13:21:58,appearance,appearance_reference,appearance,,False,not_geometry_source,,49,,,,,appearance_reference,True,333.09125,84.856949,0,149,0.24639893,51.904205,0.99132511,observed_content_signal
IMG20260912132200.jpg,a0bb6e4ba899aa1ff1032c5a8ca4601335a8f8169ed28601d3917f36d7b5262e,4612388,3072,4080,JPEG,1,OPPO,OPPO Reno12 F,,,,,,,,,,,2026:09:12 13:22:00,appearance,appearance_reference,appearance,,False,not_geometry_source,,50,,,,,appearance_reference,True,334.70929,84.811142,0,149,0.24639893,51.905579,0.99826433,observed_content_signal
IMG20260912132202.jpg,1e352e868eafad981dab389f9c78a2e023da65865dcf08fde628e4bc8245db1f,4706607,3072,4080,JPEG,1,OPPO,OPPO Reno12 F,,,,,,,,,,,2026:09:12 13:22:02,appearance,appearance_reference,appearance,,False,not_geometry_source,,51,,,,,appearance_reference,True,335.2746,84.865601,0,148.64999,0.24636841,51.955257,1.001707,observed_content_signal
IMG20260912132203.jpg,dae11c74b78155352685a481a8cc49b8dc78f0febd1b5655daea345d4e4e6e60,4715029,3072,4080,JPEG,1,OPPO,OPPO Reno12 F,,,,,,,,,,,2026:09:12 13:22:03,appearance,appearance_reference,appearance,,False,not_geometry_source,,52,,,,,appearance_reference,True,336.55875,84.826843,0,148,0.24633789,51.946968,1.0085782,observed_content_signal
IMG20260912132205.jpg,88c00eddc86e5910eaa3380d78f69b5d87c6f1e1b861f9718d1efc5d3ef1b000,4666627,3072,4080,JPEG,1,OPPO,OPPO Reno12 F,,,,,,,,,,,2026:09:12 13:22:05,appearance,appearance_reference,appearance,,False,not_geometry_source,,53,,,,,appearance_reference,True,337.27185,84.751923,0,148,0.24624634,51.904064,1.0167628,observed_content_signal
IMG20260912132207.jpg,b7e2af093e196a32a665a9962d78256fe949187caf2b9b7f74a1053903a078c4,4533111,3072,4080,JPEG,1,OPPO,OPPO Reno12 F,,,,,,,,,,,2026:09:12 13:22:07,appearance,appearance_reference,appearance,,False,not_geometry_source,,54,,,,,appearance_reference,True,338.55154,84.79953,0,148,0.24629211,51.925426,1.0208652,observed_content_signal
IMG20260912132208.jpg,d6ec671b245850b991c8e3e31eeb7c7ac94f7aa76ad71a4105dd0b30765064a1,4685132,3072,4080,JPEG,1,OPPO,OPPO Reno12 F,,,,,,,,,,,2026:09:12 13:22:08,appearance,appearance_reference,appearance,,False,not_geometry_source,,55,,,,,appearance_reference,True,335.42334,84.717957,0,147,0.24627686,51.86491,1.0231006,observed_content_signal
IMG20260912132210.jpg,b2c210268cfb526ac8f2fc9fcdc0c20ea8001f9f747ed8d47dc06dda59498c07,4716657,3072,4080,JPEG,1,OPPO,OPPO Reno12 F,,,,,,,,,,,2026:09:12 13:22:10,appearance,appearance_reference,appearance,,False,not_geometry_source,,56,,,,,appearance_reference,True,334.05829,84.726303,0,147,0.2462616,51.852165,1.0240388,observed_content_signal
IMG20260912132212.jpg,5e6ce672a5d38f690689f3f934a404223e1f87b3e5ce54efa4cd38f8586a8f16,4727347,3072,4080,JPEG,1,OPPO,OPPO Reno12 F,,,,,,,,,,,2026:09:12 13:22:12,appearance,appearance_reference,appearance,,False,not_geometry_source,,57,,,,,appearance_reference,True,333.13312,84.749268,0,147,0.24624634,51.841152,1.0233503,observed_content_signal
IMG20260912132214.jpg,fa285951c3176086dc77ba5c8001358cf548eb4189006908b5e6e9cff50a18ac,4775952,3072,4080,JPEG,1,OPPO,OPPO Reno12 F,,,,,,,,,,,2026:09:12 13:22:14,appearance,appearance_reference,appearance,,False,not_geometry_source,,58,,,,,appearance_reference,True,336.86685,85.24292,0,148,0.24638367,52.177608,1.0207243,observed_content_signal
IMG20260912132216.jpg,a3d732bd06ff2c42e6c255abbc57f4b466d956268e5b6bfdbd9eaf56851a5696,4692038,3072,4080,JPEG,1,OPPO,OPPO Reno12 F,,,,,,,,,,,2026:09:12 13:22:16,appearance,appearance_reference,appearance,,False,not_geometry_source,,59,,,,,appearance_reference,True,324.67398,85.120712,0,148,0.24636841,52.155399,1.0286318,observed_content_signal
IMG20260912132220.jpg,a425c202bf767b12cf17fc3cd4bea19f5206aeadf0dd2123c272f51557b88e7f,4751093,3072,4080,JPEG,1,OPPO,OPPO Reno12 F,,,,,,,,,,,2026:09:12 13:22:20,appearance,appearance_reference,appearance,,False,not_geometry_source,,60,,,,,appearance_reference,True,324.75323,84.654953,0,147,0.24636841,52.363117,1.0580042,observed_content_signal
IMG20260912132223.jpg,1807ff3dcacd2e9b939c6257f7e3e0f7a691b14984fb655fca8620571f13098d,4594668,3072,4080,JPEG,1,OPPO,OPPO Reno12 F,,,,,,,,,,,2026:09:12 13:22:23,appearance,appearance_reference,appearance,,False,not_geometry_source,,61,,,,,appearance_reference,True,313.25964,84.051331,0,147,0.24647522,52.429077,1.10037,observed_content_signal
IMG20260912132227.jpg,9a3370afd9752db4832708e5c5c68f518c09cd6461138b4d5ab8cfa56581373a,4736743,3072,4080,JPEG,1,OPPO,OPPO Reno12 F,,,,,,,,,,,2026:09:12 13:22:27,appearance,appearance_reference,appearance,,False,not_geometry_source,,62,,,,,appearance_reference,True,316.40643,83.96373,0,147,0.246521,52.495712,1.1244681,observed_content_signal
IMG20260912132231.jpg,a3af3cfea71ec712abf8c0bb98a52ae2ff89310a356ed5abd5ee4f4379df0579,4568659,3072,4080,JPEG,1,OPPO,OPPO Reno12 F,,,,,,,,,,,2026:09:12 13:22:31,appearance,appearance_reference,appearance,,False,not_geometry_source,,63,,,,,appearance_reference,True,310.41226,83.598343,0,147,0.24649048,52.486389,1.1573261,observed_content_signal
IMG20260912132235.jpg,97d83dbd35a5c70f8218b0e8d265258531900ed0c1ee8673cc29a843a2ec33ca,4401034,3072,4080,JPEG,1,OPPO,OPPO Reno12 F,,,,,,,,,,,2026:09:12 13:22:35,appearance,appearance_reference,appearance,,False,not_geometry_source,,64,,,,,appearance_reference,True,311.784,83.455704,0,147,0.24650574,52.589306,1.1916516,observed_content_signal
IMG20260912132237.jpg,b3285c2af24fd525a73a3d1038918e13c41f64e99bdc068fd3530b9b04735600,4665794,3072,4080,JPEG,1,OPPO,OPPO Reno12 F,,,,,,,,,,,2026:09:12 13:22:37,appearance,appearance_reference,appearance,,False,not_geometry_source,,65,,,,,appearance_reference,True,306.0462,83.05011,0,146,0.24633789,52.613224,1.2424182,observed_content_signal
IMG20260912132238.jpg,019564848349728c9df7c1a539bc648737381e993774ff95cdeaa75609634182,4644584,3072,4080,JPEG,1,OPPO,OPPO Reno12 F,,,,,,,,,,,2026:09:12 13:22:38,appearance,appearance_reference,appearance,,False,not_geometry_source,,66,,,,,appearance_reference,True,304.5426,82.860794,0,146,0.24629211,52.670551,1.2755209,observed_content_signal
IMG20260912132240.jpg,9edadb6c32f0265b94e2ca2bf470aa2b008e33aa05574342661a34ec60d67ceb,4536745,3072,4080,JPEG,1,OPPO,OPPO Reno12 F,,,,,,,,,,,2026:09:12 13:22:40,appearance,appearance_reference,appearance,,False,not_geometry_source,,67,,,,,appearance_reference,True,302.83038,82.603958,0,146,0.24630737,52.731159,1.3142996,observed_content_signal
IMG20260912132242.jpg,cfc460993b5b3d2a8cb2782ef569b8c6948a1dbf95d29e1816666685652fb074,4520740,3072,4080,JPEG,1,OPPO,OPPO Reno12 F,,,,,,,,,,,2026:09:12 13:22:42,appearance,appearance_reference,appearance,,False,not_geometry_source,,68,,,,,appearance_reference,True,303.74054,82.368759,0,146,0.24633789,52.831017,1.3626466,observed_content_signal
IMG20260912132244.jpg,b7b3690804af136b905e92693f4615e525a691ac3a09e1f73d60d8c0f4527c9d,4601164,3072,4080,JPEG,1,OPPO,OPPO Reno12 F,,,,,,,,,,,2026:09:12 13:22:44,appearance,appearance_reference,appearance,,False,not_geometry_source,,69,,,,,appearance_reference,True,301.30566,82.183472,0,145,0.24655151,52.896488,1.392455,observed_content_signal
IMG20260912132246.jpg,7329ae1529fcd1e7c8f00a4c381fffbf77069260603c01527db7c4465d8fc017,4699962,3072,4080,JPEG,1,OPPO,OPPO Reno12 F,,,,,,,,,,,2026:09:12 13:22:46,appearance,appearance_reference,appearance,,False,not_geometry_source,,70,,,,,appearance_reference,True,302.65436,82.203705,0,145,0.24656677,52.911644,1.3985654,observed_content_signal
IMG20260912132247.jpg,842f38266eb8b9acf0702eef9e5270199f7653f0d78d7c4c29335c7d23917610,4615107,3072,4080,JPEG,1,OPPO,OPPO Reno12 F,,,,,,,,,,,2026:09:12 13:22:47,appearance,appearance_reference,appearance,,False,not_geometry_source,,71,,,,,appearance_reference,True,306.08093,82.398544,0,145,0.24661255,52.761684,1.3784295,observed_content_signal
IMG20260912132249.jpg,b67d35935c5908a08b80fe53524316eda99599d7dc57acdf62c1e836f0246517,4682725,3072,4080,JPEG,1,OPPO,OPPO Reno12 F,,,,,,,,,,,2026:09:12 13:22:49,appearance,appearance_reference,appearance,,False,not_geometry_source,,72,,,,,appearance_reference,True,306.03064,82.693436,0,145,0.24662781,52.592785,1.3118367,observed_content_signal
IMG20260912132251.jpg,55faaa35cae40ea32a14b9233f6ffc9f85a9918f656863e11c283e85deb8292b,4757336,3072,4080,JPEG,1,OPPO,OPPO Reno12 F,,,,,,,,,,,2026:09:12 13:22:51,appearance,appearance_reference,appearance,,False,not_geometry_source,,73,,,,,appearance_reference,True,308.61743,83.199799,0,145,0.24662781,52.454235,1.2353051,observed_content_signal
IMG20260912132252.jpg,d427681c750e7a371ecc23435dbe5f2147d6c7e264a414013f55964b67ffeb7b,4446505,3072,4080,JPEG,1,OPPO,OPPO Reno12 F,,,,,,,,,,,2026:09:12 13:22:52,appearance,appearance_reference,appearance,,False,not_geometry_source,,74,,,,,appearance_reference,True,309.4407,83.716217,0,146,0.24682617,52.322968,1.1642503,observed_content_signal
IMG20260912132254.jpg,ac3481983e9365ea4acf30855681547996086975f3ac7135a0b2684109bd2d91,4521434,3072,4080,JPEG,1,OPPO,OPPO Reno12 F,,,,,,,,,,,2026:09:12 13:22:54,appearance,appearance_reference,appearance,,False,not_geometry_source,,75,,,,,appearance_reference,True,311.65939,84.147659,0,146,0.24673462,52.25737,1.1072435,observed_content_signal
IMG20260912132256.jpg,21a4a3a062f43dc9bd590d8f94f7d1fce8a94904fda11d25c5109aa27ca20499,4760482,3072,4080,JPEG,1,OPPO,OPPO Reno12 F,,,,,,,,,,,2026:09:12 13:22:56,appearance,appearance_reference,appearance,,False,not_geometry_source,,76,,,,,appearance_reference,True,315.89325,84.329132,0,146,0.24667358,52.078846,1.0641844,observed_content_signal
IMG20260912132258.jpg,d21f1f4fa854a1e2b9c1de850cbc428473933e76924e0aa43fcfedc064ce70b9,4621267,3072,4080,JPEG,1,OPPO,OPPO Reno12 F,,,,,,,,,,,2026:09:12 13:22:58,appearance,appearance_reference,appearance,,False,not_geometry_source,,77,,,,,appearance_reference,True,321.81476,84.480377,0,146,0.24674988,52.028076,1.0543398,observed_content_signal
IMG20260912132300.jpg,0282ba893006981562fac1f10fe792551bf3aa4ff9da8cdf4a082d2396c0b4da,4755353,3072,4080,JPEG,1,OPPO,OPPO Reno12 F,,,,,,,,,,,2026:09:12 13:23:00,appearance,appearance_reference,appearance,,False,not_geometry_source,,78,,,,,appearance_reference,True,318.6593,84.474625,0,146,0.24662781,51.890701,1.0409831,observed_content_signal
IMG20260912132301.jpg,6a873d57c45e7a6fe64dc971db1d5e4270640a4ebb733c6c9a74d4955114e4fb,4632013,3072,4080,JPEG,1,OPPO,OPPO Reno12 F,,,,,,,,,,,2026:09:12 13:23:01,appearance,appearance_reference,appearance,,False,not_geometry_source,,79,,,,,appearance_reference,True,317.71777,84.478668,0,147,0.24664307,51.822201,1.0414078,observed_content_signal
IMG20260912132303.jpg,6d25d56d2fa84066e35906ab3b1d2bd9f6967ab9c4cb81c46154926b2815359a,4740981,3072,4080,JPEG,1,OPPO,OPPO Reno12 F,,,,,,,,,,,2026:09:12 13:23:03,appearance,appearance_reference,appearance,,False,not_geometry_source,,80,,,,,appearance_reference,True,320.54144,84.449982,0,147,0.24662781,51.773064,1.04576,observed_content_signal
IMG20260912132306.jpg,f906be145001d612f17798678b92115ac9f93e87ffb741429552f276f5cd8ca7,4645066,3072,4080,JPEG,1,OPPO,OPPO Reno12 F,,,,,,,,,,,2026:09:12 13:23:06,appearance,appearance_reference,appearance,,False,not_geometry_source,,81,,,,,appearance_reference,True,327.22195,84.92662,0,148,0.24665833,52.051353,1.0572268,observed_content_signal
IMG20260912132307.jpg,d75672fa5fca97bcc575ad9eb3b1a5e3b4c3344cc9cb96540f1826ae62ff99b3,4615929,3072,4080,JPEG,1,OPPO,OPPO Reno12 F,,,,,,,,,,,2026:09:12 13:23:07,appearance,appearance_reference,appearance,,False,not_geometry_source,,82,,,,,appearance_reference,True,334.88242,84.937302,0,148,0.24671936,52.100044,1.0767489,observed_content_signal
IMG20260912132309.jpg,e04bb7d3a7c9798c3332d2a7cd79274272ff469bd6cb29f32063e8f2610b8d83,4597920,3072,4080,JPEG,1,OPPO,OPPO Reno12 F,,,,,,,,,,,2026:09:12 13:23:09,appearance,appearance_reference,appearance,,False,not_geometry_source,,83,,,,,appearance_reference,True,339.85095,85.090103,0,150,0.24684143,52.238171,1.0736173,observed_content_signal
IMG20260912132310.jpg,6a8c5ccf3082d87d1b29531789fdd2eff9804e21a730149cf5bafefbfefdde1e,4673077,3072,4080,JPEG,1,OPPO,OPPO Reno12 F,,,,,,,,,,,2026:09:12 13:23:10,appearance,appearance_reference,appearance,,False,not_geometry_source,,84,,,,,appearance_reference,True,340.92169,85.213837,0,150,0.24690247,52.329811,1.0603815,observed_content_signal
IMG20260912132312.jpg,5440f1f078ef1a163655b1b91e98c5b3162023cc9a4506f3d4ebd57eb1d4f537,4729339,3072,4080,JPEG,1,OPPO,OPPO Reno12 F,,,,,,,,,,,2026:09:12 13:23:12,appearance,appearance_reference,appearance,,False,not_geometry_source,,85,,,,,appearance_reference,True,343.00201,85.404984,0,150,0.24684143,52.422337,1.0344824,observed_content_signal
IMG20260912132444.jpg,75116fa705b6337f3eee38728be5204e71363be46113b2ad013183e6648108ef,4355007,3072,4080,JPEG,1,OPPO,OPPO Reno12 F,,,,,,,,,,,2026:09:12 13:24:44,appearance,appearance_reference,appearance,,False,not_geometry_source,,86,,,,,appearance_reference,True,520.0553,75.597153,0,143,0.24992371,49.846249,0.83888385,observed_content_signal
IMG20260912132449.jpg,8dac43ce199e1772cf6ba81fffbb598f971e6e7cb65dc907aa0e29d7a6eb913b,4360542,3072,4080,JPEG,1,OPPO,OPPO Reno12 F,,,,,,,,,,,2026:09:12 13:24:49,appearance,appearance_reference,appearance,,False,not_geometry_source,,87,,,,,appearance_reference,True,519.86853,75.355881,0,143,0.25,49.767567,0.83989157,observed_content_signal
IMG20260912132457.jpg,b32ddbf01c79744705ca6230ea90d2239bbcf9bae44aba7b310206d66c6a770d,4324912,3072,4080,JPEG,1,OPPO,OPPO Reno12 F,,,,,,,,,,,2026:09:12 13:24:57,appearance,appearance_reference,appearance,,False,not_geometry_source,,88,,,,,appearance_reference,True,523.91693,75.273773,0,143,0.2505188,49.825386,0.84218443,observed_content_signal
IMG20260912132502.jpg,82db61c69c084d7b905065e22106b250ea7174581c1cac2181028755cb76f491,4322743,3072,4080,JPEG,1,OPPO,OPPO Reno12 F,,,,,,,,,,,2026:09:12 13:25:02,appearance,appearance_reference,appearance,,False,not_geometry_source,,89,,,,,appearance_reference,True,521.54608,75.2146,0,143,0.25030518,49.819824,0.84381747,observed_content_signal
IMG20260912132510.jpg,305c9b7796aecd72ec4da2098ecf57c74c1c364b750ecac4edeff9df6132b598,4325248,3072,4080,JPEG,1,OPPO,OPPO Reno12 F,,,,,,,,,,,2026:09:12 13:25:10,appearance,appearance_reference,appearance,,False,not_geometry_source,,90,,,,,appearance_reference,True,519.02386,75.142517,0,143,0.25054932,49.832745,0.8452894,observed_content_signal
IMG20260912132518.jpg,945d86a3936899f86924eeda507d2b578edb53136f870e099a0a10d88d5786cd,4367572,3072,4080,JPEG,1,OPPO,OPPO Reno12 F,,,,,,,,,,,2026:09:12 13:25:18,appearance,appearance_reference,appearance,,False,not_geometry_source,,91,,,,,appearance_reference,True,519.8783,75.064011,0,143,0.25021362,49.845604,0.84584843,observed_content_signal
IMG20260912132526.jpg,2e4de0ce4a6f7488674284e23933bdfe4c66681bd67724ef6da16e58155bbc86,4369020,3072,4080,JPEG,1,OPPO,OPPO Reno12 F,,,,,,,,,,,2026:09:12 13:25:26,appearance,appearance_reference,appearance,,False,not_geometry_source,,92,,,,,appearance_reference,True,520.41998,75.174362,0,143,0.25,49.871582,0.84762622,observed_content_signal
IMG20260912132526_01.jpg,52abb794a858b17866db540fd12d8f6b91479304500b4f808664b3fbb1ae1b25,4366924,3072,4080,JPEG,1,OPPO,OPPO Reno12 F,,,,,,,,,,,2026:09:12 13:25:26,appearance,appearance_reference,appearance,,False,not_geometry_source,,93,,,,,appearance_reference,True,522.06604,75.17215,0,143,0.25003052,49.868137,0.84719661,observed_content_signal
IMG20260912132532.jpg,75fe15df7074be4dccccbe7a5725227471be7eee6f8efd4989dbd1d95d5e53e0,4315439,3072,4080,JPEG,1,OPPO,OPPO Reno12 F,,,,,,,,,,,2026:09:12 13:25:32,appearance,appearance_reference,appearance,,False,not_geometry_source,,94,,,,,appearance_reference,True,529.78497,75.04483,0,143,0.25056458,49.856808,0.84796841,observed_content_signal
IMG20260912132537.jpg,2866e8e363f3c2222913df5dc458c9a42b11d5c691d979ce85fe25232d662910,4365925,3072,4080,JPEG,1,OPPO,OPPO Reno12 F,,,,,,,,,,,2026:09:12 13:25:37,appearance,appearance_reference,appearance,,False,not_geometry_source,,95,,,,,appearance_reference,True,516.86182,75.004211,0,143,0.24993896,49.849834,0.84842983,observed_content_signal
IMG20260912132541.jpg,0e32bc5e39487fe4c9c39b5cd079232987c141455dcacecf7954c2136365be30,4327508,3072,4080,JPEG,1,OPPO,OPPO Reno12 F,,,,,,,,,,,2026:09:12 13:25:41,appearance,appearance_reference,appearance,,False,not_geometry_source,,96,,,,,appearance_reference,True,510.68137,74.926208,0,143,0.24998474,49.840736,0.84627406,observed_content_signal
IMG20260912132548.jpg,294590a443391d20713668b1f6402b6ebeb8e2caea6f7b44eb0cf424a97c5827,4364108,3072,4080,JPEG,1,OPPO,OPPO Reno12 F,,,,,,,,,,,2026:09:12 13:25:48,appearance,appearance_reference,appearance,,False,not_geometry_source,,97,,,,,appearance_reference,True,502.4202,75.023407,0,143,0.25013733,49.853924,0.84842034,observed_content_signal
IMG20260912132553.jpg,eaa9ba062da8b17961dc00605e7d785fe4dfdfe152408828299ebd66faa073cc,4334318,3072,4080,JPEG,1,OPPO,OPPO Reno12 F,,,,,,,,,,,2026:09:12 13:25:53,appearance,appearance_reference,appearance,,False,not_geometry_source,,98,,,,,appearance_reference,True,503.806,74.934814,0,143,0.25003052,49.809555,0.84800372,observed_content_signal
IMG20260912132600.jpg,f61545c82d9653de7922ceb8752847cf2b670052f4837a70b510fc95e7911a2a,4355124,3072,4080,JPEG,1,OPPO,OPPO Reno12 F,,,,,,,,,,,2026:09:12 13:26:00,appearance,appearance_reference,appearance,,False,not_geometry_source,,99,,,,,appearance_reference,True,492.94348,75.084183,0,143,0.25,49.799084,0.84933839,observed_content_signal
IMG20260912132604.jpg,72c855c7827bc86b699a840f2ae7df4dd115ee2c54a7cbab7a90939957bd6dae,4346021,3072,4080,JPEG,1,OPPO,OPPO Reno12 F,,,,,,,,,,,2026:09:12 13:26:04,appearance,appearance_reference,appearance,,False,not_geometry_source,,100,,,,,appearance_reference,True,505.33429,75.165146,0,143,0.24987793,49.846893,0.85161137,observed_content_signal
IMG20260912132610.jpg,beebf4e3a9c5d7c0f20ff880681efcb47ebf6a9a655c302d8a4891f640da46e3,4317351,3072,4080,JPEG,1,OPPO,OPPO Reno12 F,,,,,,,,,,,2026:09:12 13:26:10,appearance,appearance_reference,appearance,,False,not_geometry_source,,101,,,,,appearance_reference,True,506.03638,74.999863,0,143,0.25027466,49.837883,0.84418212,observed_content_signal
IMG20260912132615.jpg,08534dee9f4d523429300a3156570012ff9b591d871d03f154f9850afe2b8fed,4297981,3072,4080,JPEG,1,OPPO,OPPO Reno12 F,,,,,,,,,,,2026:09:12 13:26:15,appearance,appearance_reference,appearance,,False,not_geometry_source,,102,,,,,appearance_reference,True,505.52222,74.965317,0,143,0.25053406,49.874039,0.84228551,observed_content_signal
IMG20260912132621.jpg,c424f5086fef1bca49deb511b8bb4c093db0ff465c0fc1d95dd558a2ec9543ba,4323758,3072,4080,JPEG,1,OPPO,OPPO Reno12 F,,,,,,,,,,,2026:09:12 13:26:21,appearance,appearance_reference,appearance,,False,not_geometry_source,,103,,,,,appearance_reference,True,523.90723,75.029526,0,143,0.25050354,49.957901,0.84536456,observed_content_signal
IMG20260912132626.jpg,8d9e66b5ef48b1d0eb501ad35c8db85482b377ea5d970757ea4180d4541205b9,4340684,3072,4080,JPEG,1,OPPO,OPPO Reno12 F,,,,,,,,,,,2026:09:12 13:26:26,appearance,appearance_reference,appearance,,False,not_geometry_source,,104,,,,,appearance_reference,True,523.28729,75.010117,0,143,0.25042725,49.901302,0.84807167,observed_content_signal
IMG20260912132630.jpg,64da0829d195b514130f7b539d93e3bcc2f34e6207e31613475e6481a89501f2,4329901,3072,4080,JPEG,1,OPPO,OPPO Reno12 F,,,,,,,,,,,2026:09:12 13:26:30,appearance,appearance_reference,appearance,,False,not_geometry_source,,105,,,,,appearance_reference,True,518.51868,75.070816,0,143,0.25068665,49.889256,0.84870904,observed_content_signal
IMG20260912132635.jpg,08a1cccc3ed65144461e82a0804b6a90e278af6635855711ba6277b476196fd4,4300411,3072,4080,JPEG,1,OPPO,OPPO Reno12 F,,,,,,,,,,,2026:09:12 13:26:35,appearance,appearance_reference,appearance,,False,not_geometry_source,,106,,,,,appearance_reference,True,510.08557,74.979279,0,143,0.25071716,49.791344,0.84670967,observed_content_signal
IMG20260912132639.jpg,839d3c24d39bc1ac720430f9742a67af5dee3a12876893a85fd682f6e3730c32,4356268,3072,4080,JPEG,1,OPPO,OPPO Reno12 F,,,,,,,,,,,2026:09:12 13:26:39,appearance,appearance_reference,appearance,,False,not_geometry_source,,107,,,,,appearance_reference,True,506.50226,74.927399,0,143,0.25021362,49.790272,0.84573608,observed_content_signal
IMG20260912132642.jpg,dafeeb61ea2fa0219d5717e0375fa4b3e3e198f007ea96b7691a45d0f2039c0e,4341846,3072,4080,JPEG,1,OPPO,OPPO Reno12 F,,,,,,,,,,,2026:09:12 13:26:42,appearance,appearance_reference,appearance,,False,not_geometry_source,,108,,,,,appearance_reference,True,505.86957,74.995148,0,143,0.25021362,49.830051,0.84862004,observed_content_signal
IMG20260912132649.jpg,d50ceb6dde9a339a5f126949a9dc11bca1ace50c7a45471cc9e72f4be6957c5b,4109067,3072,4080,JPEG,1,OPPO,OPPO Reno12 F,,,,,,,,,,,2026:09:12 13:26:49,appearance,appearance_reference,appearance,,False,not_geometry_source,,109,,,,,appearance_reference,True,508.82803,75.101517,0,146,0.25021362,49.966663,0.85457417,observed_content_signal
IMG20260912132653.jpg,bf39eb4968baf56b7e341574c532e87771c5fd65c240b54f727e32c16e3832e0,4328733,3072,4080,JPEG,1,OPPO,OPPO Reno12 F,,,,,,,,,,,2026:09:12 13:26:53,appearance,appearance_reference,appearance,,False,not_geometry_source,,110,,,,,appearance_reference,True,494.37878,74.995453,0,143,0.25003052,49.868668,0.84879567,observed_content_signal
IMG20260912132657.jpg,58632a5e68e02a3c7f033c832917b234444ad1b5ec61828f7c093295f925a450,4334816,3072,4080,JPEG,1,OPPO,OPPO Reno12 F,,,,,,,,,,,2026:09:12 13:26:57,appearance,appearance_reference,appearance,,False,not_geometry_source,,111,,,,,appearance_reference,True,497.95123,74.932999,0,143,0.24963379,49.891193,0.84698651,observed_content_signal
IMG20260912132702.jpg,0eb871877f70b4e3f57d93465d488f8082b424033ebb478159c1a49dd5847ced,4346278,3072,4080,JPEG,1,OPPO,OPPO Reno12 F,,,,,,,,,,,2026:09:12 13:27:02,appearance,appearance_reference,appearance,,False,not_geometry_source,,112,,,,,appearance_reference,True,499.73599,74.866241,0,143,0.24964905,49.900738,0.84482518,observed_content_signal
IMG20260912132706.jpg,bd206e7e960331f00105ec49d57c91a0679363621edb4de5f67febbb3a96f19a,4343622,3072,4080,JPEG,1,OPPO,OPPO Reno12 F,,,,,,,,,,,2026:09:12 13:27:06,appearance,appearance_reference,appearance,,False,not_geometry_source,,113,,,,,appearance_reference,True,505.31552,74.809021,0,143,0.25041199,49.877178,0.8493698,observed_content_signal
IMG20260912132710.jpg,8ccff9c871403116100ba4d522298825c860a52f9fdd918c1affddf893aa5007,4214998,3072,4080,JPEG,1,OPPO,OPPO Reno12 F,,,,,,,,,,,2026:09:12 13:27:10,appearance,appearance_reference,appearance,,False,not_geometry_source,,114,,,,,appearance_reference,True,511.32751,74.947098,0,144,0.24984741,49.912292,0.85499208,observed_content_signal
IMG20260912132714.jpg,beb00c2a56cd5638f736af650adb82dbafed69efea9fb1a0f0cb6d4d05c8b842,4347532,3072,4080,JPEG,1,OPPO,OPPO Reno12 F,,,,,,,,,,,2026:09:12 13:27:14,appearance,appearance_reference,appearance,,False,not_geometry_source,,115,,,,,appearance_reference,True,519.19263,74.892014,0,143,0.25006104,49.899265,0.85281153,observed_content_signal
IMG20260912132718.jpg,c7cbdee23d1af3725c3c3981fa3c32ba66628a15b768fae78439dc4c576fff0a,4324165,3072,4080,JPEG,1,OPPO,OPPO Reno12 F,,,,,,,,,,,2026:09:12 13:27:18,appearance,appearance_reference,appearance,,False,not_geometry_source,,116,,,,,appearance_reference,True,514.65259,74.848404,0,144,0.25003052,49.891087,0.85333603,observed_content_signal
IMG20260912132721.jpg,e3d968c197071d9e730ef14b24a8ecfcea54b806bc5ea64525bf129b629b0672,4325557,3072,4080,JPEG,1,OPPO,OPPO Reno12 F,,,,,,,,,,,2026:09:12 13:27:21,appearance,appearance_reference,appearance,,False,not_geometry_source,,117,,,,,appearance_reference,True,514.16199,74.856613,0,144,0.25024414,49.865086,0.85120864,observed_content_signal
IMG20260912132725.jpg,a1bce47b58693bbe4e9d49833ef755321ab6fda37f93241777cb4f54c4e333d4,4326729,3072,4080,JPEG,1,OPPO,OPPO Reno12 F,,,,,,,,,,,2026:09:12 13:27:25,appearance,appearance_reference,appearance,,False,not_geometry_source,,118,,,,,appearance_reference,True,523.44977,74.754654,0,144,0.24981689,49.798553,0.8498693,observed_content_signal
IMG20260912132729.jpg,16999cd19194c508d842c3da40cbe056c1e70e95ab60fdeb39688e6ae5552715,4343584,3072,4080,JPEG,1,OPPO,OPPO Reno12 F,,,,,,,,,,,2026:09:12 13:27:29,appearance,appearance_reference,appearance,,False,not_geometry_source,,119,,,,,appearance_reference,True,524.33264,74.692139,0,144.64999,0.24966431,49.829876,0.8463146,observed_content_signal
IMG20260912132732.jpg,b016acb33c641efc44a8a47bbd08d25495d69d36afdabaceaa06471589c7a01d,4320215,3072,4080,JPEG,1,OPPO,OPPO Reno12 F,,,,,,,,,,,2026:09:12 13:27:32,appearance,appearance_reference,appearance,,False,not_geometry_source,,120,,,,,appearance_reference,True,547.04089,74.862732,0,144.64999,0.25003052,49.883488,0.85118715,observed_content_signal
IMG20260912132736.jpg,e04e14fe255bcf4121e03b3eed67516b8fbd9f8d39f11605deda3dc8e10b1176,4375099,3072,4080,JPEG,1,OPPO,OPPO Reno12 F,,,,,,,,,,,2026:09:12 13:27:36,appearance,appearance_reference,appearance,,False,not_geometry_source,,121,,,,,appearance_reference,True,545.54773,74.74353,0,144,0.25036621,49.825741,0.84611528,observed_content_signal
IMG20260912132740.jpg,215183e97483a80a97133fa4ba2dc7aeb3eb1df4b5222bd73bd2a3dc78ea8deb,4367066,3072,4080,JPEG,1,OPPO,OPPO Reno12 F,,,,,,,,,,,2026:09:12 13:27:40,appearance,appearance_reference,appearance,,False,not_geometry_source,,122,,,,,appearance_reference,True,546.99207,74.837845,0,144,0.25006104,49.865536,0.84890935,observed_content_signal
IMG20260912133045.jpg,71330ae7578caad921b5d602baeb9d45d25d1afef01482449eca525b0c99ff35,3326841,3072,4080,JPEG,1,OPPO,OPPO Reno12 F,,,,,,,,,,,2026:09:12 13:30:45,appearance,appearance_reference,appearance,,False,not_geometry_source,,123,,,,,appearance_reference,True,1064.0054,123.77873,0,219,0.24951172,81.027138,0.86419354,observed_content_signal
IMG20260912133048.jpg,e4209100fa97d2794a8ab974884e9e974e67cb8a5d2040c3c454183134efbb50,3360974,3072,4080,JPEG,1,OPPO,OPPO Reno12 F,,,,,,,,,,,2026:09:12 13:30:48,appearance,appearance_reference,appearance,,False,not_geometry_source,,124,,,,,appearance_reference,True,1064.7729,118.66701,0,216,0.2492218,79.499054,0.89973914,observed_content_signal
IMG20260912133051.jpg,ecaca172fa53fa7ea4cac2874bfabf5d64a6bf501df36c46306ad302f194f127,3311954,3072,4080,JPEG,1,OPPO,OPPO Reno12 F,,,,,,,,,,,2026:09:12 13:30:51,appearance,appearance_reference,appearance,,False,not_geometry_source,,125,,,,,appearance_reference,True,1056.3354,118.33981,0,220,0.24935913,80.871597,0.96564291,observed_content_signal
IMG20260912133054.jpg,effc0bcc8ecc3e80cfefae07c74231ca71f5a7174ea75518e97a5b36c7260882,3071660,3072,4080,JPEG,1,OPPO,OPPO Reno12 F,,,,,,,,,,,2026:09:12 13:30:54,appearance,appearance_reference,appearance,,False,not_geometry_source,,126,,,,,appearance_reference,True,1013.1379,117.34,0,224,0.24681091,82.370857,1.0859037,observed_content_signal
IMG20260912133059.jpg,f8b30bfb38703cef49d287e14784650e81b41f711808eec80488544f29f1bd79,3302748,3072,4080,JPEG,1,OPPO,OPPO Reno12 F,,,,,,,,,,,2026:09:12 13:30:59,appearance,appearance_reference,appearance,,False,not_geometry_source,,127,,,,,appearance_reference,True,1035.5359,120.66621,0,218,0.24858093,79.285179,0.86289442,observed_content_signal
IMG20260912133103.jpg,9f4dda55d62fa90e8a448104f0d77ba124c77cc595ed2594061bffabc5d0f5fe,3230502,3072,4080,JPEG,1,OPPO,OPPO Reno12 F,,,,,,,,,,,2026:09:12 13:31:03,appearance,appearance_reference,appearance,,False,not_geometry_source,,128,,,,,appearance_reference,True,952.45538,114.44905,0,211,0.24632263,74.842163,0.78943653,observed_content_signal
IMG20260912133106.jpg,f15c06a0aa32f860101a24649848a7cd84451ec07dea8bac5d8bd23c82aa66d6,3482468,3072,4080,JPEG,1,OPPO,OPPO Reno12 F,,,,,,,,,,,2026:09:12 13:31:06,appearance,appearance_reference,appearance,,False,not_geometry_source,,129,,,,,appearance_reference,True,1052.0509,119.23225,0,216,0.24725342,77.541588,0.74256593,observed_content_signal
IMG20260912133108.jpg,6a6f1c72f9293663a10c48577100c7bfc024bd17f6a55b61604393dc2fa5b930,3264984,3072,4080,JPEG,1,OPPO,OPPO Reno12 F,,,,,,,,,,,2026:09:12 13:31:08,appearance,appearance_reference,appearance,,False,not_geometry_source,,130,,,,,appearance_reference,True,1078.3062,127.78647,0,222,0.24725342,82.641136,0.84163051,observed_content_signal
IMG20260912133111.jpg,a8cb903e53d11283060f219760d11293c16350a4e85bcb2d171bb8a239c9bf46,3371313,3072,4080,JPEG,1,OPPO,OPPO Reno12 F,,,,,,,,,,,2026:09:12 13:31:11,appearance,appearance_reference,appearance,,False,not_geometry_source,,131,,,,,appearance_reference,True,1109.0476,125.28279,0,222,0.24697876,83.071785,1.1076582,observed_content_signal
IMG20260912133113.jpg,b4f168c9879842a6b917c882b83b228a31a5db0ccd5bd95a2d1291414ab72fa2,3209419,3072,4080,JPEG,1,OPPO,OPPO Reno12 F,,,,,,,,,,,2026:09:12 13:31:13,appearance,appearance_reference,appearance,,False,not_geometry_source,,132,,,,,appearance_reference,True,1002.8707,124.2081,0,223,0.24620056,83.269928,1.2125222,observed_content_signal
IMG20260912133119.jpg,181fad4aef93d9d931f061843dfbb328a0fd7f0d695ce1cda585abc586673d3b,2464742,3072,4080,JPEG,1,OPPO,OPPO Reno12 F,,,,,,,,,,,2026:09:12 13:31:19,appearance,appearance_reference,appearance,,False,not_geometry_source,,133,,,,,appearance_reference,True,1024.6445,113.2307,0,224,0.24650574,81.199249,0.5138087,observed_content_signal
IMG20260912133122.jpg,a15721de6254a96b4837b5da652d3aa6671cf25c6caa6de257ff25d9d3764662,2226646,3072,4080,JPEG,1,OPPO,OPPO Reno12 F,,,,,,,,,,,2026:09:12 13:31:22,appearance,appearance_reference,appearance,,False,not_geometry_source,,134,,,,,appearance_reference,True,992.48328,113.28094,0,222,0.24645996,80.264778,0.57787391,observed_content_signal
IMG20260912133126.jpg,40206aa9ce5ed7da7d3255279db00d7b181f4d8b79a624a830f1cdbc738b33fe,2428903,3072,4080,JPEG,1,OPPO,OPPO Reno12 F,,,,,,,,,,,2026:09:12 13:31:26,appearance,appearance_reference,appearance,,False,not_geometry_source,,135,,,,,appearance_reference,True,933.91016,110.70035,0,233,0.24806213,78.763145,0.62050886,observed_content_signal
IMG20260912133128.jpg,752955f1bbabd06a1cfeb6925415d7419279136878f42cf4596ea2e3dd777fcc,2336452,3072,4080,JPEG,1,OPPO,OPPO Reno12 F,,,,,,,,,,,2026:09:12 13:31:28,appearance,appearance_reference,appearance,,False,not_geometry_source,,136,,,,,appearance_reference,True,795.01855,104.86739,0,255,0.28875732,79.875725,0.48109463,observed_content_signal
IMG20260912133132.jpg,6cc2e3dc63ab80518f3ec671c7bb7ceeaf371801a20bbb15069641b024162107,3116575,3072,4080,JPEG,1,OPPO,OPPO Reno12 F,,,,,,,,,,,2026:09:12 13:31:32,appearance,appearance_reference,appearance,,False,not_geometry_source,,137,,,,,appearance_reference,True,934.49292,122.41,0,220,0.2464447,82.373337,0.74623943,observed_content_signal
IMG20260912133135.jpg,9d852e170239d888186342428a9b843fcee3f238b290cd83e1d282b0f3eda15b,2312796,3072,4080,JPEG,1,OPPO,OPPO Reno12 F,,,,,,,,,,,2026:09:12 13:31:35,appearance,appearance_reference,appearance,,False,not_geometry_source,,138,,,,,appearance_reference,True,826.26221,112.76514,0,219,0.24708557,80.134537,0.91182906,observed_content_signal
IMG20260912133139.jpg,a204d7fee3a10629faf25b23e20d2dc2870c9f11d046164cfd03d08af5f539ba,3146412,3072,4080,JPEG,1,OPPO,OPPO Reno12 F,,,,,,,,,,,2026:09:12 13:31:39,appearance,appearance_reference,appearance,,False,not_geometry_source,,139,,,,,appearance_reference,True,922.68494,121.16861,0,217,0.2462616,82.259277,0.81894195,observed_content_signal
IMG20260912133213.jpg,8f2a423a75f3e244fe6e341b6eee972ab5b18ce9e36bf9ff7cb0ee5271bcf346,3098255,3072,4080,JPEG,1,OPPO,OPPO Reno12 F,,,,,,,,,,,2026:09:12 13:32:13,appearance,appearance_reference,appearance,,False,not_geometry_source,,140,,,,,appearance_reference,True,981.69971,119.70357,0,218,0.24668884,82.212234,1.528012,observed_content_signal
IMG20260912133217.jpg,ff338bb69b973f4a8cff69c7e0fd0af0a5694e8e3473711c6d89c90e19284369,3051788,3072,4080,JPEG,1,OPPO,OPPO Reno12 F,,,,,,,,,,,2026:09:12 13:32:17,appearance,appearance_reference,appearance,,False,not_geometry_source,,141,,,,,appearance_reference,True,975.5885,112.08745,0,228,0.24671936,82.380386,1.3131457,observed_content_signal
IMG20260912133224.jpg,835ab967e4d4239853eedbdbbf6a1afe49ccb6216d4eb31d84e112899855b874,3316438,3072,4080,JPEG,1,OPPO,OPPO Reno12 F,,,,,,,,,,,2026:09:12 13:32:24,appearance,appearance_reference,appearance,,False,not_geometry_source,,142,,,,,appearance_reference,True,1084.5229,121.93037,0,215,0.24864197,79.755447,0.84701909,observed_content_signal
IMG20260912133227.jpg,78d5e29b36fd24b1426420052640acf6ea4202b2a762fb1f05660210891446c3,3205154,3072,4080,JPEG,1,OPPO,OPPO Reno12 F,,,,,,,,,,,2026:09:12 13:32:27,appearance,appearance_reference,appearance,,False,not_geometry_source,,143,,,,,appearance_reference,True,1021.9883,121.80699,0,219,0.2494812,80.289703,0.93511287,observed_content_signal
IMG20260912133232.jpg,cf94ff836a3255da00953d59c2112884822600eeda8f603cc1cf3cbeae1670be,3023167,3072,4080,JPEG,1,OPPO,OPPO Reno12 F,,,,,,,,,,,2026:09:12 13:32:32,appearance,appearance_reference,appearance,,False,not_geometry_source,,144,,,,,appearance_reference,True,938.80096,118.38768,0,221,0.24621582,82.318138,0.82268734,observed_content_signal
IMG20260912133238.jpg,b436d7e1cfed893a0354185faa0a3ef0b1077e661d53f4e046d51e929fef9bb9,3151189,3072,4080,JPEG,1,OPPO,OPPO Reno12 F,,,,,,,,,,,2026:09:12 13:32:38,appearance,appearance_reference,appearance,,False,not_geometry_source,,145,,,,,appearance_reference,True,1234.4523,101.87126,0,222,0.24609375,73.625923,0.72022672,observed_content_signal
IMG20260912133240.jpg,303215274c4481853760a79c7dee7b66aa41e39ccd141205666bbae328e50e91,3138219,3072,4080,JPEG,1,OPPO,OPPO Reno12 F,,,,,,,,,,,2026:09:12 13:32:40,appearance,appearance_reference,appearance,,False,not_geometry_source,,146,,,,,appearance_reference,True,1191.946,106.27229,0,225,0.24609375,75.625954,0.73984773,observed_content_signal
IMG20260912133242.jpg,f19400b8b2746c6564fe2095765d693463205fa46333e78345c7f466940be609,2729728,3072,4080,JPEG,1,OPPO,OPPO Reno12 F,,,,,,,,,,,2026:09:12 13:32:42,appearance,appearance_reference,appearance,,False,not_geometry_source,,147,,,,,appearance_reference,True,1125.9736,108.06108,0,226,0.24620056,77.326126,0.73607068,observed_content_signal
IMG20260912133247.jpg,3a07cbc00465722ae8fe2d9030e92f89ea8b9f77b6f9b4629bb8b62f74d0d59e,3100046,3072,4080,JPEG,1,OPPO,OPPO Reno12 F,,,,,,,,,,,2026:09:12 13:32:47,appearance,appearance_reference,appearance,,False,not_geometry_source,,148,,,,,appearance_reference,True,1107.876,105.51762,0,218,0.24609375,74.724144,0.8173743,observed_content_signal
IMG20260912133248.jpg,26166ae935c7b1aa8501441cb80c41d414b3f38958a06f338025961ebb870ec3,3057946,3072,4080,JPEG,1,OPPO,OPPO Reno12 F,,,,,,,,,,,2026:09:12 13:32:48,appearance,appearance_reference,appearance,,False,not_geometry_source,,149,,,,,appearance_reference,True,1150.3977,106.93703,0,214,0.24609375,74.326149,1.165598,observed_content_signal
IMG20260912133249.jpg,9c17e8c913a33df167915f78f4f111e497aa31b07be28a423bd2a63fa9c4af1f,4150600,3072,4080,JPEG,1,OPPO,OPPO Reno12 F,,,,,,,,,,,2026:09:12 13:32:49,appearance,appearance_reference,appearance,,False,not_geometry_source,,150,,,,,appearance_reference,True,976.83014,110.88004,0,219,0.24612427,75.185081,1.0775065,observed_content_signal
IMG20260912133251.jpg,f84e1b9ce829ef1ebf60be0734a4d1b80187b6ab01a31784699d340292982846,3293515,3072,4080,JPEG,1,OPPO,OPPO Reno12 F,,,,,,,,,,,2026:09:12 13:32:51,appearance,appearance_reference,appearance,,False,not_geometry_source,,151,,,,,appearance_reference,True,994.21295,108.69002,0,219,0.24609375,75.860603,1.1659487,observed_content_signal
IMG20260912133252.jpg,cbf9fa3fbc42780aa31cf0dcec9cc6ccd0529399dcd73d7b6ea64dc3da49e232,4363225,3072,4080,JPEG,1,OPPO,OPPO Reno12 F,,,,,,,,,,,2026:09:12 13:32:52,appearance,appearance_reference,appearance,,False,not_geometry_source,,152,,,,,appearance_reference,True,1039.9886,114.71585,0,225,0.24687195,81.88179,1.1152867,observed_content_signal
IMG20260912133255.jpg,ad702d7985cf47aee609a83289e4ab6af745399e39886b2e9ca70b7259e3241e,3212884,3072,4080,JPEG,1,OPPO,OPPO Reno12 F,,,,,,,,,,,2026:09:12 13:32:55,appearance,appearance_reference,appearance,,False,not_geometry_source,,153,,,,,appearance_reference,True,1028.2211,115.19637,0,227,0.2461853,83.8508,1.4424772,observed_content_signal
IMG20260912133259.jpg,c5891339ef8694bc06f7928775de5f1371596788f0c71c9a21b0a6beb198ea44,2313166,3072,4080,JPEG,1,OPPO,OPPO Reno12 F,,,,,,,,,,,2026:09:12 13:32:59,appearance,appearance_reference,appearance,,False,not_geometry_source,,154,,,,,appearance_reference,True,797.22766,109.80446,0,216,0.24630737,72.747681,1.0936531,observed_content_signal
IMG20260912133308.jpg,4321bcb8fe144160df2d0bd3a19cfc6c3d12962b277880f37b87d1e263dc8675,2908519,3072,4080,JPEG,1,OPPO,OPPO Reno12 F,,,,,,,,,,,2026:09:12 13:33:08,appearance,appearance_reference,appearance,,False,not_geometry_source,,155,,,,,appearance_reference,True,858.11816,113.7843,0,221,0.24827576,76.172501,0.90396189,observed_content_signal
IMG20260912133310.jpg,8adcab7ce06eef073c960d8f11899d917b21b3a568b8370348afdb821745b608,2692623,3072,4080,JPEG,1,OPPO,OPPO Reno12 F,,,,,,,,,,,2026:09:12 13:33:10,appearance,appearance_reference,appearance,,False,not_geometry_source,,156,,,,,appearance_reference,True,907.42932,118.95137,0,220,0.24836731,79.839615,0.72232448,observed_content_signal
IMG20260912133313.jpg,471caf60c8bb55b7dc339213bf9dce887138c6b6acfce2bb76a45948920ece2b,2918601,3072,4080,JPEG,1,OPPO,OPPO Reno12 F,,,,,,,,,,,2026:09:12 13:33:13,appearance,appearance_reference,appearance,,False,not_geometry_source,,157,,,,,appearance_reference,True,884.67548,121.99448,0,224,0.24754333,81.931221,0.69506918,observed_content_signal
IMG20260912133317.jpg,4b12be0ffab5bb8057cb5196f92b7928ddd7cfc8d13a79eec162a7483b3ba40b,2754134,3072,4080,JPEG,1,OPPO,OPPO Reno12 F,,,,,,,,,,,2026:09:12 13:33:17,appearance,appearance_reference,appearance,,False,not_geometry_source,,158,,,,,appearance_reference,True,851.34399,115.32356,0,212,0.24665833,76.974731,0.7086992,observed_content_signal
IMG20260912133528.jpg,852f0ab722c4ce8c6f61c7122b2c56f2bd36d4fc4c9eb1c83e021fc372facc27,4583908,3072,4080,JPEG,1,OPPO,OPPO Reno12 F,,,,,,,,,,,2026:09:12 13:35:28,empty_g6,empty_board,empty_g6,,False,not_geometry_source,,159,,,,,v4_phone_rear_26mm,True,269.65308,88.45108,0,150,0.24609375,52.32626,1.0328953,observed_content_signal
IMG20260912133531.jpg,f121aa8e6410813b3a575cf8445510495b5a7dc8628034dc6f58f2d0cd1df55d,4554658,3072,4080,JPEG,1,OPPO,OPPO Reno12 F,,,,,,,,,,,2026:09:12 13:35:31,empty_g6,empty_board,empty_g6,,False,not_geometry_source,,160,,,,,v4_phone_rear_26mm,True,269.13953,88.482193,0,149,0.24609375,52.332104,1.0344956,observed_content_signal
IMG20260912133533.jpg,4caa3b14032de72a154cf4980df80b8d1de7eaec574f2722d14402c23ffbefd3,4433652,3072,4080,JPEG,1,OPPO,OPPO Reno12 F,,,,,,,,,,,2026:09:12 13:35:33,empty_g6,empty_board,empty_g6,,False,not_geometry_source,,161,,,,,v4_phone_rear_26mm,True,267.98804,88.497269,0,149,0.24609375,52.306812,1.0373687,observed_content_signal
IMG20260912133535.jpg,e618b9eef02054fc05be280ed292ace35fd9726ee9f3252ee596b8025a9159f6,4595913,3072,4080,JPEG,1,OPPO,OPPO Reno12 F,,,,,,,,,,,2026:09:12 13:35:35,empty_g6,empty_board,empty_g6,,False,not_geometry_source,,162,,,,,v4_phone_rear_26mm,True,263.50375,88.522827,0,149,0.24609375,52.31797,1.0384534,observed_content_signal
IMG20260912133537.jpg,c93892b93d182a48b2ab3d8f44fc113d50e19b1fb8e76493d879350af909c3e8,4478927,3072,4080,JPEG,1,OPPO,OPPO Reno12 F,,,,,,,,,,,2026:09:12 13:35:37,empty_g6,empty_board,empty_g6,,False,not_geometry_source,,163,,,,,v4_phone_rear_26mm,True,252.51398,88.616348,0,149,0.24609375,52.384846,1.0436769,observed_content_signal
IMG20260912133542.jpg,ce47270fb8dddd706e613af767ed74a26dc521a2e100ee932075f7703273b5dc,4628888,3072,4080,JPEG,1,OPPO,OPPO Reno12 F,,,,,,,,,,,2026:09:12 13:35:42,empty_g6,empty_board,empty_g6,,False,not_geometry_source,,164,,,,,v4_phone_rear_26mm,True,250.34113,88.69043,0,148,0.24609375,52.452179,1.0579113,observed_content_signal
IMG20260912133543.jpg,61950f75ac56d26aa993657db9d4bb4960a037f4beee2cbbcf12cf1648089aef,4612080,3072,4080,JPEG,1,OPPO,OPPO Reno12 F,,,,,,,,,,,2026:09:12 13:35:43,empty_g6,empty_board,empty_g6,,False,not_geometry_source,,165,,,,,v4_phone_rear_26mm,True,249.61755,88.68457,0,148,0.24609375,52.609867,1.0779885,observed_content_signal
IMG20260912133545.jpg,cdd608f71c9f486190981842875257d3b602b370a746145f365fbdf084ff1454,4482264,3072,4080,JPEG,1,OPPO,OPPO Reno12 F,,,,,,,,,,,2026:09:12 13:35:45,empty_g6,empty_board,empty_g6,,False,not_geometry_source,,166,,,,,v4_phone_rear_26mm,True,249.65756,88.611908,0,148,0.24624634,52.710392,1.1000606,observed_content_signal
IMG20260912133547.jpg,7b59f7d667cd32f937694c28aeca2148269c2285c890a08d5d7017442671ed4e,4549748,3072,4080,JPEG,1,OPPO,OPPO Reno12 F,,,,,,,,,,,2026:09:12 13:35:47,empty_g6,empty_board,empty_g6,,False,not_geometry_source,,167,,,,,v4_phone_rear_26mm,True,247.1449,88.538376,0,148,0.24627686,52.73917,1.1268798,observed_content_signal
IMG20260912133549.jpg,1f7bc5151efdcc674c149b069527bb88ae4d8c8f95b84e08794d1ea8aa4f6065,4575707,3072,4080,JPEG,1,OPPO,OPPO Reno12 F,,,,,,,,,,,2026:09:12 13:35:49,empty_g6,empty_board,empty_g6,,False,not_geometry_source,,168,,,,,v4_phone_rear_26mm,True,244.8119,88.555038,0,148,0.24623108,52.731144,1.1530914,observed_content_signal
IMG20260912133552.jpg,0e38c0ff8e0543428a409c10d9bb62941d9fff87c996b67403655a9fdb2812b4,4526085,3072,4080,JPEG,1,OPPO,OPPO Reno12 F,,,,,,,,,,,2026:09:12 13:35:52,empty_g6,empty_board,empty_g6,,False,not_geometry_source,,169,,,,,v4_phone_rear_26mm,True,245.73587,88.48703,0,147,0.24609375,52.554836,1.159982,observed_content_signal
IMG20260912133553.jpg,8d9aa898850d4e7415fc279a8e8f9e95c5ee445671c6543d478f17cacfbca403,4538452,3072,4080,JPEG,1,OPPO,OPPO Reno12 F,,,,,,,,,,,2026:09:12 13:35:53,empty_g6,empty_board,empty_g6,,False,not_geometry_source,,170,,,,,v4_phone_rear_26mm,True,245.10364,88.522705,0,147,0.24609375,52.450687,1.1543969,observed_content_signal
IMG20260912133554.jpg,100022320136118f33faa0c46e71ae09adfb79c43b457d018383dee6d359be65,4596360,3072,4080,JPEG,1,OPPO,OPPO Reno12 F,,,,,,,,,,,2026:09:12 13:35:54,empty_g6,empty_board,empty_g6,,False,not_geometry_source,,171,,,,,v4_phone_rear_26mm,True,247.636,88.80127,0,147,0.24609375,52.425976,1.1369572,observed_content_signal
IMG20260912133556.jpg,d8c390241a2f11574a2cf37bfda6c182a7b35a69c1a8415b2d76b65a2e02ddae,4588102,3072,4080,JPEG,1,OPPO,OPPO Reno12 F,,,,,,,,,,,2026:09:12 13:35:56,empty_g6,empty_board,empty_g6,,False,not_geometry_source,,172,,,,,v4_phone_rear_26mm,True,248.14922,88.66214,0,146,0.24609375,52.341969,1.1202266,observed_content_signal
IMG20260912133558.jpg,9b15673d6415dc6c9119dc701ea1c956ec97ea2c67b83ebba708b89fbbde655e,4367370,3072,4080,JPEG,1,OPPO,OPPO Reno12 F,,,,,,,,,,,2026:09:12 13:35:58,empty_g6,empty_board,empty_g6,,False,not_geometry_source,,173,,,,,v4_phone_rear_26mm,True,249.30359,88.760773,0,146,0.24642944,52.519817,1.1192344,observed_content_signal
IMG20260912133559.jpg,31b070d71e810e4f9d0d4b1d2b49c5e9e5199f854e04000f3f27f8279a3d1e3d,4549767,3072,4080,JPEG,1,OPPO,OPPO Reno12 F,,,,,,,,,,,2026:09:12 13:35:59,empty_g6,empty_board,empty_g6,,False,not_geometry_source,,174,,,,,v4_phone_rear_26mm,True,249.15759,88.732803,0,146,0.24609375,52.604137,1.1161411,observed_content_signal
IMG20260912133601.jpg,7b3002030c19ce58fb1ef867df1c364b1f2e292213b90393b1a663ffd66e3a18,4573495,3072,4080,JPEG,1,OPPO,OPPO Reno12 F,,,,,,,,,,,2026:09:12 13:36:01,empty_g6,empty_board,empty_g6,,False,not_geometry_source,,175,,,,,v4_phone_rear_26mm,True,249.30406,88.800247,0,147,0.24609375,52.638073,1.1027565,observed_content_signal
IMG20260912133603.jpg,2dc4d3a62d505f81c9aafcf7e73643b000042b693a1e8894b74adaaeae608e18,4557795,3072,4080,JPEG,1,OPPO,OPPO Reno12 F,,,,,,,,,,,2026:09:12 13:36:03,empty_g6,empty_board,empty_g6,,False,not_geometry_source,,176,,,,,v4_phone_rear_26mm,True,250.71379,88.792816,0,147,0.24609375,52.608116,1.0790922,observed_content_signal
IMG20260912133604.jpg,4c7a56a84d00fca9ac82e6379fc57cf9fffd561061f6f6121e746f62ec111158,4339490,3072,4080,JPEG,1,OPPO,OPPO Reno12 F,,,,,,,,,,,2026:09:12 13:36:04,empty_g6,empty_board,empty_g6,,False,not_geometry_source,,177,,,,,v4_phone_rear_26mm,True,252.28354,88.714249,0,147,0.24609375,52.521713,1.0533939,observed_content_signal
IMG20260912133606.jpg,3d20ea454bece4e10735163b7ec5034b3dbc47b7a7d3bda08c01de32778e8fa6,4592507,3072,4080,JPEG,1,OPPO,OPPO Reno12 F,,,,,,,,,,,2026:09:12 13:36:06,empty_g6,empty_board,empty_g6,,False,not_geometry_source,,178,,,,,v4_phone_rear_26mm,True,253.7097,88.679565,0,147,0.24609375,52.464054,1.0407484,observed_content_signal
IMG20260912133607.jpg,363aac8cf4f8b13a7ce9f93e6528169939113087551edca3098cbd4cebc45365,4574173,3072,4080,JPEG,1,OPPO,OPPO Reno12 F,,,,,,,,,,,2026:09:12 13:36:07,empty_g6,empty_board,empty_g6,,False,not_geometry_source,,179,,,,,v4_phone_rear_26mm,True,252.8777,88.639923,0,148,0.24609375,52.390656,1.0251551,observed_content_signal
IMG20260912133609.jpg,f42cc090db45591c28c322ccc991eec89437841aec5c90ef0fb29f66d8bc0e11,4576330,3072,4080,JPEG,1,OPPO,OPPO Reno12 F,,,,,,,,,,,2026:09:12 13:36:09,empty_g6,empty_board,empty_g6,,False,not_geometry_source,,180,,,,,v4_phone_rear_26mm,True,248.71548,88.478745,0,148,0.24609375,52.247662,1.0144592,observed_content_signal
IMG20260912133611.jpg,bfd834736e347715ae19a1ecacfbc6373d44e1302478c18d3842fd1d5c1155a1,4565582,3072,4080,JPEG,1,OPPO,OPPO Reno12 F,,,,,,,,,,,2026:09:12 13:36:11,empty_g6,empty_board,empty_g6,,False,not_geometry_source,,181,,,,,v4_phone_rear_26mm,True,268.81116,88.452087,0,149,0.24609375,52.24192,1.0172739,observed_content_signal
IMG20260912133612.jpg,e688286ae8eb34b374089c57415d67b15b0bd9465d2f73326944369873ad7673,4556114,3072,4080,JPEG,1,OPPO,OPPO Reno12 F,,,,,,,,,,,2026:09:12 13:36:12,empty_g6,empty_board,empty_g6,,False,not_geometry_source,,182,,,,,v4_phone_rear_26mm,True,270.3595,88.479385,0,150,0.24609375,52.327503,1.0212017,observed_content_signal
IMG20260912133614.jpg,0f199f88d820fee0035de361bf342d54aead21bfc6a3591eebc71cbc83b8a240,4515010,3072,4080,JPEG,1,OPPO,OPPO Reno12 F,,,,,,,,,,,2026:09:12 13:36:14,empty_g6,empty_board,empty_g6,,False,not_geometry_source,,183,,,,,v4_phone_rear_26mm,True,272.19595,88.445053,0,149,0.24609375,52.352554,1.0287052,observed_content_signal
IMG20260912133615.jpg,aba4ff98d9bf56e3ea06e6c11c8970c7e5802fc513a4d181a3c776b002c4d3e8,4486073,3072,4080,JPEG,1,OPPO,OPPO Reno12 F,,,,,,,,,,,2026:09:12 13:36:15,empty_g6,empty_board,empty_g6,,False,not_geometry_source,,184,,,,,v4_phone_rear_26mm,True,273.21802,88.490067,0,149,0.24609375,52.383091,1.0318484,observed_content_signal
IMG20260912133616.jpg,808632acfd370295056cb0fd3f31df4051240ff6f5c652a3b26dd623d9320e01,4592363,3072,4080,JPEG,1,OPPO,OPPO Reno12 F,,,,,,,,,,,2026:09:12 13:36:16,empty_g6,empty_board,empty_g6,,False,not_geometry_source,,185,,,,,v4_phone_rear_26mm,True,272.78409,88.560364,0,149,0.24609375,52.396152,1.0348225,observed_content_signal
IMG20260912133618.jpg,b2bfda2b007d87ae3f130c5d64319ac3bd26f55f9d64077207f08ddcab8a8f0d,4585166,3072,4080,JPEG,1,OPPO,OPPO Reno12 F,,,,,,,,,,,2026:09:12 13:36:18,empty_g6,empty_board,empty_g6,,False,not_geometry_source,,186,,,,,v4_phone_rear_26mm,True,273.32092,88.549164,0,148,0.24609375,52.35416,1.0419962,observed_content_signal
IMG20260912133619.jpg,e5996c2e6f6363ebb7ef071e4e78b85b34188e552df5ae4f4a32e63ab4e95222,4553176,3072,4080,JPEG,1,OPPO,OPPO Reno12 F,,,,,,,,,,,2026:09:12 13:36:19,empty_g6,empty_board,empty_g6,,False,not_geometry_source,,187,,,,,v4_phone_rear_26mm,True,267.20801,88.469284,0,148,0.24609375,52.323952,1.0494381,observed_content_signal
IMG20260912133620.jpg,086e32219a7f3b0b4dbbee7419d7a6293a4f68b48d53472f8253f2010af55a6c,4621972,3072,4080,JPEG,1,OPPO,OPPO Reno12 F,,,,,,,,,,,2026:09:12 13:36:20,empty_g6,empty_board,empty_g6,,False,not_geometry_source,,188,,,,,v4_phone_rear_26mm,True,254.91708,88.508133,0,148,0.24609375,52.390156,1.0752387,observed_content_signal
IMG20260912133622.jpg,e16c272538683cc393948353fd0fc890006482b80d181321c7a858ddd038c4f7,4582783,3072,4080,JPEG,1,OPPO,OPPO Reno12 F,,,,,,,,,,,2026:09:12 13:36:22,empty_g6,empty_board,empty_g6,,False,not_geometry_source,,189,,,,,v4_phone_rear_26mm,True,250.80473,88.294006,0,148,0.24609375,52.412155,1.1077923,observed_content_signal
IMG20260912133623.jpg,5cdc0ab602255ccba6275f307107bc1e61d55a8bdb1a3ef2f71983ed75fb5147,4622462,3072,4080,JPEG,1,OPPO,OPPO Reno12 F,,,,,,,,,,,2026:09:12 13:36:23,empty_g6,empty_board,empty_g6,,False,not_geometry_source,,190,,,,,v4_phone_rear_26mm,True,245.69247,88.085648,0,148,0.24624634,52.555931,1.1611879,observed_content_signal
IMG20260912133625.jpg,1ff95f6875c524e3b3f1706a959f7b6287b4f0e5f3a6de696644be3b7d6c40fc,4594823,3072,4080,JPEG,1,OPPO,OPPO Reno12 F,,,,,,,,,,,2026:09:12 13:36:25,empty_g6,empty_board,empty_g6,,False,not_geometry_source,,191,,,,,v4_phone_rear_26mm,True,241.23003,87.844925,0,147,0.24617004,52.513241,1.1986573,observed_content_signal
IMG20260912133626.jpg,14f877a06c7a898c40df1eb3aa9fa759b8b16137434748d0ce64aace704fd3b3,4608776,3072,4080,JPEG,1,OPPO,OPPO Reno12 F,,,,,,,,,,,2026:09:12 13:36:26,empty_g6,empty_board,empty_g6,,False,not_geometry_source,,192,,,,,v4_phone_rear_26mm,True,236.64792,87.71521,0,147,0.24612427,52.432671,1.2270316,observed_content_signal
IMG20260912133628.jpg,60790d65ea60b91d9325333b52f43c3701bce274cc44d97cc48790fdb2575b3a,4582289,3072,4080,JPEG,1,OPPO,OPPO Reno12 F,,,,,,,,,,,2026:09:12 13:36:28,empty_g6,empty_board,empty_g6,,False,not_geometry_source,,193,,,,,v4_phone_rear_26mm,True,238.49249,87.790451,0,147,0.24609375,52.264591,1.223903,observed_content_signal
IMG20260912133629.jpg,e31312f32350de922b757338f175319e29c05f3afedf5f31854c9f2a25121c01,4469341,3072,4080,JPEG,1,OPPO,OPPO Reno12 F,,,,,,,,,,,2026:09:12 13:36:29,empty_g6,empty_board,empty_g6,,False,not_geometry_source,,194,,,,,v4_phone_rear_26mm,True,238.15057,87.913162,0,146,0.24609375,52.164371,1.2233484,observed_content_signal
IMG20260912133630.jpg,658c3ba1ea9bad89b235323d3847ee6dbf504c1780a8219d26b76504458cc41c,4512619,3072,4080,JPEG,1,OPPO,OPPO Reno12 F,,,,,,,,,,,2026:09:12 13:36:30,empty_g6,empty_board,empty_g6,,False,not_geometry_source,,195,,,,,v4_phone_rear_26mm,True,238.78352,87.98468,0,146,0.24609375,52.057987,1.2089024,observed_content_signal
IMG20260912133632.jpg,e036cfc0560a27df092deefdb84936bbf9d658fc7164ec010c6893a954c3f725,4520872,3072,4080,JPEG,1,OPPO,OPPO Reno12 F,,,,,,,,,,,2026:09:12 13:36:32,empty_g6,empty_board,empty_g6,,False,not_geometry_source,,196,,,,,v4_phone_rear_26mm,True,239.96309,88.08783,0,146,0.24609375,52.17503,1.1995726,observed_content_signal
IMG20260912133633.jpg,e5da6b1047a216f52ba487ce0a50718a667f4f236e9aea8618cf88afd1a3fe8b,4546064,3072,4080,JPEG,1,OPPO,OPPO Reno12 F,,,,,,,,,,,2026:09:12 13:36:33,empty_g6,empty_board,empty_g6,,False,not_geometry_source,,197,,,,,v4_phone_rear_26mm,True,238.0995,88.074738,0,146,0.24609375,52.277695,1.19591,observed_content_signal
IMG20260912133635.jpg,47e29a576312083a24341a0cb92e090a268d55514b7d92656be184d2d3d5dd3b,4573452,3072,4080,JPEG,1,OPPO,OPPO Reno12 F,,,,,,,,,,,2026:09:12 13:36:35,empty_g6,empty_board,empty_g6,,False,not_geometry_source,,198,,,,,v4_phone_rear_26mm,True,237.29591,88.081223,0,147,0.24609375,52.28759,1.1802529,observed_content_signal
IMG20260912133636.jpg,f7e47d2bcca5ad44ce1e81fb5a304c77ff9964ede56624242e52aee7a8bc16ba,4571367,3072,4080,JPEG,1,OPPO,OPPO Reno12 F,,,,,,,,,,,2026:09:12 13:36:36,empty_g6,empty_board,empty_g6,,False,not_geometry_source,,199,,,,,v4_phone_rear_26mm,True,239.14154,88.08461,0,147,0.24609375,52.267391,1.1555293,observed_content_signal
IMG20260912133637.jpg,e4e101b26a6f057da54b5a8b95e294c2edf8c27630389644d4cbe78c907f4998,4566927,3072,4080,JPEG,1,OPPO,OPPO Reno12 F,,,,,,,,,,,2026:09:12 13:36:37,empty_g6,empty_board,empty_g6,,False,not_geometry_source,,200,,,,,v4_phone_rear_26mm,True,241.59018,88.055679,0,147,0.24609375,52.22567,1.1328868,observed_content_signal
IMG20260912133640.jpg,8e9396930aad6f22254207931a5638fae4ceb486eb9573b17639396616ccd6ce,4435072,3072,4080,JPEG,1,OPPO,OPPO Reno12 F,,,,,,,,,,,2026:09:12 13:36:40,empty_g6,empty_board,empty_g6,,False,not_geometry_source,,201,,,,,v4_phone_rear_26mm,True,243.49469,88.079498,0,147,0.24609375,52.218166,1.115283,observed_content_signal
IMG20260912133641.jpg,3b6234ef9a59f5edee8c11e18908f0d805a8a8f4944542194567904065a896c5,4617245,3072,4080,JPEG,1,OPPO,OPPO Reno12 F,,,,,,,,,,,2026:09:12 13:36:41,empty_g6,empty_board,empty_g6,,False,not_geometry_source,,202,,,,,v4_phone_rear_26mm,True,245.85011,88.028671,0,148,0.24609375,52.148201,1.1014801,observed_content_signal
IMG20260912133642.jpg,5fc2cd4eb5975c3af841a8d95aa0e312e6872369a40238dea00845dfbc60d09d,4571048,3072,4080,JPEG,1,OPPO,OPPO Reno12 F,,,,,,,,,,,2026:09:12 13:36:42,empty_g6,empty_board,empty_g6,,False,not_geometry_source,,203,,,,,v4_phone_rear_26mm,True,247.63063,88.07579,0,148,0.24609375,52.111885,1.0777144,observed_content_signal
IMG20260912133643.jpg,a8c1114d53d23931b2b699f1eb6f907ced78f481bdc819e73c2a3a4ab5299763,4600711,3072,4080,JPEG,1,OPPO,OPPO Reno12 F,,,,,,,,,,,2026:09:12 13:36:43,empty_g6,empty_board,empty_g6,,False,not_geometry_source,,204,,,,,v4_phone_rear_26mm,True,244.87433,87.968155,0,148,0.24609375,52.002052,1.0579275,observed_content_signal
IMG20260912133645.jpg,d9cc7b8b682d83b3cf9e05195a1c6cbc590e6cebe4b1da1dad151929f9bf6482,4593849,3072,4080,JPEG,1,OPPO,OPPO Reno12 F,,,,,,,,,,,2026:09:12 13:36:45,empty_g6,empty_board,empty_g6,,False,not_geometry_source,,205,,,,,v4_phone_rear_26mm,True,262.08206,88.185593,0,149,0.24609375,52.08588,1.037678,observed_content_signal
IMG20260912133646.jpg,d572f7c1df3c17cf32ff2325a16a8b6e4f8349e6f05d6faecdfb498e44acd755,4585079,3072,4080,JPEG,1,OPPO,OPPO Reno12 F,,,,,,,,,,,2026:09:12 13:36:46,empty_g6,empty_board,empty_g6,,False,not_geometry_source,,206,,,,,v4_phone_rear_26mm,True,265.52792,88.355057,0,150,0.24609375,52.21994,1.0280017,observed_content_signal
IMG20260912133647.jpg,73c8aaac63aeadedbdb69636ccdad1425324234032ebabe62b3323836331f20d,4526450,3072,4080,JPEG,1,OPPO,OPPO Reno12 F,,,,,,,,,,,2026:09:12 13:36:47,empty_g6,empty_board,empty_g6,,False,not_geometry_source,,207,,,,,v4_phone_rear_26mm,True,265.17096,88.408005,0,150,0.24609375,52.269951,1.0298547,observed_content_signal
IMG20260912133649.jpg,fb817311a2617ce6d6c9977c34f9b42374d946e4fa8a04874002335f9bc52077,4604731,3072,4080,JPEG,1,OPPO,OPPO Reno12 F,,,,,,,,,,,2026:09:12 13:36:49,empty_g6,empty_board,empty_g6,,False,not_geometry_source,,208,,,,,v4_phone_rear_26mm,True,267.58942,88.448212,0,150,0.24609375,52.326153,1.0354281,observed_content_signal
IMG20260912133652.jpg,5bfcfcaeaf377d0b1f4823245f7a803f967843be84c47aea5dd604eeda8b89f4,4369000,3072,4080,JPEG,1,OPPO,OPPO Reno12 F,,,,,,,,,,,2026:09:12 13:36:52,empty_g6,empty_board,empty_g6,,False,not_geometry_source,,209,,,,,v4_phone_rear_26mm,True,267.10596,88.441116,0,149,0.24609375,52.32103,1.0358063,observed_content_signal
IMG20260912141912.jpg,030149459d68bf59dd241611b976649e91e4b057e4b97ed3e64b512cbca9cc20,4552814,3072,4080,JPEG,1,OPPO,OPPO Reno12 F,,,,,,,,,,,2026:09:12 14:19:12,geo_g7,geometry,geo_g7,g7_r1,True,primary_geometry_candidate,,210,0,0.000000000000,,forward_ordered_phase,v4_phone_rear_26mm,True,308.57343,84.279007,0,146,0.24609375,51.316486,0.94937946,observed_content_signal
IMG20260912141915.jpg,85103fa09a2a71dc4371c2e3817b0a88442e6c61ee231d2dda9724fddf925775,4273236,3072,4080,JPEG,1,OPPO,OPPO Reno12 F,,,,,,,,,,,2026:09:12 14:19:15,geo_g7,geometry,geo_g7,g7_r1,True,primary_geometry_candidate,,211,1,0.010989010989,,forward_ordered_phase,v4_phone_rear_26mm,True,304.81888,84.209793,0,146,0.24609375,51.260204,0.9502555,observed_content_signal
IMG20260912141918.jpg,e8de8b4854a9df3969e6a17a2e48ab00ae2d68984e4ab44cdc162321d27ea709,4593557,3072,4080,JPEG,1,OPPO,OPPO Reno12 F,,,,,,,,,,,2026:09:12 14:19:18,geo_g7,geometry,geo_g7,g7_r1,True,primary_geometry_candidate,,212,2,0.021978021978,,forward_ordered_phase,v4_phone_rear_26mm,True,308.55499,84.239914,0,145,0.24609375,51.255791,0.95363241,observed_content_signal
IMG20260912141921.jpg,2ca3fb862fac1b664f7b43e8b97f8e7559e8df5fbe63f4b6386fffe1e61cae23,4601523,3072,4080,JPEG,1,OPPO,OPPO Reno12 F,,,,,,,,,,,2026:09:12 14:19:21,geo_g7,geometry,geo_g7,g7_r1,True,primary_geometry_candidate,,213,3,0.032967032967,,forward_ordered_phase,v4_phone_rear_26mm,True,304.80026,84.21019,0,145,0.24609375,51.209316,0.96185084,observed_content_signal
IMG20260912141922.jpg,7615fef417735414c97e2ec0eb19ae67fe2ef41eac2543ce59f61640b17847ce,4529728,3072,4080,JPEG,1,OPPO,OPPO Reno12 F,,,,,,,,,,,2026:09:12 14:19:22,geo_g7,geometry,geo_g7,g7_r1,True,primary_geometry_candidate,,214,4,0.043956043956,,forward_ordered_phase,v4_phone_rear_26mm,True,290.82468,84.141983,0,145,0.24609375,51.174252,0.96476896,observed_content_signal
IMG20260912141924.jpg,b1aa027a7fcce12b6f523378a3798482ebb07c67c3f83b9213d27b18f8092cd1,4589670,3072,4080,JPEG,1,OPPO,OPPO Reno12 F,,,,,,,,,,,2026:09:12 14:19:24,geo_g7,geometry,geo_g7,g7_r1,True,primary_geometry_candidate,,215,5,0.054945054945,,forward_ordered_phase,v4_phone_rear_26mm,True,289.37469,84.198105,0,145,0.24609375,51.217209,0.98068925,observed_content_signal
IMG20260912141930.jpg,5b88a5f1448a50bd6f3f943bc65174d71bd52c314c3a202b47b9cf89b1d21102,4259815,3072,4080,JPEG,1,OPPO,OPPO Reno12 F,,,,,,,,,,,2026:09:12 14:19:30,geo_g7,geometry,geo_g7,g7_r1,True,primary_geometry_candidate,,216,6,0.065934065934,,forward_ordered_phase,v4_phone_rear_26mm,True,284.52899,84.352921,0,146,0.24609375,51.318851,0.99299011,observed_content_signal
IMG20260912141934.jpg,2d598b9f324b442e81f68690353d081aacbaa503c7f7ad4ea842a9762b3752a1,4632766,3072,4080,JPEG,1,OPPO,OPPO Reno12 F,,,,,,,,,,,2026:09:12 14:19:34,geo_g7,geometry,geo_g7,g7_r1,True,primary_geometry_candidate,,217,7,0.076923076923,,forward_ordered_phase,v4_phone_rear_26mm,True,285.09174,84.249268,0,146,0.24609375,51.306293,1.0081755,observed_content_signal
IMG20260912141938.jpg,3f0c75db7055c4497061390f085142b7e55b937ed11071010f053b2940dc57c4,4562760,3072,4080,JPEG,1,OPPO,OPPO Reno12 F,,,,,,,,,,,2026:09:12 14:19:38,geo_g7,geometry,geo_g7,g7_r1,True,primary_geometry_candidate,,218,8,0.087912087912,,forward_ordered_phase,v4_phone_rear_26mm,True,284.41409,84.013733,0,145,0.24609375,51.309494,1.0359264,observed_content_signal
IMG20260912141942.jpg,3096da78b2df165ddccca5542d58905ea16a8f7331536a8cadd57c8b5e3a3389,4592414,3072,4080,JPEG,1,OPPO,OPPO Reno12 F,,,,,,,,,,,2026:09:12 14:19:42,geo_g7,geometry,geo_g7,g7_r1,True,primary_geometry_candidate,,219,9,0.098901098901,,forward_ordered_phase,v4_phone_rear_26mm,True,284.98553,83.873901,0,145,0.2462616,51.320877,1.0617585,observed_content_signal
IMG20260912141946.jpg,8b9c9c526cd7482733dd93413300e852dcbd05202887f6c5267022b40664a1e7,4504979,3072,4080,JPEG,1,OPPO,OPPO Reno12 F,,,,,,,,,,,2026:09:12 14:19:46,geo_g7,geometry,geo_g7,g7_r1,True,primary_geometry_candidate,,220,10,0.109890109890,,forward_ordered_phase,v4_phone_rear_26mm,True,283.06567,83.713577,0,145,0.24623108,51.302673,1.0848895,observed_content_signal
IMG20260912141953.jpg,565b960d44217e30cc2fb3398a8a696cf397f3a12f4da82cadfea5d513a42d48,4634505,3072,4080,JPEG,1,OPPO,OPPO Reno12 F,,,,,,,,,,,2026:09:12 14:19:53,geo_g7,geometry,geo_g7,g7_r1,True,primary_geometry_candidate,,221,11,0.120879120879,,forward_ordered_phase,v4_phone_rear_26mm,True,279.52881,83.63295,0,145,0.24621582,51.268993,1.1021257,observed_content_signal
IMG20260912141955.jpg,079385d58a034188bd4c32f1c402541f469eaf3c97b926a29786dd0937042026,4335829,3072,4080,JPEG,1,OPPO,OPPO Reno12 F,,,,,,,,,,,2026:09:12 14:19:55,geo_g7,geometry,geo_g7,g7_r1,True,primary_geometry_candidate,,222,12,0.131868131868,,forward_ordered_phase,v4_phone_rear_26mm,True,278.10577,83.577713,0,145,0.24623108,51.261707,1.1143327,observed_content_signal
IMG20260912141957.jpg,bab142616e755a956e3033efb318ae872ca335bc71580c08452efad81812e218,4563154,3072,4080,JPEG,1,OPPO,OPPO Reno12 F,,,,,,,,,,,2026:09:12 14:19:57,geo_g7,geometry,geo_g7,g7_r1,True,primary_geometry_candidate,,223,13,0.142857142857,,forward_ordered_phase,v4_phone_rear_26mm,True,278.36694,83.571884,0,144,0.2461853,51.169266,1.1233764,observed_content_signal
IMG20260912141959.jpg,449e4711b042785d86406ac54101a9a33214c589bce8fa7621c86936167a7e43,4436730,3072,4080,JPEG,1,OPPO,OPPO Reno12 F,,,,,,,,,,,2026:09:12 14:19:59,geo_g7,geometry,geo_g7,g7_r1,True,primary_geometry_candidate,,224,14,0.153846153846,,forward_ordered_phase,v4_phone_rear_26mm,True,279.07812,83.560593,0,143,0.24610901,51.053375,1.1237443,observed_content_signal
IMG20260912142001.jpg,cffdeb82d8bb35dca4df8f142d71ad02771b4356e3fd614d024a59bd2a091319,4606031,3072,4080,JPEG,1,OPPO,OPPO Reno12 F,,,,,,,,,,,2026:09:12 14:20:01,geo_g7,geometry,geo_g7,g7_r1,True,primary_geometry_candidate,,225,15,0.164835164835,,forward_ordered_phase,v4_phone_rear_26mm,True,280.01303,83.702347,0,143,0.24609375,51.008045,1.1253327,observed_content_signal
IMG20260912142004.jpg,07cb78852512483ebd9a76c0551846d5695816675e0dc5e71ab40eb731a949e6,4612947,3072,4080,JPEG,1,OPPO,OPPO Reno12 F,,,,,,,,,,,2026:09:12 14:20:04,geo_g7,geometry,geo_g7,g7_r1,True,primary_geometry_candidate,,226,16,0.175824175824,,forward_ordered_phase,v4_phone_rear_26mm,True,279.19659,83.772522,0,143,0.24609375,50.938774,1.129346,observed_content_signal
IMG20260912142008.jpg,e6d29e1ee985a2bd93fac01524df0b0c99d3c7d329e582b7d3f58dbb91b5eea9,4622983,3072,4080,JPEG,1,OPPO,OPPO Reno12 F,,,,,,,,,,,2026:09:12 14:20:08,geo_g7,geometry,geo_g7,g7_r1,True,primary_geometry_candidate,,227,17,0.186813186813,,forward_ordered_phase,v4_phone_rear_26mm,True,278.06738,83.716751,0,143,0.24613953,50.898365,1.1272072,observed_content_signal
IMG20260912142010.jpg,36ce01fec9c4a59abe3add1566306f09259f4741c7bf8c41d31910a2d6c3dd13,4639440,3072,4080,JPEG,1,OPPO,OPPO Reno12 F,,,,,,,,,,,2026:09:12 14:20:10,geo_g7,geometry,geo_g7,g7_r1,True,primary_geometry_candidate,,228,18,0.197802197802,,forward_ordered_phase,v4_phone_rear_26mm,True,280.15509,83.696075,0,143,0.24610901,50.879005,1.121536,observed_content_signal
IMG20260912142012.jpg,2ca8a2997aaf7208142bca8fadf891c2657f16352de2fe489e74609cd76215e8,4642706,3072,4080,JPEG,1,OPPO,OPPO Reno12 F,,,,,,,,,,,2026:09:12 14:20:12,geo_g7,geometry,geo_g7,g7_r1,True,primary_geometry_candidate,,229,19,0.208791208791,,forward_ordered_phase,v4_phone_rear_26mm,True,282.18042,83.648849,0,143,0.24613953,50.938099,1.1192538,observed_content_signal
IMG20260912142014.jpg,4cfb2d34226fb22a1968ec25a09ebc689e92d08d24f9f132f5d940ba1cde291f,4645800,3072,4080,JPEG,1,OPPO,OPPO Reno12 F,,,,,,,,,,,2026:09:12 14:20:14,geo_g7,geometry,geo_g7,g7_r1,True,primary_geometry_candidate,,230,20,0.219780219780,,forward_ordered_phase,v4_phone_rear_26mm,True,283.66049,83.516556,0,143,0.24615479,50.959736,1.1167273,observed_content_signal
IMG20260912142015.jpg,92ad79fe857b3437ff932c5579b2fbf8839c4793ad4c0a8fbdb884e1b15980c3,4624332,3072,4080,JPEG,1,OPPO,OPPO Reno12 F,,,,,,,,,,,2026:09:12 14:20:15,geo_g7,geometry,geo_g7,g7_r1,True,primary_geometry_candidate,,231,21,0.230769230769,,forward_ordered_phase,v4_phone_rear_26mm,True,281.13953,83.454468,0,143,0.24610901,50.972801,1.1135108,observed_content_signal
IMG20260912142017.jpg,a2c2b73d6214221572c542f523d180b8792731a3aec2c9a2cb8de2cc346e5e62,4633840,3072,4080,JPEG,1,OPPO,OPPO Reno12 F,,,,,,,,,,,2026:09:12 14:20:17,geo_g7,geometry,geo_g7,g7_r1,True,primary_geometry_candidate,,232,22,0.241758241758,,forward_ordered_phase,v4_phone_rear_26mm,True,280.56161,83.440338,0,143,0.24609375,50.949818,1.1005737,observed_content_signal
IMG20260912142027.jpg,c80ded0facce05a7d0ceddd86de7bd10035fdd0c465cb5bce703d888a49a547d,4620924,3072,4080,JPEG,1,OPPO,OPPO Reno12 F,,,,,,,,,,,2026:09:12 14:20:27,geo_g7,geometry,geo_g7,g7_r1,True,primary_geometry_candidate,,233,23,0.252747252747,,forward_ordered_phase,v4_phone_rear_26mm,True,286.04337,83.662491,0,144,0.24609375,51.008846,1.0575826,observed_content_signal
IMG20260912142030.jpg,a81ffd6212603d4bb1671d485c9892b18efee88dfb9b0d3e72db69c173e54795,4646428,3072,4080,JPEG,1,OPPO,OPPO Reno12 F,,,,,,,,,,,2026:09:12 14:20:30,geo_g7,geometry,geo_g7,g7_r1,True,primary_geometry_candidate,,234,24,0.263736263736,,forward_ordered_phase,v4_phone_rear_26mm,True,289.34998,83.700638,0,144,0.24609375,50.950512,1.0183533,observed_content_signal
IMG20260912142030_01.jpg,434ec24be0d43a4132a37116483a64a9e69b583c8cd549a9259715a908c61e46,4656185,3072,4080,JPEG,1,OPPO,OPPO Reno12 F,,,,,,,,,,,2026:09:12 14:20:30,geo_g7,geometry,geo_g7,g7_r1,True,primary_geometry_candidate,,235,25,0.274725274725,,forward_ordered_phase,v4_phone_rear_26mm,True,289.34216,83.676346,0,144,0.24609375,50.93618,1.0187018,observed_content_signal
IMG20260912142032.jpg,febcc317fddf705ff49c2e4ada50823f12020bab7472dc2161e4ef6c9de107c8,4636780,3072,4080,JPEG,1,OPPO,OPPO Reno12 F,,,,,,,,,,,2026:09:12 14:20:32,geo_g7,geometry,geo_g7,g7_r1,True,primary_geometry_candidate,,236,26,0.285714285714,,forward_ordered_phase,v4_phone_rear_26mm,True,289.60846,83.667496,0,144,0.24609375,50.868484,1.0029087,observed_content_signal
IMG20260912142034.jpg,800b0b20ad7b0307f9470454d39020eaf0d73e2fbdbff6a5bc2e3e7e0c2045a0,4670641,3072,4080,JPEG,1,OPPO,OPPO Reno12 F,,,,,,,,,,,2026:09:12 14:20:34,geo_g7,geometry,geo_g7,g7_r1,True,primary_geometry_candidate,,237,27,0.296703296703,,forward_ordered_phase,v4_phone_rear_26mm,True,289.39478,83.725082,0,144,0.24609375,50.850155,0.99203967,observed_content_signal
IMG20260912142036.jpg,e040d0098dcf348df30a82b13707cd30a24f42940abfc5d8c159e01190cb0e81,4649118,3072,4080,JPEG,1,OPPO,OPPO Reno12 F,,,,,,,,,,,2026:09:12 14:20:36,geo_g7,geometry,geo_g7,g7_r1,True,primary_geometry_candidate,,238,28,0.307692307692,,forward_ordered_phase,v4_phone_rear_26mm,True,290.76501,83.733612,0,145,0.24609375,50.823719,0.9801154,observed_content_signal
IMG20260912142045.jpg,fffbba7fdf9a34bc60e2f50337df0b9fa7c3c2303ff7695bc1044945fb8c93e2,4500152,3072,4080,JPEG,1,OPPO,OPPO Reno12 F,,,,,,,,,,,2026:09:12 14:20:45,geo_g7,geometry,geo_g7,g7_r1,True,primary_geometry_candidate,,239,29,0.318681318681,,forward_ordered_phase,v4_phone_rear_26mm,True,302.95825,83.778137,0,145,0.24609375,50.808369,0.97471745,observed_content_signal
IMG20260912142048.jpg,5cdfed1bdfeba74604f14de4a08be2a2578b894e05a41247458d1678aacf2982,4591783,3072,4080,JPEG,1,OPPO,OPPO Reno12 F,,,,,,,,,,,2026:09:12 14:20:48,geo_g7,geometry,geo_g7,g7_r1,True,primary_geometry_candidate,,240,30,0.329670329670,,forward_ordered_phase,v4_phone_rear_26mm,True,305.01718,83.929916,0,145,0.24609375,50.864265,0.97099862,observed_content_signal
IMG20260912142049.jpg,e4e8a46d91d1962022f0f7dcbd15689c873aedf1e3eae92a24bb56ef7370e948,4576114,3072,4080,JPEG,1,OPPO,OPPO Reno12 F,,,,,,,,,,,2026:09:12 14:20:49,geo_g7,geometry,geo_g7,g7_r1,True,primary_geometry_candidate,,241,31,0.340659340659,,forward_ordered_phase,v4_phone_rear_26mm,True,305.48721,84.088089,0,146,0.24609375,50.972767,0.95967043,observed_content_signal
IMG20260912142051.jpg,3fcdad90af63440145402d80d39818d326e0f498b7d81a1443b43d20d9a1f152,4635176,3072,4080,JPEG,1,OPPO,OPPO Reno12 F,,,,,,,,,,,2026:09:12 14:20:51,geo_g7,geometry,geo_g7,g7_r1,True,primary_geometry_candidate,,242,32,0.351648351648,,forward_ordered_phase,v4_phone_rear_26mm,True,306.85461,84.175629,0,147,0.24609375,51.064938,0.95325818,observed_content_signal
IMG20260912142058.jpg,d8c46f505c4896d9d6f61b71f0ab6efe670d9871888f44d56e34d24c7a574b0e,4650683,3072,4080,JPEG,1,OPPO,OPPO Reno12 F,,,,,,,,,,,2026:09:12 14:20:58,geo_g7,geometry,geo_g7,g7_r1,True,primary_geometry_candidate,,243,33,0.362637362637,,forward_ordered_phase,v4_phone_rear_26mm,True,303.23492,84.22818,0,147,0.24609375,51.091854,0.95388954,observed_content_signal
IMG20260912142059.jpg,b447ed2396f176e06dfb0ed487a7b9ff7a963692dc53eba3eae0b178a605df43,4605920,3072,4080,JPEG,1,OPPO,OPPO Reno12 F,,,,,,,,,,,2026:09:12 14:20:59,geo_g7,geometry,geo_g7,g7_r1,True,primary_geometry_candidate,,244,34,0.373626373626,,forward_ordered_phase,v4_phone_rear_26mm,True,304.65305,84.23764,0,147,0.24609375,51.136307,0.95665686,observed_content_signal
IMG20260912142101.jpg,e5a3bd538956247ef291f617e48fec1ae10ed985571fd44143b9041e75504a79,4316903,3072,4080,JPEG,1,OPPO,OPPO Reno12 F,,,,,,,,,,,2026:09:12 14:21:01,geo_g7,geometry,geo_g7,g7_r1,True,primary_geometry_candidate,,245,35,0.384615384615,,forward_ordered_phase,v4_phone_rear_26mm,True,304.96774,84.287766,0,147,0.24609375,51.204582,0.96095034,observed_content_signal
IMG20260912142103.jpg,5cda7f753f16aee24a4ac92946cf86d565cdc32f371952fb772349ab539d05b7,4505256,3072,4080,JPEG,1,OPPO,OPPO Reno12 F,,,,,,,,,,,2026:09:12 14:21:03,geo_g7,geometry,geo_g7,g7_r1,True,primary_geometry_candidate,,246,36,0.395604395604,,forward_ordered_phase,v4_phone_rear_26mm,True,305.50232,84.298218,0,146,0.24609375,51.217571,0.96238516,observed_content_signal
IMG20260912142105.jpg,32c9e7099a9e33f2e4112e1b0da2529e5987f87c87a80b37e35d54812bcaf7d2,4626203,3072,4080,JPEG,1,OPPO,OPPO Reno12 F,,,,,,,,,,,2026:09:12 14:21:05,geo_g7,geometry,geo_g7,g7_r1,True,primary_geometry_candidate,,247,37,0.406593406593,,forward_ordered_phase,v4_phone_rear_26mm,True,305.44351,84.317398,0,146,0.24609375,51.219055,0.96253705,observed_content_signal
IMG20260912142106.jpg,5519e2ee7d91e903f453b4c9a3246dd0e0defa042a917f6fa10add48faf96442,4620001,3072,4080,JPEG,1,OPPO,OPPO Reno12 F,,,,,,,,,,,2026:09:12 14:21:06,geo_g7,geometry,geo_g7,g7_r1,True,primary_geometry_candidate,,248,38,0.417582417582,,forward_ordered_phase,v4_phone_rear_26mm,True,305.89441,84.310028,0,146,0.24609375,51.203293,0.96350566,observed_content_signal
IMG20260912142108.jpg,d25c96568c605c40e62628f3eb2168b779793f8c7b9930ed14b92ddfeec2861f,4548562,3072,4080,JPEG,1,OPPO,OPPO Reno12 F,,,,,,,,,,,2026:09:12 14:21:08,geo_g7,geometry,geo_g7,g7_r1,True,primary_geometry_candidate,,249,39,0.428571428571,,forward_ordered_phase,v4_phone_rear_26mm,True,302.59348,84.302231,0,146,0.24609375,51.207878,0.96290944,observed_content_signal
IMG20260912142117.jpg,8bb64ef08dc4985449d1292062c348fdca3ea0abe9cce9ab1ac550bde10907a6,4346763,3072,4080,JPEG,1,OPPO,OPPO Reno12 F,,,,,,,,,,,2026:09:12 14:21:17,geo_g7,geometry,geo_g7,g7_r1,True,primary_geometry_candidate,,250,40,0.439560439560,,forward_ordered_phase,v4_phone_rear_26mm,True,293.92114,84.473328,0,146,0.24609375,51.317719,0.96407631,observed_content_signal
IMG20260912142120.jpg,9ad855eba5914a598ef0f1246bc9180c66ccb4f44cdd2c76b44676e5bf4c69f9,4559910,3072,4080,JPEG,1,OPPO,OPPO Reno12 F,,,,,,,,,,,2026:09:12 14:21:20,geo_g7,geometry,geo_g7,g7_r1,True,primary_geometry_candidate,,251,41,0.450549450549,,forward_ordered_phase,v4_phone_rear_26mm,True,290.87677,84.450409,0,146,0.24609375,51.38023,0.97651545,observed_content_signal
IMG20260912142121.jpg,e4337e1c1895f7646144d48cc65bb63e7ac4b8f823423b1beca0f5a611139995,4659878,3072,4080,JPEG,1,OPPO,OPPO Reno12 F,,,,,,,,,,,2026:09:12 14:21:21,geo_g7,geometry,geo_g7,g7_r1,True,primary_geometry_candidate,,252,42,0.461538461538,,forward_ordered_phase,v4_phone_rear_26mm,True,288.96512,84.326767,0,146,0.24609375,51.510036,0.99257902,observed_content_signal
IMG20260912142124.jpg,5612e5eb15e92a872190066105f7e74c3a63cf35d9419304941d0d1e6c4e0ddd,4609211,3072,4080,JPEG,1,OPPO,OPPO Reno12 F,,,,,,,,,,,2026:09:12 14:21:24,geo_g7,geometry,geo_g7,g7_r1,True,primary_geometry_candidate,,253,43,0.472527472527,,forward_ordered_phase,v4_phone_rear_26mm,True,288.65634,84.340988,0,145,0.24623108,51.647308,1.0096547,observed_content_signal
IMG20260912142125.jpg,1fcd1030c131104819d48ca4a5e8c060054f44ea4b601a48d0379c54e1972b6b,4653049,3072,4080,JPEG,1,OPPO,OPPO Reno12 F,,,,,,,,,,,2026:09:12 14:21:25,geo_g7,geometry,geo_g7,g7_r1,True,primary_geometry_candidate,,254,44,0.483516483516,,forward_ordered_phase,v4_phone_rear_26mm,True,281.58734,84.086151,0,145,0.24615479,51.595932,1.0566248,observed_content_signal
IMG20260912142127.jpg,907a66b0cdee1d8d8b2a7318985b96d42200d78a0088173ecfac120a746dd3d5,4586880,3072,4080,JPEG,1,OPPO,OPPO Reno12 F,,,,,,,,,,,2026:09:12 14:21:27,geo_g7,geometry,geo_g7,g7_r1,True,primary_geometry_candidate,,255,45,0.494505494505,,forward_ordered_phase,v4_phone_rear_26mm,True,281.74167,83.991562,0,144,0.24613953,51.515591,1.0632679,observed_content_signal
IMG20260912142128.jpg,a7d75bf30896c9fcb29c7e525f41257b90bd579a9b8dd0892d15f1ee0b8c4b23,4645732,3072,4080,JPEG,1,OPPO,OPPO Reno12 F,,,,,,,,,,,2026:09:12 14:21:28,geo_g7,geometry,geo_g7,g7_r1,True,primary_geometry_candidate,,256,46,0.505494505495,,forward_ordered_phase,v4_phone_rear_26mm,True,283.34784,84.050674,0,144,0.24610901,51.474415,1.0633172,observed_content_signal
IMG20260912142130.jpg,0d43746ed063f9b0a845d1988540154e8f4b273dc1de36ba65f38f10fb7ace5e,4615649,3072,4080,JPEG,1,OPPO,OPPO Reno12 F,,,,,,,,,,,2026:09:12 14:21:30,geo_g7,geometry,geo_g7,g7_r1,True,primary_geometry_candidate,,257,47,0.516483516484,,forward_ordered_phase,v4_phone_rear_26mm,True,282.27316,84.053787,0,144,0.24609375,51.422585,1.058274,observed_content_signal
IMG20260912142131.jpg,c9dbbb1aa88dc8b39bb19a79390a1af6d2a9bfcb1e79cb8294bb4262d221681f,4628343,3072,4080,JPEG,1,OPPO,OPPO Reno12 F,,,,,,,,,,,2026:09:12 14:21:31,geo_g7,geometry,geo_g7,g7_r1,True,primary_geometry_candidate,,258,48,0.527472527473,,forward_ordered_phase,v4_phone_rear_26mm,True,283.71564,84.205643,0,143,0.24609375,51.388332,1.0468879,observed_content_signal
IMG20260912142133.jpg,1a60daadd7fa49b191bfb5bf57092337ebac8be826271501555ad3e71a906861,4642083,3072,4080,JPEG,1,OPPO,OPPO Reno12 F,,,,,,,,,,,2026:09:12 14:21:33,geo_g7,geometry,geo_g7,g7_r1,True,primary_geometry_candidate,,259,49,0.538461538462,,forward_ordered_phase,v4_phone_rear_26mm,True,286.71393,84.221146,0,143,0.24612427,51.388306,1.0308552,observed_content_signal
IMG20260912142135.jpg,348376d00bd5fa813214d3806af221b557e88e63dee0e468fc7c251b0f724070,4665702,3072,4080,JPEG,1,OPPO,OPPO Reno12 F,,,,,,,,,,,2026:09:12 14:21:35,geo_g7,geometry,geo_g7,g7_r1,True,primary_geometry_candidate,,260,50,0.549450549451,,forward_ordered_phase,v4_phone_rear_26mm,True,285.86826,84.196625,0,143,0.24632263,51.440861,1.0276905,observed_content_signal
IMG20260912142136.jpg,a59be93d01480dfaf750620489ef187a2617e6f3e0661864d482fa6283b8c01b,4638093,3072,4080,JPEG,1,OPPO,OPPO Reno12 F,,,,,,,,,,,2026:09:12 14:21:36,geo_g7,geometry,geo_g7,g7_r1,True,primary_geometry_candidate,,261,51,0.560439560440,,forward_ordered_phase,v4_phone_rear_26mm,True,288.0415,84.179092,0,143,0.24642944,51.552204,1.0265576,observed_content_signal
IMG20260912142138.jpg,30e537c5ec4c6202cce174a93f6f81d400bfebe1d3c60ec08796d5f876fa5b21,4603395,3072,4080,JPEG,1,OPPO,OPPO Reno12 F,,,,,,,,,,,2026:09:12 14:21:38,geo_g7,geometry,geo_g7,g7_r1,True,primary_geometry_candidate,,262,52,0.571428571429,,forward_ordered_phase,v4_phone_rear_26mm,True,287.16095,84.155594,0,144,0.24609375,51.617165,1.0198638,observed_content_signal
IMG20260912142140.jpg,ed8e2ae84de9ff6f42f8d8f9dd7741e8b70cb04c62bf7096675d7336a6dab284,4635183,3072,4080,JPEG,1,OPPO,OPPO Reno12 F,,,,,,,,,,,2026:09:12 14:21:40,geo_g7,geometry,geo_g7,g7_r1,True,primary_geometry_candidate,,263,53,0.582417582418,,forward_ordered_phase,v4_phone_rear_26mm,True,286.99243,84.223526,0,144,0.24609375,51.622532,1.005915,observed_content_signal
IMG20260912142148.jpg,166a17eb559b60973ab66bba846f58a5465b5e374b5e732c68fdb477919ca21b,4572155,3072,4080,JPEG,1,OPPO,OPPO Reno12 F,,,,,,,,,,,2026:09:12 14:21:48,geo_g7,geometry,geo_g7,g7_r1,True,primary_geometry_candidate,,264,54,0.593406593407,,forward_ordered_phase,v4_phone_rear_26mm,True,287.51758,84.36615,0,144,0.24609375,51.673714,1.0091958,observed_content_signal
IMG20260912142150.jpg,aa5836c051d683b4726ef937e3e1a7c5fbf1d6c43fcf19be580e71b753752ece,4663162,3072,4080,JPEG,1,OPPO,OPPO Reno12 F,,,,,,,,,,,2026:09:12 14:21:50,geo_g7,geometry,geo_g7,g7_r1,True,primary_geometry_candidate,,265,55,0.604395604396,,forward_ordered_phase,v4_phone_rear_26mm,True,287.6691,84.426254,0,144,0.24609375,51.668098,0.99101256,observed_content_signal
IMG20260912142151.jpg,6e118923155cbff64e560b5aaea107ab700af74206e4376af8dc08aa75d28522,4672027,3072,4080,JPEG,1,OPPO,OPPO Reno12 F,,,,,,,,,,,2026:09:12 14:21:51,geo_g7,geometry,geo_g7,g7_r1,True,primary_geometry_candidate,,266,56,0.615384615385,,forward_ordered_phase,v4_phone_rear_26mm,True,285.44458,84.470139,0,144,0.24609375,51.636589,0.96794906,observed_content_signal
IMG20260912142153.jpg,6e21c9c31d79a3626c71948785f975de49706af31120c90310cc51b679e60dc0,4671901,3072,4080,JPEG,1,OPPO,OPPO Reno12 F,,,,,,,,,,,2026:09:12 14:21:53,geo_g7,geometry,geo_g7,g7_r1,True,primary_geometry_candidate,,267,57,0.626373626374,,forward_ordered_phase,v4_phone_rear_26mm,True,286.54346,84.44368,0,144,0.24609375,51.569447,0.95527538,observed_content_signal
IMG20260912142154.jpg,602145c27717a8b2cd80b86a54a7f8664ff284d148c90b2c9e78e9bba5c0a2df,4573893,3072,4080,JPEG,1,OPPO,OPPO Reno12 F,,,,,,,,,,,2026:09:12 14:21:54,geo_g7,geometry,geo_g7,g7_r1,True,primary_geometry_candidate,,268,58,0.637362637363,,forward_ordered_phase,v4_phone_rear_26mm,True,284.55301,84.417236,0,145,0.24609375,51.469818,0.94370348,observed_content_signal
IMG20260912142156.jpg,59792a99c599fa51e6933cac9395ba7e4578c8e5b4301e36090f35916beb3b87,4577175,3072,4080,JPEG,1,OPPO,OPPO Reno12 F,,,,,,,,,,,2026:09:12 14:21:56,geo_g7,geometry,geo_g7,g7_r1,True,primary_geometry_candidate,,269,59,0.648351648352,,forward_ordered_phase,v4_phone_rear_26mm,True,282.24695,84.400711,0,145,0.24609375,51.360416,0.93407009,observed_content_signal
IMG20260912142158.jpg,27a1610c0e1d872092ea184d5324bc7b4c60c1e40948f8e442550b3aaba6adac,4663040,3072,4080,JPEG,1,OPPO,OPPO Reno12 F,,,,,,,,,,,2026:09:12 14:21:58,geo_g7,geometry,geo_g7,g7_r1,True,primary_geometry_candidate,,270,60,0.659340659341,,forward_ordered_phase,v4_phone_rear_26mm,True,292.56451,84.262299,0,145,0.24609375,51.221802,0.9360774,observed_content_signal
IMG20260912142200.jpg,5de71c64dbab43eafb234a5b13978859aa312cbd1cf8ecbb918cddaf69c0eb52,4515631,3072,4080,JPEG,1,OPPO,OPPO Reno12 F,,,,,,,,,,,2026:09:12 14:22:00,geo_g7,geometry,geo_g7,g7_r1,True,primary_geometry_candidate,,271,61,0.670329670330,,forward_ordered_phase,v4_phone_rear_26mm,True,302.29187,84.319656,0,146,0.24609375,51.272369,0.93625329,observed_content_signal
IMG20260912142202.jpg,b59f37699dc21391feb9566fbed1b94673e6c2c686f11ce121f16a7b2a2e4555,4627299,3072,4080,JPEG,1,OPPO,OPPO Reno12 F,,,,,,,,,,,2026:09:12 14:22:02,geo_g7,geometry,geo_g7,g7_r1,True,primary_geometry_candidate,,272,62,0.681318681319,,forward_ordered_phase,v4_phone_rear_26mm,True,303.8219,84.401718,0,147,0.24609375,51.364193,0.94020337,observed_content_signal
IMG20260912142204.jpg,2f4dd6698553f2293fe3e34e1ccb9708f4b2336332146108acde5aa5cb8212ed,4625348,3072,4080,JPEG,1,OPPO,OPPO Reno12 F,,,,,,,,,,,2026:09:12 14:22:04,geo_g7,geometry,geo_g7,g7_r1,True,primary_geometry_candidate,,273,63,0.692307692308,,forward_ordered_phase,v4_phone_rear_26mm,True,304.19775,84.36615,0,147,0.24609375,51.378746,0.94396092,observed_content_signal
IMG20260912142206.jpg,f6bef257b6792b96c8922c36b8497d422b5d5b7f68cc60922e178cb89662a159,4617856,3072,4080,JPEG,1,OPPO,OPPO Reno12 F,,,,,,,,,,,2026:09:12 14:22:06,geo_g7,geometry,geo_g7,g7_r1,True,primary_geometry_candidate,,274,64,0.703296703297,,forward_ordered_phase,v4_phone_rear_26mm,True,303.5585,84.324265,0,147,0.24609375,51.369961,0.95209389,observed_content_signal
IMG20260912142206_01.jpg,70c5614bcc90016a0d2414db7508f22a54681868233eb049922dc0fc8682d639,4654051,3072,4080,JPEG,1,OPPO,OPPO Reno12 F,,,,,,,,,,,2026:09:12 14:22:06,geo_g7,geometry,geo_g7,g7_r1,True,primary_geometry_candidate,,275,65,0.714285714286,,forward_ordered_phase,v4_phone_rear_26mm,True,303.77328,84.350067,0,147,0.24609375,51.38216,0.95231778,observed_content_signal
IMG20260912142207.jpg,0b022de6e5e6c6b9905b2c9da429ec7d1e15cf93edd244fe67879aefb1653bc7,4659693,3072,4080,JPEG,1,OPPO,OPPO Reno12 F,,,,,,,,,,,2026:09:12 14:22:07,geo_g7,geometry,geo_g7,g7_r1,True,primary_geometry_candidate,,276,66,0.725274725275,,forward_ordered_phase,v4_phone_rear_26mm,True,304.44171,84.355301,0,146,0.24609375,51.375713,0.95439471,observed_content_signal
IMG20260912142209.jpg,1442a5237af93110a37a89ab48d8b07bb846f16ac3320d18c4ebe804961eb283,4639747,3072,4080,JPEG,1,OPPO,OPPO Reno12 F,,,,,,,,,,,2026:09:12 14:22:09,geo_g7,geometry,geo_g7,g7_r1,True,primary_geometry_candidate,,277,67,0.736263736264,,forward_ordered_phase,v4_phone_rear_26mm,True,304.69449,84.306335,0,146,0.24609375,51.320984,0.95452264,observed_content_signal
IMG20260912142210.jpg,9821a004026c97b7d1b4b7b770fa1e1916281342dc9087c7ba968fb935e32047,4673618,3072,4080,JPEG,1,OPPO,OPPO Reno12 F,,,,,,,,,,,2026:09:12 14:22:10,geo_g7,geometry,geo_g7,g7_r1,True,primary_geometry_candidate,,278,68,0.747252747253,,forward_ordered_phase,v4_phone_rear_26mm,True,304.60437,84.21936,0,146,0.24609375,51.248615,0.958314,observed_content_signal
IMG20260912142212.jpg,047f570e8341be36f27226d3eacd044ba6c5b29811d51c45577141f8f235672b,4668385,3072,4080,JPEG,1,OPPO,OPPO Reno12 F,,,,,,,,,,,2026:09:12 14:22:12,geo_g7,geometry,geo_g7,g7_r1,True,primary_geometry_candidate,,279,69,0.758241758242,,forward_ordered_phase,v4_phone_rear_26mm,True,301.51349,84.174896,0,146,0.24609375,51.256226,0.96510048,observed_content_signal
IMG20260912142213.jpg,c2cacdee40ba53a20bdb291d6a09011de36cf4db4bc7b5d4688cc19bd4afae9c,4623662,3072,4080,JPEG,1,OPPO,OPPO Reno12 F,,,,,,,,,,,2026:09:12 14:22:13,geo_g7,geometry,geo_g7,g7_r1,True,primary_geometry_candidate,,280,70,0.769230769231,,forward_ordered_phase,v4_phone_rear_26mm,True,292.85794,84.137238,0,145,0.24609375,51.269119,0.98884111,observed_content_signal
IMG20260912142215.jpg,4162b72b03d3acd487c1c75a3d146192523043fe5d940ca691b5feaa5745b594,4561791,3072,4080,JPEG,1,OPPO,OPPO Reno12 F,,,,,,,,,,,2026:09:12 14:22:15,geo_g7,geometry,geo_g7,g7_r1,True,primary_geometry_candidate,,281,71,0.780219780220,,forward_ordered_phase,v4_phone_rear_26mm,True,287.42133,83.884125,0,145,0.24609375,51.376369,1.029888,observed_content_signal
IMG20260912142217.jpg,c4cc6aa1b4f1ed2e265d0181156c021c6028f62c3207d2da00d1419c029c6e31,4698502,3072,4080,JPEG,1,OPPO,OPPO Reno12 F,,,,,,,,,,,2026:09:12 14:22:17,geo_g7,geometry,geo_g7,g7_r1,True,primary_geometry_candidate,,282,72,0.791208791209,,forward_ordered_phase,v4_phone_rear_26mm,True,285.41241,83.681137,0,145,0.24629211,51.412472,1.0606531,observed_content_signal
IMG20260912142218.jpg,d045f2f93a1a3d06dc150a764795241d68b9c9a4b6d9fe0b043dc49b942e41ac,4691512,3072,4080,JPEG,1,OPPO,OPPO Reno12 F,,,,,,,,,,,2026:09:12 14:22:18,geo_g7,geometry,geo_g7,g7_r1,True,primary_geometry_candidate,,283,73,0.802197802198,,forward_ordered_phase,v4_phone_rear_26mm,True,284.96014,83.477768,0,145,0.24621582,51.396736,1.1002019,observed_content_signal
IMG20260912142220.jpg,fe1cfba0ded4235d2285c5e135a45fe9a6e3dd04bc20704a7a36542d48253608,4682790,3072,4080,JPEG,1,OPPO,OPPO Reno12 F,,,,,,,,,,,2026:09:12 14:22:20,geo_g7,geometry,geo_g7,g7_r1,True,primary_geometry_candidate,,284,74,0.813186813187,,forward_ordered_phase,v4_phone_rear_26mm,True,280.67563,83.389648,0,144,0.24621582,51.294151,1.1217084,observed_content_signal
IMG20260912142221.jpg,80cce65f51ee75cd05e5d83b28e52cc5ffaecbd1a011f28e90478d02f223baeb,4656144,3072,4080,JPEG,1,OPPO,OPPO Reno12 F,,,,,,,,,,,2026:09:12 14:22:21,geo_g7,geometry,geo_g7,g7_r1,True,primary_geometry_candidate,,285,75,0.824175824176,,forward_ordered_phase,v4_phone_rear_26mm,True,282.67743,83.425201,0,144,0.24609375,51.195992,1.122392,observed_content_signal
IMG20260912142223.jpg,33f1d5e3c32ab970eedefb438c8dde3e5d9adb9ef179fd23d211cd79e292df6c,4674096,3072,4080,JPEG,1,OPPO,OPPO Reno12 F,,,,,,,,,,,2026:09:12 14:22:23,geo_g7,geometry,geo_g7,g7_r1,True,primary_geometry_candidate,,286,76,0.835164835165,,forward_ordered_phase,v4_phone_rear_26mm,True,283.26556,83.582001,0,144,0.24609375,51.097015,1.1238461,observed_content_signal
IMG20260912142225.jpg,939d1f378a1bb143c33e23b769bfae8ad063d8d29b1ba7288b3b1735b84e15e3,4503382,3072,4080,JPEG,1,OPPO,OPPO Reno12 F,,,,,,,,,,,2026:09:12 14:22:25,geo_g7,geometry,geo_g7,g7_r1,True,primary_geometry_candidate,,287,77,0.846153846154,,forward_ordered_phase,v4_phone_rear_26mm,True,282.08694,83.778244,0,143,0.24609375,51.011063,1.108624,observed_content_signal
IMG20260912142228.jpg,85f56d87fe84be2b9bcc8d7045c302959a921a88c16421a6c34ee68754ad47bc,4439305,3072,4080,JPEG,1,OPPO,OPPO Reno12 F,,,,,,,,,,,2026:09:12 14:22:28,geo_g7,geometry,geo_g7,g7_r1,True,primary_geometry_candidate,,288,78,0.857142857143,,forward_ordered_phase,v4_phone_rear_26mm,True,284.30423,83.673325,0,143,0.24620056,51.048103,1.1028794,observed_content_signal
IMG20260912142229.jpg,ed6b6ebfd870f40899ffc440ae07307d2aa03259774ee1b45fe82176663ac3bb,4667037,3072,4080,JPEG,1,OPPO,OPPO Reno12 F,,,,,,,,,,,2026:09:12 14:22:29,geo_g7,geometry,geo_g7,g7_r1,True,primary_geometry_candidate,,289,79,0.868131868132,,forward_ordered_phase,v4_phone_rear_26mm,True,280.63272,83.59256,0,143,0.24610901,51.083302,1.1004932,observed_content_signal
IMG20260912142231.jpg,f46e260f2b7b24b8505f7133f943003bde3cd06c51d44524c01fe223fc8f8ceb,4693931,3072,4080,JPEG,1,OPPO,OPPO Reno12 F,,,,,,,,,,,2026:09:12 14:22:31,geo_g7,geometry,geo_g7,g7_r1,True,primary_geometry_candidate,,290,80,0.879120879121,,forward_ordered_phase,v4_phone_rear_26mm,True,280.21255,83.581375,0,143,0.24612427,51.092781,1.0921905,observed_content_signal
IMG20260912142233.jpg,bb817138ab28a63422374a00b80382a31740c19eb67880d0e890c9ba5ba06ce1,4670599,3072,4080,JPEG,1,OPPO,OPPO Reno12 F,,,,,,,,,,,2026:09:12 14:22:33,geo_g7,geometry,geo_g7,g7_r1,True,primary_geometry_candidate,,291,81,0.890109890110,,forward_ordered_phase,v4_phone_rear_26mm,True,280.28259,83.663254,0,144,0.24610901,51.107059,1.0701822,observed_content_signal
IMG20260912142234.jpg,da2006a9e1a4051bf0270b99bdcc669fa4af02c83c104adf040dbf56d998f9f0,4448779,3072,4080,JPEG,1,OPPO,OPPO Reno12 F,,,,,,,,,,,2026:09:12 14:22:34,geo_g7,geometry,geo_g7,g7_r1,True,primary_geometry_candidate,,292,82,0.901098901099,,forward_ordered_phase,v4_phone_rear_26mm,True,287.02124,83.754364,0,144,0.24609375,51.114315,1.0405573,observed_content_signal
IMG20260912142235.jpg,5894dcbf9355bb665c66f3f771819d9b2d4f8b535c3e7bf59f8bec8f944f4351,4678913,3072,4080,JPEG,1,OPPO,OPPO Reno12 F,,,,,,,,,,,2026:09:12 14:22:35,geo_g7,geometry,geo_g7,g7_r1,True,primary_geometry_candidate,,293,83,0.912087912088,,forward_ordered_phase,v4_phone_rear_26mm,True,290.00104,83.79863,0,144,0.24609375,51.099491,1.0282073,observed_content_signal
IMG20260912142238.jpg,2c785dcbe4535ec0b2894b80055525fa907b1be69571afdfdf4313cc23557fad,4644281,3072,4080,JPEG,1,OPPO,OPPO Reno12 F,,,,,,,,,,,2026:09:12 14:22:38,geo_g7,geometry,geo_g7,g7_r1,True,primary_geometry_candidate,,294,84,0.923076923077,,forward_ordered_phase,v4_phone_rear_26mm,True,294.90234,83.808304,0,145,0.24609375,51.030098,1.0059391,observed_content_signal
IMG20260912142239.jpg,e606db602eb4c78fd7e2e50c6bb3896e7ad21bd8b5be263c2e421a9171f521a4,4644302,3072,4080,JPEG,1,OPPO,OPPO Reno12 F,,,,,,,,,,,2026:09:12 14:22:39,geo_g7,geometry,geo_g7,g7_r1,True,primary_geometry_candidate,,295,85,0.934065934066,,forward_ordered_phase,v4_phone_rear_26mm,True,293.32559,83.824692,0,145,0.24609375,50.952763,0.98707233,observed_content_signal
IMG20260912142241.jpg,0ee010cb5b1f81dcd8d6be163d261b7f2df5e3af87514e674ec0aad29ecdc062,4693851,3072,4080,JPEG,1,OPPO,OPPO Reno12 F,,,,,,,,,,,2026:09:12 14:22:41,geo_g7,geometry,geo_g7,g7_r1,True,primary_geometry_candidate,,296,86,0.945054945055,,forward_ordered_phase,v4_phone_rear_26mm,True,302.21045,83.845428,0,145,0.24609375,50.888489,0.97594503,observed_content_signal
IMG20260912142243.jpg,1110c16574e989ba12092e28572b0503d1d526202c6132acabac5e852f17ff42,4654662,3072,4080,JPEG,1,OPPO,OPPO Reno12 F,,,,,,,,,,,2026:09:12 14:22:43,geo_g7,geometry,geo_g7,g7_r1,True,primary_geometry_candidate,,297,87,0.956043956044,,forward_ordered_phase,v4_phone_rear_26mm,True,304.79608,84.032333,0,146,0.24609375,50.977524,0.95980943,observed_content_signal
IMG20260912142244.jpg,3b55ba37d5c47f3e2dd09bed3a3ead36086b64d9f7ecd9d546a9b4a955aafe96,4683394,3072,4080,JPEG,1,OPPO,OPPO Reno12 F,,,,,,,,,,,2026:09:12 14:22:44,geo_g7,geometry,geo_g7,g7_r1,True,primary_geometry_candidate,,298,88,0.967032967033,,forward_ordered_phase,v4_phone_rear_26mm,True,307.13806,84.20549,0,147,0.24609375,51.107075,0.95243602,observed_content_signal
IMG20260912142246.jpg,aa8a327cf164b053526368caa39e8d2a101b491034249eb2d4f7678812d23527,4687872,3072,4080,JPEG,1,OPPO,OPPO Reno12 F,,,,,,,,,,,2026:09:12 14:22:46,geo_g7,geometry,geo_g7,g7_r1,True,primary_geometry_candidate,,299,89,0.978021978022,,forward_ordered_phase,v4_phone_rear_26mm,True,307.37976,84.253632,0,147,0.24609375,51.179195,0.95476338,observed_content_signal
IMG20260912142248.jpg,dfcbce5e33c964e784d87d4b0bdaebde18ad4df9c5055950a34f1c7a0a08f6e8,4635080,3072,4080,JPEG,1,OPPO,OPPO Reno12 F,,,,,,,,,,,2026:09:12 14:22:48,geo_g7,geometry,geo_g7,g7_r1,True,primary_geometry_candidate,,300,90,0.989010989011,,forward_ordered_phase,v4_phone_rear_26mm,True,307.41412,84.21402,0,147,0.24609375,51.198441,0.95861312,observed_content_signal
IMG20260912142249.jpg,c78ee17714bf36b2fa5a7dbf8e3147d23287ffdf2f7ed220c8d5ae41cb2be9a8,4669475,3072,4080,JPEG,1,OPPO,OPPO Reno12 F,,,,,,,,,,,2026:09:12 14:22:49,geo_g7,geometry,geo_g7,g7_r2,False,partial_repeated_cycle_secondary_ring,,301,0,0.000000000000,,forward_ordered_phase,v4_phone_rear_26mm,True,305.88092,84.253647,0,146,0.24609375,51.223972,0.96106164,observed_content_signal
IMG20260912142251.jpg,9f0870512bd08a8ffe4bb1d2e3836716c32609e7aaea2918c9af3183f7a55ed5,4682337,3072,4080,JPEG,1,OPPO,OPPO Reno12 F,,,,,,,,,,,2026:09:12 14:22:51,geo_g7,geometry,geo_g7,g7_r2,False,partial_repeated_cycle_secondary_ring,,302,1,0.019607843137,,forward_ordered_phase,v4_phone_rear_26mm,True,304.92236,84.308151,0,146,0.24609375,51.231972,0.96172875,observed_content_signal
IMG20260912142253.jpg,1ec2e647f9a43adba5c089e329569fe1f15dd5780551078ae3d2a85c2246e063,4488710,3072,4080,JPEG,1,OPPO,OPPO Reno12 F,,,,,,,,,,,2026:09:12 14:22:53,geo_g7,geometry,geo_g7,g7_r2,False,partial_repeated_cycle_secondary_ring,,303,2,0.039215686275,,forward_ordered_phase,v4_phone_rear_26mm,True,303.42865,84.298386,0,146,0.24609375,51.22023,0.95978035,observed_content_signal
IMG20260912142254.jpg,430baadda4040b61f25cc400f1929f86e468cee9a0840b195d901cf0bccb1bad,4656079,3072,4080,JPEG,1,OPPO,OPPO Reno12 F,,,,,,,,,,,2026:09:12 14:22:54,geo_g7,geometry,geo_g7,g7_r2,False,partial_repeated_cycle_secondary_ring,,304,3,0.058823529412,,forward_ordered_phase,v4_phone_rear_26mm,True,293.9104,84.382385,0,146,0.24609375,51.294235,0.96031288,observed_content_signal
IMG20260912142256.jpg,bc28bca1b6a4a899fc517474011d607e859afb3d6f854054305c751e9b9d5b0f,4700121,3072,4080,JPEG,1,OPPO,OPPO Reno12 F,,,,,,,,,,,2026:09:12 14:22:56,geo_g7,geometry,geo_g7,g7_r2,False,partial_repeated_cycle_secondary_ring,,305,4,0.078431372549,,forward_ordered_phase,v4_phone_rear_26mm,True,290.38135,84.442291,0,146,0.24609375,51.430332,0.98018835,observed_content_signal
IMG20260912142258.jpg,68affc2a28b94cf2098918c716f8a5ab7e8ffb9cb4eb6f14616db2e66e5e49f7,4668957,3072,4080,JPEG,1,OPPO,OPPO Reno12 F,,,,,,,,,,,2026:09:12 14:22:58,geo_g7,geometry,geo_g7,g7_r2,False,partial_repeated_cycle_secondary_ring,,306,5,0.098039215686,,forward_ordered_phase,v4_phone_rear_26mm,True,291.15985,84.413208,0,146,0.24613953,51.603893,0.99795256,observed_content_signal
IMG20260912142259.jpg,537ed2e0a1e794a3786bbd2e9993ffd6e0cb3446985e7bf851d0422ab093f89f,4684501,3072,4080,JPEG,1,OPPO,OPPO Reno12 F,,,,,,,,,,,2026:09:12 14:22:59,geo_g7,geometry,geo_g7,g7_r2,False,partial_repeated_cycle_secondary_ring,,307,6,0.117647058824,,forward_ordered_phase,v4_phone_rear_26mm,True,291.1109,84.34491,0,145,0.24617004,51.669071,1.0174575,observed_content_signal
IMG20260912142301.jpg,dd368ec5ae34f973ab452f3983be4d218c12c5fd729d9f301b5506bf08e0dab4,4565113,3072,4080,JPEG,1,OPPO,OPPO Reno12 F,,,,,,,,,,,2026:09:12 14:23:01,geo_g7,geometry,geo_g7,g7_r2,False,partial_repeated_cycle_secondary_ring,,308,7,0.137254901961,,forward_ordered_phase,v4_phone_rear_26mm,True,285.41217,84.120819,0,145,0.24613953,51.606033,1.0546932,observed_content_signal
IMG20260912142302.jpg,99989f7224f72ba41fbc947ecc912738e855ffe7525b9437984c660baa046f22,4487816,3072,4080,JPEG,1,OPPO,OPPO Reno12 F,,,,,,,,,,,2026:09:12 14:23:02,geo_g7,geometry,geo_g7,g7_r2,False,partial_repeated_cycle_secondary_ring,,309,8,0.156862745098,,forward_ordered_phase,v4_phone_rear_26mm,True,282.85602,84.153625,0,145,0.24609375,51.569733,1.0649928,observed_content_signal
IMG20260912142304.jpg,3de48836a190a5dbc0371fa5fd08bc36ad9b0a6b70575fd6b68b15d9cd541b53,4669304,3072,4080,JPEG,1,OPPO,OPPO Reno12 F,,,,,,,,,,,2026:09:12 14:23:04,geo_g7,geometry,geo_g7,g7_r2,False,partial_repeated_cycle_secondary_ring,,310,9,0.176470588235,,forward_ordered_phase,v4_phone_rear_26mm,True,282.18152,84.175552,0,144,0.24609375,51.477867,1.0625423,observed_content_signal
IMG20260912142305.jpg,3b897c0c1bad0b197de5b66209dca958d0bd503ef7af1b5a8adbd5173872c5df,4699369,3072,4080,JPEG,1,OPPO,OPPO Reno12 F,,,,,,,,,,,2026:09:12 14:23:05,geo_g7,geometry,geo_g7,g7_r2,False,partial_repeated_cycle_secondary_ring,,311,10,0.196078431373,,forward_ordered_phase,v4_phone_rear_26mm,True,284.17841,84.357605,0,144,0.24610901,51.438652,1.0448515,observed_content_signal
IMG20260912142307.jpg,80558ec08ac6aa7d4f8fb9436bca002442a2ec1437f40cd6d67abc0d02d1a76c,4643594,3072,4080,JPEG,1,OPPO,OPPO Reno12 F,,,,,,,,,,,2026:09:12 14:23:07,geo_g7,geometry,geo_g7,g7_r2,False,partial_repeated_cycle_secondary_ring,,312,11,0.215686274510,,forward_ordered_phase,v4_phone_rear_26mm,True,287.0152,84.369049,0,143,0.24613953,51.437634,1.0311152,observed_content_signal
IMG20260912142309.jpg,905248bebf9343a41ea9d48a526c9c4a7967ea023c6df22f590367033194ee62,4676019,3072,4080,JPEG,1,OPPO,OPPO Reno12 F,,,,,,,,,,,2026:09:12 14:23:09,geo_g7,geometry,geo_g7,g7_r2,False,partial_repeated_cycle_secondary_ring,,313,12,0.235294117647,,forward_ordered_phase,v4_phone_rear_26mm,True,288.26105,84.36824,0,143,0.24642944,51.641449,1.0280954,observed_content_signal
IMG20260912142315.jpg,fc0591cb9d957c5afae38cae3a5e35a2c921fd30ed880a0ebea2f7c9c2b36246,4696585,3072,4080,JPEG,1,OPPO,OPPO Reno12 F,,,,,,,,,,,2026:09:12 14:23:15,geo_g7,geometry,geo_g7,g7_r2,False,partial_repeated_cycle_secondary_ring,,314,13,0.254901960784,,forward_ordered_phase,v4_phone_rear_26mm,True,288.9686,84.422867,0,143,0.2464447,51.671246,1.028551,observed_content_signal
IMG20260912142316.jpg,118aa66038b04b40e55aa314373b7c8351fb6db5bbe0ac020a441b49cbfdc563,4674245,3072,4080,JPEG,1,OPPO,OPPO Reno12 F,,,,,,,,,,,2026:09:12 14:23:16,geo_g7,geometry,geo_g7,g7_r2,False,partial_repeated_cycle_secondary_ring,,315,14,0.274509803922,,forward_ordered_phase,v4_phone_rear_26mm,True,287.07468,84.477814,0,144,0.24609375,51.737072,1.0109859,observed_content_signal
IMG20260912142318.jpg,8263504ad8ff57f1e4eb8957efff14b4154b9ac9ce8438f7af60275eb255d6a4,4691470,3072,4080,JPEG,1,OPPO,OPPO Reno12 F,,,,,,,,,,,2026:09:12 14:23:18,geo_g7,geometry,geo_g7,g7_r2,False,partial_repeated_cycle_secondary_ring,,316,15,0.294117647059,,forward_ordered_phase,v4_phone_rear_26mm,True,288.21265,84.521454,0,144,0.24609375,51.69957,0.9816635,observed_content_signal
IMG20260912142319.jpg,a709b3cfe7a5fc54449691b05d865050b471477fb5ba66ac87b1a9d809d28aba,4678394,3072,4080,JPEG,1,OPPO,OPPO Reno12 F,,,,,,,,,,,2026:09:12 14:23:19,geo_g7,geometry,geo_g7,g7_r2,False,partial_repeated_cycle_secondary_ring,,317,16,0.313725490196,,forward_ordered_phase,v4_phone_rear_26mm,True,286.24472,84.544022,0,144,0.24609375,51.653515,0.96193215,observed_content_signal
IMG20260912142321.jpg,0a9b2a9cb9ee26a966c28b9d8fd4feaa418b1f05c3d737d3cc40d3f4ae92ce16,4704815,3072,4080,JPEG,1,OPPO,OPPO Reno12 F,,,,,,,,,,,2026:09:12 14:23:21,geo_g7,geometry,geo_g7,g7_r2,False,partial_repeated_cycle_secondary_ring,,318,17,0.333333333333,,forward_ordered_phase,v4_phone_rear_26mm,True,285.87738,84.530838,0,145,0.24609375,51.562424,0.94563383,observed_content_signal
IMG20260912142322.jpg,04e7f655a8f4988406a8c62a7d4f8d0ca203751501f67d9905f9d5730e0514cf,4675425,3072,4080,JPEG,1,OPPO,OPPO Reno12 F,,,,,,,,,,,2026:09:12 14:23:22,geo_g7,geometry,geo_g7,g7_r2,False,partial_repeated_cycle_secondary_ring,,319,18,0.352941176471,,forward_ordered_phase,v4_phone_rear_26mm,True,284.62683,84.473297,0,145,0.24609375,51.425972,0.93395467,observed_content_signal
IMG20260912142324.jpg,8b168253ba5c132755277dd5c7f2869de36cc50c0740072e58d0b11d3fe0303f,4461806,3072,4080,JPEG,1,OPPO,OPPO Reno12 F,,,,,,,,,,,2026:09:12 14:23:24,geo_g7,geometry,geo_g7,g7_r2,False,partial_repeated_cycle_secondary_ring,,320,19,0.372549019608,,forward_ordered_phase,v4_phone_rear_26mm,True,288.52975,84.408707,0,145,0.24609375,51.308651,0.93532905,observed_content_signal
IMG20260912142325.jpg,495d8b71b4418b3ad3130f27c9fb81b6bdcc5cd7155f9df84d01b026319f31a7,4637023,3072,4080,JPEG,1,OPPO,OPPO Reno12 F,,,,,,,,,,,2026:09:12 14:23:25,geo_g7,geometry,geo_g7,g7_r2,False,partial_repeated_cycle_secondary_ring,,321,20,0.392156862745,,forward_ordered_phase,v4_phone_rear_26mm,True,300.99808,84.409485,0,146,0.24609375,51.314228,0.93510207,observed_content_signal
IMG20260912142326.jpg,f0e8127513c16b7f0a74b93113abb6056fbdc6825045413f79c69eca1d958f5f,4650295,3072,4080,JPEG,1,OPPO,OPPO Reno12 F,,,,,,,,,,,2026:09:12 14:23:26,geo_g7,geometry,geo_g7,g7_r2,False,partial_repeated_cycle_secondary_ring,,322,21,0.411764705882,,forward_ordered_phase,v4_phone_rear_26mm,True,305.28619,84.511292,0,147,0.24609375,51.422211,0.93881944,observed_content_signal
IMG20260912142328.jpg,6df321e5bb73309c5e77e49abdaaeb535ecc764345d201e49ab1b23cc6601fab,4684493,3072,4080,JPEG,1,OPPO,OPPO Reno12 F,,,,,,,,,,,2026:09:12 14:23:28,geo_g7,geometry,geo_g7,g7_r2,False,partial_repeated_cycle_secondary_ring,,323,22,0.431372549020,,forward_ordered_phase,v4_phone_rear_26mm,True,304.97925,84.458038,0,147,0.24609375,51.419788,0.94374253,observed_content_signal
IMG20260912142329.jpg,a149fb9ebdc15e96cefc715ca6da092dfa038340852c399f3f147fb4ec39d854,4691372,3072,4080,JPEG,1,OPPO,OPPO Reno12 F,,,,,,,,,,,2026:09:12 14:23:29,geo_g7,geometry,geo_g7,g7_r2,False,partial_repeated_cycle_secondary_ring,,324,23,0.450980392157,,forward_ordered_phase,v4_phone_rear_26mm,True,305.14093,84.447052,0,147,0.24609375,51.445366,0.95211318,observed_content_signal
IMG20260912142330.jpg,a402ebb4ecb531d4fdc228211fb8979d11b667c9e71acaf7ded1220f9d112815,4668879,3072,4080,JPEG,1,OPPO,OPPO Reno12 F,,,,,,,,,,,2026:09:12 14:23:30,geo_g7,geometry,geo_g7,g7_r2,False,partial_repeated_cycle_secondary_ring,,325,24,0.470588235294,,forward_ordered_phase,v4_phone_rear_26mm,True,305.14386,84.444504,0,146,0.24609375,51.421101,0.95348629,observed_content_signal
IMG20260912142332.jpg,e79bd5ecdc79486a34b3673f97288a339d213d8c2afa60b4a95e7a971e14857e,4592643,3072,4080,JPEG,1,OPPO,OPPO Reno12 F,,,,,,,,,,,2026:09:12 14:23:32,geo_g7,geometry,geo_g7,g7_r2,False,partial_repeated_cycle_secondary_ring,,326,25,0.490196078431,,forward_ordered_phase,v4_phone_rear_26mm,True,305.36008,84.460312,0,146,0.24609375,51.412724,0.95447022,observed_content_signal
IMG20260912142333.jpg,b30fd73b4d6f80ba9d09f2af03d6999635eccd9e4daae0ad5ed48a5fc11e80bc,4706064,3072,4080,JPEG,1,OPPO,OPPO Reno12 F,,,,,,,,,,,2026:09:12 14:23:33,geo_g7,geometry,geo_g7,g7_r2,False,partial_repeated_cycle_secondary_ring,,327,26,0.509803921569,,forward_ordered_phase,v4_phone_rear_26mm,True,304.37366,84.409409,0,146,0.24609375,51.36356,0.95891333,observed_content_signal
IMG20260912142334.jpg,8f3796c0d63836b46b06ef5ccf223f46f9842259e714d20b33d199d26324d38a,4698305,3072,4080,JPEG,1,OPPO,OPPO Reno12 F,,,,,,,,,,,2026:09:12 14:23:34,geo_g7,geometry,geo_g7,g7_r2,False,partial_repeated_cycle_secondary_ring,,328,27,0.529411764706,,forward_ordered_phase,v4_phone_rear_26mm,True,301.0209,84.350311,0,146,0.24609375,51.342598,0.96277804,observed_content_signal
IMG20260912142336.jpg,c05ab23ccee1da852f51c5e179f8b46ecdfa96b7667ae5fd57a4618e4c29419b,4698133,3072,4080,JPEG,1,OPPO,OPPO Reno12 F,,,,,,,,,,,2026:09:12 14:23:36,geo_g7,geometry,geo_g7,g7_r2,False,partial_repeated_cycle_secondary_ring,,329,28,0.549019607843,,forward_ordered_phase,v4_phone_rear_26mm,True,294.75327,84.324783,0,146,0.24609375,51.356609,0.97154709,observed_content_signal
IMG20260912142337.jpg,18d5d7226d158fb829e143327127c61b53afdcacb52a4a1683738961d5223519,4720650,3072,4080,JPEG,1,OPPO,OPPO Reno12 F,,,,,,,,,,,2026:09:12 14:23:37,geo_g7,geometry,geo_g7,g7_r2,False,partial_repeated_cycle_secondary_ring,,330,29,0.568627450980,,forward_ordered_phase,v4_phone_rear_26mm,True,289.03888,84.21991,0,146,0.24609375,51.410385,1.0053034,observed_content_signal
IMG20260912142338.jpg,a3a1d2728639c029f34c6eede595175028443b7980edd57ab425432f1802b058,4712683,3072,4080,JPEG,1,OPPO,OPPO Reno12 F,,,,,,,,,,,2026:09:12 14:23:38,geo_g7,geometry,geo_g7,g7_r2,False,partial_repeated_cycle_secondary_ring,,331,30,0.588235294118,,forward_ordered_phase,v4_phone_rear_26mm,True,288.85654,84.039474,0,146,0.24609375,51.452087,1.0264071,observed_content_signal
IMG20260912142339.jpg,117c20ae7f85c3dbfc14064eb50689d7c22b48b3a1437869e7159f14bf9acbf8,4704252,3072,4080,JPEG,1,OPPO,OPPO Reno12 F,,,,,,,,,,,2026:09:12 14:23:39,geo_g7,geometry,geo_g7,g7_r2,False,partial_repeated_cycle_secondary_ring,,332,31,0.607843137255,,forward_ordered_phase,v4_phone_rear_26mm,True,286.34442,83.76384,0,145,0.24629211,51.465343,1.0583094,observed_content_signal
IMG20260912142341.jpg,063c14771965700f92adb88435f8586151768cd9de29c4d1ca9891037e627c53,4550026,3072,4080,JPEG,1,OPPO,OPPO Reno12 F,,,,,,,,,,,2026:09:12 14:23:41,geo_g7,geometry,geo_g7,g7_r2,False,partial_repeated_cycle_secondary_ring,,333,32,0.627450980392,,forward_ordered_phase,v4_phone_rear_26mm,True,284.53143,83.605835,0,145,0.24621582,51.460049,1.0857409,observed_content_signal
IMG20260912142342.jpg,1676ae048019d3dd2e3507b9ecf4558680937a09068a433ac71d4668d1a0eeeb,4591936,3072,4080,JPEG,1,OPPO,OPPO Reno12 F,,,,,,,,,,,2026:09:12 14:23:42,geo_g7,geometry,geo_g7,g7_r2,False,partial_repeated_cycle_secondary_ring,,334,33,0.647058823529,,forward_ordered_phase,v4_phone_rear_26mm,True,284.77335,83.483566,0,145,0.24617004,51.418297,1.1100963,observed_content_signal
IMG20260912142343.jpg,3b2872a9820d996efd52a999e50af4d31f8e72fe92e86a34637fd694f859454c,4495497,3072,4080,JPEG,1,OPPO,OPPO Reno12 F,,,,,,,,,,,2026:09:12 14:23:43,geo_g7,geometry,geo_g7,g7_r2,False,partial_repeated_cycle_secondary_ring,,335,34,0.666666666667,,forward_ordered_phase,v4_phone_rear_26mm,True,281.68921,83.379227,0,144,0.24612427,51.34005,1.1226597,observed_content_signal
IMG20260912142344.jpg,421bec893c0153e5ca8208c78fe4eb5aade4f212bc6541cc118213e460502136,4623843,3072,4080,JPEG,1,OPPO,OPPO Reno12 F,,,,,,,,,,,2026:09:12 14:23:44,geo_g7,geometry,geo_g7,g7_r2,False,partial_repeated_cycle_secondary_ring,,336,35,0.686274509804,,forward_ordered_phase,v4_phone_rear_26mm,True,285.43616,83.530731,0,144,0.24609375,51.193726,1.1227504,observed_content_signal
IMG20260912142345.jpg,df55b728e26808996c435c87591c5ec17b495448a08e5f588711f4badac9ed7b,4693930,3072,4080,JPEG,1,OPPO,OPPO Reno12 F,,,,,,,,,,,2026:09:12 14:23:45,geo_g7,geometry,geo_g7,g7_r2,False,partial_repeated_cycle_secondary_ring,,337,36,0.705882352941,,forward_ordered_phase,v4_phone_rear_26mm,True,283.61542,83.749756,0,144,0.24609375,51.138683,1.1221958,observed_content_signal
IMG20260912142346.jpg,7fdb64e09e249e6b3e6485d9706f4805f05a5836abf06e969867dea4e48a8fd8,4700022,3072,4080,JPEG,1,OPPO,OPPO Reno12 F,,,,,,,,,,,2026:09:12 14:23:46,geo_g7,geometry,geo_g7,g7_r2,False,partial_repeated_cycle_secondary_ring,,338,37,0.725490196078,,forward_ordered_phase,v4_phone_rear_26mm,True,285.45865,83.797867,0,143,0.24610901,51.053169,1.1156792,observed_content_signal
IMG20260912142348.jpg,0d7a0975ef3106a51c98d88edd351093c5dccd457bbd04e4e5bf64cb52115776,4718946,3072,4080,JPEG,1,OPPO,OPPO Reno12 F,,,,,,,,,,,2026:09:12 14:23:48,geo_g7,geometry,geo_g7,g7_r2,False,partial_repeated_cycle_secondary_ring,,339,38,0.745098039216,,forward_ordered_phase,v4_phone_rear_26mm,True,284.47055,83.795288,0,143,0.24610901,51.018433,1.1074252,observed_content_signal
IMG20260912142350.jpg,47f81eb5aa7e3b0265bcfcef23bf814893d0f76384488ee8ef1c0bac956c682d,4751795,3072,4080,JPEG,1,OPPO,OPPO Reno12 F,,,,,,,,,,,2026:09:12 14:23:50,geo_g7,geometry,geo_g7,g7_r2,False,partial_repeated_cycle_secondary_ring,,340,39,0.764705882353,,forward_ordered_phase,v4_phone_rear_26mm,True,283.37799,83.774338,0,143,0.24615479,51.097137,1.10107,observed_content_signal
IMG20260912142352.jpg,f2625b7def735cccac9bd353b5026f030f3231bf924996c17490f1972bad40c2,4730115,3072,4080,JPEG,1,OPPO,OPPO Reno12 F,,,,,,,,,,,2026:09:12 14:23:52,geo_g7,geometry,geo_g7,g7_r2,False,partial_repeated_cycle_secondary_ring,,341,40,0.784313725490,,forward_ordered_phase,v4_phone_rear_26mm,True,281.43469,83.665085,0,143,0.24610901,51.136528,1.0994498,observed_content_signal
IMG20260912142353.jpg,083e51f2538374190a86dbf9f14a414c73d27fe46ea9d569a75ab6622d768a4c,4699813,3072,4080,JPEG,1,OPPO,OPPO Reno12 F,,,,,,,,,,,2026:09:12 14:23:53,geo_g7,geometry,geo_g7,g7_r2,False,partial_repeated_cycle_secondary_ring,,342,41,0.803921568627,,forward_ordered_phase,v4_phone_rear_26mm,True,280.12097,83.675613,0,144,0.24612427,51.138432,1.0891354,observed_content_signal
IMG20260912142354.jpg,d62db8558d7bbd18c80c3b8c48d2f8ad8070f056eefbaccf75178415c9b62a54,4641943,3072,4080,JPEG,1,OPPO,OPPO Reno12 F,,,,,,,,,,,2026:09:12 14:23:54,geo_g7,geometry,geo_g7,g7_r2,False,partial_repeated_cycle_secondary_ring,,343,42,0.823529411765,,forward_ordered_phase,v4_phone_rear_26mm,True,284.96359,83.753143,0,144,0.24609375,51.135979,1.058573,observed_content_signal
IMG20260912142355.jpg,3c633763677b756c1a1afd28680f8c071f7400f0d365e51f52f5cd2c61b720d5,4743188,3072,4080,JPEG,1,OPPO,OPPO Reno12 F,,,,,,,,,,,2026:09:12 14:23:55,geo_g7,geometry,geo_g7,g7_r2,False,partial_repeated_cycle_secondary_ring,,344,43,0.843137254902,,forward_ordered_phase,v4_phone_rear_26mm,True,288.7634,83.834335,0,144,0.24609375,51.124359,1.0322823,observed_content_signal
IMG20260912142356.jpg,64e6151227a5350a3d64840deaa7f50136d32109587a88ec9cc761a2771781ad,4706907,3072,4080,JPEG,1,OPPO,OPPO Reno12 F,,,,,,,,,,,2026:09:12 14:23:56,geo_g7,geometry,geo_g7,g7_r2,False,partial_repeated_cycle_secondary_ring,,345,44,0.862745098039,,forward_ordered_phase,v4_phone_rear_26mm,True,293.99951,83.864227,0,145,0.24609375,51.086021,1.0124215,observed_content_signal
IMG20260912142358.jpg,dc83aefc4c96ee012d2cc1ca5a8645f6d48966a1c0ab968cc720a03da4dc29cc,4617779,3072,4080,JPEG,1,OPPO,OPPO Reno12 F,,,,,,,,,,,2026:09:12 14:23:58,geo_g7,geometry,geo_g7,g7_r2,False,partial_repeated_cycle_secondary_ring,,346,45,0.882352941176,,forward_ordered_phase,v4_phone_rear_26mm,True,294.02927,83.891251,0,145,0.24609375,50.993328,0.98638908,observed_content_signal
IMG20260912142359.jpg,01b81d8ca988ace2b0134f337cda96a7ed615929eebe9a3b6aceadf476108b42,4604387,3072,4080,JPEG,1,OPPO,OPPO Reno12 F,,,,,,,,,,,2026:09:12 14:23:59,geo_g7,geometry,geo_g7,g7_r2,False,partial_repeated_cycle_secondary_ring,,347,46,0.901960784314,,forward_ordered_phase,v4_phone_rear_26mm,True,302.04562,83.882614,0,145,0.24609375,50.909588,0.9740439,observed_content_signal
IMG20260912142400.jpg,9208c436be04c171409d42b37e1e95fed93add47649502b7400617f7698d2e63,4680596,3072,4080,JPEG,1,OPPO,OPPO Reno12 F,,,,,,,,,,,2026:09:12 14:24:00,geo_g7,geometry,geo_g7,g7_r2,False,partial_repeated_cycle_secondary_ring,,348,47,0.921568627451,,forward_ordered_phase,v4_phone_rear_26mm,True,305.94492,84.176331,0,146,0.24609375,51.066635,0.95787729,observed_content_signal
IMG20260912142401.jpg,97ab71b282eaf2be3fdcc2cda1f7a4413e2bb6b7fc2b0e5b43f01ac673bb09c1,4691662,3072,4080,JPEG,1,OPPO,OPPO Reno12 F,,,,,,,,,,,2026:09:12 14:24:01,geo_g7,geometry,geo_g7,g7_r2,False,partial_repeated_cycle_secondary_ring,,349,48,0.941176470588,,forward_ordered_phase,v4_phone_rear_26mm,True,308.61456,84.319702,0,147,0.24609375,51.206078,0.95166254,observed_content_signal
IMG20260912142403.jpg,59a8aa459f15146c03e221168a7738fc201adeb864739d03f35d797661fa6197,4697385,3072,4080,JPEG,1,OPPO,OPPO Reno12 F,,,,,,,,,,,2026:09:12 14:24:03,geo_g7,geometry,geo_g7,g7_r2,False,partial_repeated_cycle_secondary_ring,,350,49,0.960784313725,,forward_ordered_phase,v4_phone_rear_26mm,True,308.35663,84.348328,0,147,0.24609375,51.259178,0.95603341,observed_content_signal
IMG20260912142404.jpg,8f53113b970799079896177fd47f10c61c244ba7cc252a57b390e2405018a030,4713736,3072,4080,JPEG,1,OPPO,OPPO Reno12 F,,,,,,,,,,,2026:09:12 14:24:04,geo_g7,geometry,geo_g7,g7_r2,False,partial_repeated_cycle_secondary_ring,,351,50,0.980392156863,,forward_ordered_phase,v4_phone_rear_26mm,True,306.82318,84.391403,0,146,0.24609375,51.305519,0.9608707,observed_content_signal
IMG20260912143336.jpg,40ae43e761c32dc61c43bd46eb302a9916388841b65731b4fa0ca6a8562eee52,4787449,3072,4080,JPEG,1,OPPO,OPPO Reno12 F,,,,,,,,,,,2026:09:12 14:33:36,geo_g8,geometry,geo_g8,geo_g8,True,primary_geometry_candidate,,352,0,0.000000000000,,forward_ordered_phase,v4_phone_rear_26mm,True,310.54211,81.274429,0,143,0.24609375,48.993896,1.100848,observed_content_signal
IMG20260912143340.jpg,4fedbd90bb1223b5585cd77b90b19194b9235a292eb315cf670738ec67cb4eea,4797849,3072,4080,JPEG,1,OPPO,OPPO Reno12 F,,,,,,,,,,,2026:09:12 14:33:40,geo_g8,geometry,geo_g8,geo_g8,True,primary_geometry_candidate,,353,1,0.013888888889,,forward_ordered_phase,v4_phone_rear_26mm,True,309.07867,81.443466,0,143,0.24609375,49.060551,1.0929527,observed_content_signal
IMG20260912143344.jpg,40324cecd10220ab0ec6d21e8be95533ab1a0db97b8ef4a1b6a980616152eda3,4835028,3072,4080,JPEG,1,OPPO,OPPO Reno12 F,,,,,,,,,,,2026:09:12 14:33:44,geo_g8,geometry,geo_g8,geo_g8,True,primary_geometry_candidate,,354,2,0.027777777778,,forward_ordered_phase,v4_phone_rear_26mm,True,319.68158,81.674423,0,142,0.24609375,49.180447,1.0836149,observed_content_signal
IMG20260912143347.jpg,bceb12acb9b64a6ece81a7fa877c2836fb6c2eff1e3012451ff913c44fb4f2db,4911066,3072,4080,JPEG,1,OPPO,OPPO Reno12 F,,,,,,,,,,,2026:09:12 14:33:47,geo_g8,geometry,geo_g8,geo_g8,True,primary_geometry_candidate,,355,3,0.041666666667,,forward_ordered_phase,v4_phone_rear_26mm,True,319.74719,81.69632,0,142,0.24609375,49.228916,1.086631,observed_content_signal
IMG20260912143356.jpg,eb48043a4344806bddd9aeb7a0d3068948cb0439e5fde19dea59e32a699534dd,4790844,3072,4080,JPEG,1,OPPO,OPPO Reno12 F,,,,,,,,,,,2026:09:12 14:33:56,geo_g8,geometry,geo_g8,geo_g8,True,primary_geometry_candidate,,356,4,0.055555555556,,forward_ordered_phase,v4_phone_rear_26mm,True,299.34796,81.597122,0,142,0.24609375,49.32056,1.0792275,observed_content_signal
IMG20260912143404.jpg,cf0a0a0cd8efa7ceb56d58cc34d9dc6e8a4341615ae234ffa69529ca607f67ae,5146612,3072,4080,JPEG,1,OPPO,OPPO Reno12 F,,,,,,,,,,,2026:09:12 14:34:04,geo_g8,geometry,geo_g8,geo_g8,True,primary_geometry_candidate,,357,5,0.069444444444,,forward_ordered_phase,v4_phone_rear_26mm,True,290.37781,81.281723,0,141,0.24609375,49.597099,1.0886998,observed_content_signal
IMG20260912143409.jpg,868d70d224cdeddb6e13cfe4368bd29bb254649a9920ea84cac5edd1e777b4b1,5081584,3072,4080,JPEG,1,OPPO,OPPO Reno12 F,,,,,,,,,,,2026:09:12 14:34:09,geo_g8,geometry,geo_g8,geo_g8,True,primary_geometry_candidate,,358,6,0.083333333333,,forward_ordered_phase,v4_phone_rear_26mm,True,280.4747,80.657761,0,140,0.24610901,49.758617,1.1217765,observed_content_signal
IMG20260912143415.jpg,7608831933a84cf687007616d293008399b4e8604f5e2045bf8f05907b09119b,5082016,3072,4080,JPEG,1,OPPO,OPPO Reno12 F,,,,,,,,,,,2026:09:12 14:34:15,geo_g8,geometry,geo_g8,geo_g8,True,primary_geometry_candidate,,359,7,0.097222222222,,forward_ordered_phase,v4_phone_rear_26mm,True,275.29446,79.629639,0,141,0.24609375,49.815918,1.211908,observed_content_signal
IMG20260912143419.jpg,71576f8882a0fce2881bf2f4c182b387a095fe55babab4a5d2b66bdbb55acc8c,5041834,3072,4080,JPEG,1,OPPO,OPPO Reno12 F,,,,,,,,,,,2026:09:12 14:34:19,geo_g8,geometry,geo_g8,geo_g8,True,primary_geometry_candidate,,360,8,0.111111111111,,forward_ordered_phase,v4_phone_rear_26mm,True,268.72296,79.150177,0,140,0.24609375,49.625034,1.2840286,observed_content_signal
IMG20260912143423.jpg,22fe8f482d6603889222f2131f31aa0e9fff99035225b5a7611a65d5cd84af86,5136759,3072,4080,JPEG,1,OPPO,OPPO Reno12 F,,,,,,,,,,,2026:09:12 14:34:23,geo_g8,geometry,geo_g8,geo_g8,True,primary_geometry_candidate,,361,9,0.125000000000,,forward_ordered_phase,v4_phone_rear_26mm,True,272.79382,79.288925,0,138,0.24609375,49.459427,1.2924549,observed_content_signal
IMG20260912143426.jpg,a1796e9a1671595d40f54e3a803b8683688c5d3cbdc173bfb53d73259f307750,5154484,3072,4080,JPEG,1,OPPO,OPPO Reno12 F,,,,,,,,,,,2026:09:12 14:34:26,geo_g8,geometry,geo_g8,geo_g8,True,primary_geometry_candidate,,362,10,0.138888888889,,forward_ordered_phase,v4_phone_rear_26mm,True,285.84521,80.382904,0,141,0.24609375,49.64859,1.1907367,observed_content_signal
IMG20260912143429.jpg,a80d0cfa77468f403b1e8c86135509cc58b4289e223a54f0e5c460f522765c03,5148943,3072,4080,JPEG,1,OPPO,OPPO Reno12 F,,,,,,,,,,,2026:09:12 14:34:29,geo_g8,geometry,geo_g8,geo_g8,True,primary_geometry_candidate,,363,11,0.152777777778,,forward_ordered_phase,v4_phone_rear_26mm,True,291.45074,81.268173,0,141,0.24609375,49.551018,1.1167613,observed_content_signal
IMG20260912143432.jpg,6686c782a314fd3fe90cf5742c0567321997d8f34b868c9a4dcfc70a67319711,5214958,3072,4080,JPEG,1,OPPO,OPPO Reno12 F,,,,,,,,,,,2026:09:12 14:34:32,geo_g8,geometry,geo_g8,geo_g8,True,primary_geometry_candidate,,364,12,0.166666666667,,forward_ordered_phase,v4_phone_rear_26mm,True,294.16809,81.899368,0,141,0.24609375,49.516006,1.0785274,observed_content_signal
IMG20260912143435.jpg,45e3c5f1349ee70eaa6c56f6e22cccb12352f28ca82cd346e6c8deaea18e63dd,5216214,3072,4080,JPEG,1,OPPO,OPPO Reno12 F,,,,,,,,,,,2026:09:12 14:34:35,geo_g8,geometry,geo_g8,geo_g8,True,primary_geometry_candidate,,365,13,0.180555555556,,forward_ordered_phase,v4_phone_rear_26mm,True,296.55139,82.249176,0,142,0.24609375,49.533615,1.0576709,observed_content_signal
IMG20260912143438.jpg,43b0dbd97b4568844f0e7149ad9d0b648fe34f6b63b6504c56777a170b11a663,5197473,3072,4080,JPEG,1,OPPO,OPPO Reno12 F,,,,,,,,,,,2026:09:12 14:34:38,geo_g8,geometry,geo_g8,geo_g8,True,primary_geometry_candidate,,366,14,0.194444444444,,forward_ordered_phase,v4_phone_rear_26mm,True,299.7793,82.244949,0,142,0.24609375,49.488064,1.0490446,observed_content_signal
IMG20260912143441.jpg,24c586f765892a09e4f97ae4669ad1895ed97b457fd79e4808c0b2e394a7fdfb,5190199,3072,4080,JPEG,1,OPPO,OPPO Reno12 F,,,,,,,,,,,2026:09:12 14:34:41,geo_g8,geometry,geo_g8,geo_g8,True,primary_geometry_candidate,,367,15,0.208333333333,,forward_ordered_phase,v4_phone_rear_26mm,True,307.34747,82.23053,0,142,0.24609375,49.455185,1.0437812,observed_content_signal
IMG20260912143444.jpg,c23452141c36d9b703f804acecfcc36e82544b30dc26e7f58220cc99ca055229,5177674,3072,4080,JPEG,1,OPPO,OPPO Reno12 F,,,,,,,,,,,2026:09:12 14:34:44,geo_g8,geometry,geo_g8,geo_g8,True,primary_geometry_candidate,,368,16,0.222222222222,,forward_ordered_phase,v4_phone_rear_26mm,True,312.34201,82.11499,0,142,0.24609375,49.381378,1.0458197,observed_content_signal
IMG20260912143449.jpg,680d966aafd0175d58238f8a617612cdc42d7f80e7080420ee609833e87dc8ca,5138823,3072,4080,JPEG,1,OPPO,OPPO Reno12 F,,,,,,,,,,,2026:09:12 14:34:49,geo_g8,geometry,geo_g8,geo_g8,True,primary_geometry_candidate,,369,17,0.236111111111,,forward_ordered_phase,v4_phone_rear_26mm,True,319.81992,81.786392,0,142,0.24609375,49.150013,1.086407,observed_content_signal
IMG20260912143452.jpg,a3355123524cb39f1516988376bae8ea74eba658968513caa9324be6e147d270,4971554,3072,4080,JPEG,1,OPPO,OPPO Reno12 F,,,,,,,,,,,2026:09:12 14:34:52,geo_g8,geometry,geo_g8,geo_g8,True,primary_geometry_candidate,,370,18,0.250000000000,,forward_ordered_phase,v4_phone_rear_26mm,True,313.27057,81.633621,0,142,0.24609375,49.109531,1.0988083,observed_content_signal
IMG20260912143455.jpg,91c1c4ee9495a28775d5f0bb6dce1a09ae91426e3f9432ce00752d54726c2b64,5179426,3072,4080,JPEG,1,OPPO,OPPO Reno12 F,,,,,,,,,,,2026:09:12 14:34:55,geo_g8,geometry,geo_g8,geo_g8,True,primary_geometry_candidate,,371,19,0.263888888889,,forward_ordered_phase,v4_phone_rear_26mm,True,305.70734,81.484604,0,142,0.24609375,49.073883,1.1154507,observed_content_signal
IMG20260912143458.jpg,5c413893988edddad6256f549e3bc700af7437f9f50c1b07fae7f2ca979f5182,4946515,3072,4080,JPEG,1,OPPO,OPPO Reno12 F,,,,,,,,,,,2026:09:12 14:34:58,geo_g8,geometry,geo_g8,geo_g8,True,primary_geometry_candidate,,372,20,0.277777777778,,forward_ordered_phase,v4_phone_rear_26mm,True,306.64896,81.441284,0,143,0.24609375,49.060162,1.1317052,observed_content_signal
IMG20260912143501.jpg,971d93cc6a3737ab002293cb5c8a68605366ef34b8ff3add86bfc8ee6d470ff2,5096986,3072,4080,JPEG,1,OPPO,OPPO Reno12 F,,,,,,,,,,,2026:09:12 14:35:01,geo_g8,geometry,geo_g8,geo_g8,True,primary_geometry_candidate,,373,21,0.291666666667,,forward_ordered_phase,v4_phone_rear_26mm,True,311.39227,81.4543,0,142,0.24609375,49.05912,1.1502901,observed_content_signal
IMG20260912143503.jpg,6f68c14dbe8b496d7cad3ae64e6d63a9f24ad03a81c801eb7049a66b8b23219b,5200067,3072,4080,JPEG,1,OPPO,OPPO Reno12 F,,,,,,,,,,,2026:09:12 14:35:03,geo_g8,geometry,geo_g8,geo_g8,True,primary_geometry_candidate,,374,22,0.305555555556,,forward_ordered_phase,v4_phone_rear_26mm,True,322.62164,81.506195,0,142,0.24609375,49.105759,1.1569838,observed_content_signal
IMG20260912143507.jpg,211008b0289ca6b9dd8c6308164ba5b6141ed7ad0f037a49f615258a16f60af9,5128909,3072,4080,JPEG,1,OPPO,OPPO Reno12 F,,,,,,,,,,,2026:09:12 14:35:07,geo_g8,geometry,geo_g8,geo_g8,True,primary_geometry_candidate,,375,23,0.319444444444,,forward_ordered_phase,v4_phone_rear_26mm,True,323.62988,81.541687,0,142,0.24609375,49.179718,1.1440526,observed_content_signal
IMG20260912143510.jpg,064297845963054b1a40d1a63767bb283656f192603bef7e68b84c59fe5753ae,5216071,3072,4080,JPEG,1,OPPO,OPPO Reno12 F,,,,,,,,,,,2026:09:12 14:35:10,geo_g8,geometry,geo_g8,geo_g8,True,primary_geometry_candidate,,376,24,0.333333333333,,forward_ordered_phase,v4_phone_rear_26mm,True,316.99207,81.146606,0,141,0.24609375,49.036087,1.1405303,observed_content_signal
IMG20260912143512.jpg,bfc4772177bafe92e1219b6ca3481de28adf4fe399192d92b1cdd666aa1b8c3f,5121172,3072,4080,JPEG,1,OPPO,OPPO Reno12 F,,,,,,,,,,,2026:09:12 14:35:12,geo_g8,geometry,geo_g8,geo_g8,True,primary_geometry_candidate,,377,25,0.347222222222,,forward_ordered_phase,v4_phone_rear_26mm,True,292.55051,80.570343,0,141,0.24609375,49.039673,1.1420459,observed_content_signal
IMG20260912143516.jpg,cb2803d447ce679d4cb29db635a31ea0f96a9f61f87931061fd49b99a06c503e,5175985,3072,4080,JPEG,1,OPPO,OPPO Reno12 F,,,,,,,,,,,2026:09:12 14:35:16,geo_g8,geometry,geo_g8,geo_g8,True,primary_geometry_candidate,,378,26,0.361111111111,,forward_ordered_phase,v4_phone_rear_26mm,True,281.3009,79.884201,0,140,0.24609375,49.169655,1.1482023,observed_content_signal
IMG20260912143520.jpg,b2f8a67ad480cfa677e9dfe23236f9b45955dd1a55f8f03a48e2b55ac3e7cb23,5111459,3072,4080,JPEG,1,OPPO,OPPO Reno12 F,,,,,,,,,,,2026:09:12 14:35:20,geo_g8,geometry,geo_g8,geo_g8,True,primary_geometry_candidate,,379,27,0.375000000000,,forward_ordered_phase,v4_phone_rear_26mm,True,275.29507,79.165024,0,139,0.24629211,49.384541,1.1528066,observed_content_signal
IMG20260912143525.jpg,faf372f96f765cff91721874ced55053bc210818106ea81e51a6717308bf71f1,5122592,3072,4080,JPEG,1,OPPO,OPPO Reno12 F,,,,,,,,,,,2026:09:12 14:35:25,geo_g8,geometry,geo_g8,geo_g8,True,primary_geometry_candidate,,380,28,0.388888888889,,forward_ordered_phase,v4_phone_rear_26mm,True,267.89273,78.5504,0,139,0.24613953,49.444519,1.1806207,observed_content_signal
IMG20260912143525_01.jpg,af8795718cb2b58efbabe948eb0f938a1dcfde730baba016c043a1540ca54735,5090549,3072,4080,JPEG,1,OPPO,OPPO Reno12 F,,,,,,,,,,,2026:09:12 14:35:25,geo_g8,geometry,geo_g8,geo_g8,True,primary_geometry_candidate,,381,29,0.402777777778,,forward_ordered_phase,v4_phone_rear_26mm,True,268.23187,78.554367,0,139,0.24613953,49.448498,1.180141,observed_content_signal
IMG20260912143529.jpg,f2ec753d2c0051cc504086dec0593c8e8d8fead4a3ea9dbf4d5df1efad0d126f,5099645,3072,4080,JPEG,1,OPPO,OPPO Reno12 F,,,,,,,,,,,2026:09:12 14:35:29,geo_g8,geometry,geo_g8,geo_g8,True,primary_geometry_candidate,,382,30,0.416666666667,,forward_ordered_phase,v4_phone_rear_26mm,True,258.67252,78.198868,0,139,0.24609375,49.275078,1.1708474,observed_content_signal
IMG20260912143529_01.jpg,50229c08ad17c942d558a7bd86ec5939cd1a1d5fc78385491e3717163edd1ac7,5082768,3072,4080,JPEG,1,OPPO,OPPO Reno12 F,,,,,,,,,,,2026:09:12 14:35:29,geo_g8,geometry,geo_g8,geo_g8,True,primary_geometry_candidate,,383,31,0.430555555556,,forward_ordered_phase,v4_phone_rear_26mm,True,258.57483,78.192261,0,139,0.24609375,49.271023,1.170671,observed_content_signal
IMG20260912143532.jpg,87a0cff615b2efebf364dfdf22f7f39668f379a2dd36a18cce072310c93c829c,4990254,3072,4080,JPEG,1,OPPO,OPPO Reno12 F,,,,,,,,,,,2026:09:12 14:35:32,geo_g8,geometry,geo_g8,geo_g8,True,primary_geometry_candidate,,384,32,0.444444444444,,forward_ordered_phase,v4_phone_rear_26mm,True,257.56189,78.333176,0,138,0.24609375,48.96159,1.1446922,observed_content_signal
IMG20260912143535.jpg,85f6aba3a059d831b045be6309f6e665902a49d16173967547ee54ff515cf78d,5125227,3072,4080,JPEG,1,OPPO,OPPO Reno12 F,,,,,,,,,,,2026:09:12 14:35:35,geo_g8,geometry,geo_g8,geo_g8,True,primary_geometry_candidate,,385,33,0.458333333333,,forward_ordered_phase,v4_phone_rear_26mm,True,266.55707,78.751175,0,140,0.24609375,48.814625,1.2100193,observed_content_signal
IMG20260912143538.jpg,039dc8d034052372e9ffebc321addff315d2fb4eb17c7453486e74539a357629,5108701,3072,4080,JPEG,1,OPPO,OPPO Reno12 F,,,,,,,,,,,2026:09:12 14:35:38,geo_g8,geometry,geo_g8,geo_g8,True,primary_geometry_candidate,,386,34,0.472222222222,,forward_ordered_phase,v4_phone_rear_26mm,True,280.21973,79.924408,0,141,0.24609375,48.598381,1.1564508,observed_content_signal
IMG20260912143540.jpg,96f0f9d25accdd03c93dab519d22b24b42cd452dc484d02eeb1206efa4c2fb07,5194840,3072,4080,JPEG,1,OPPO,OPPO Reno12 F,,,,,,,,,,,2026:09:12 14:35:40,geo_g8,geometry,geo_g8,geo_g8,True,primary_geometry_candidate,,387,35,0.486111111111,,forward_ordered_phase,v4_phone_rear_26mm,True,289.57874,80.454788,0,141,0.24609375,48.617504,1.1467427,observed_content_signal
IMG20260912143543.jpg,9e9ad2993cbcd97076b212876845fca0f0c654ba2e4be387bbfe80a18abee7d5,5147036,3072,4080,JPEG,1,OPPO,OPPO Reno12 F,,,,,,,,,,,2026:09:12 14:35:43,geo_g8,geometry,geo_g8,geo_g8,True,primary_geometry_candidate,,388,36,0.500000000000,,forward_ordered_phase,v4_phone_rear_26mm,True,302.52582,80.598221,0,141,0.24609375,48.636158,1.1415703,observed_content_signal
IMG20260912143545.jpg,a1d2cbdc26e2d0d536c1330e6289036ac17abce7115f382c6afe237b8d37ec50,5051130,3072,4080,JPEG,1,OPPO,OPPO Reno12 F,,,,,,,,,,,2026:09:12 14:35:45,geo_g8,geometry,geo_g8,geo_g8,True,primary_geometry_candidate,,389,37,0.513888888889,,forward_ordered_phase,v4_phone_rear_26mm,True,317.91632,80.4366,0,142,0.24609375,48.583668,1.1630483,observed_content_signal
IMG20260912143548.jpg,8bf1d7b24cab506aca962430381dbd8f0c62d45decc54ec215f9ad86b610bc24,4931505,3072,4080,JPEG,1,OPPO,OPPO Reno12 F,,,,,,,,,,,2026:09:12 14:35:48,geo_g8,geometry,geo_g8,geo_g8,True,primary_geometry_candidate,,390,38,0.527777777778,,forward_ordered_phase,v4_phone_rear_26mm,True,318.87073,80.428284,0,142,0.24609375,48.605862,1.1948644,observed_content_signal
IMG20260912143550.jpg,5234a1bd210e9015470d587021b71f7bfdb3010406cb4e677faae73ed90c1861,5017174,3072,4080,JPEG,1,OPPO,OPPO Reno12 F,,,,,,,,,,,2026:09:12 14:35:50,geo_g8,geometry,geo_g8,geo_g8,True,primary_geometry_candidate,,391,39,0.541666666667,,forward_ordered_phase,v4_phone_rear_26mm,True,310.68256,80.37616,0,143,0.24609375,48.589218,1.2216463,observed_content_signal
IMG20260912143553.jpg,1cb1db92969f27df24c0478b66368229f4da6db30f435b446cc72af75fa31f1e,4988820,3072,4080,JPEG,1,OPPO,OPPO Reno12 F,,,,,,,,,,,2026:09:12 14:35:53,geo_g8,geometry,geo_g8,geo_g8,True,primary_geometry_candidate,,392,40,0.555555555556,,forward_ordered_phase,v4_phone_rear_26mm,True,304.33539,80.814529,0,143,0.24609375,48.743618,1.1713789,observed_content_signal
IMG20260912143556.jpg,35b07b8dc24c6ceb8dec250eee15d7b59b03bb924f3e1b89901b11d279ce0604,5209422,3072,4080,JPEG,1,OPPO,OPPO Reno12 F,,,,,,,,,,,2026:09:12 14:35:56,geo_g8,geometry,geo_g8,geo_g8,True,primary_geometry_candidate,,393,41,0.569444444444,,forward_ordered_phase,v4_phone_rear_26mm,True,314.84705,81.320297,0,143,0.24609375,49.0084,1.1408421,observed_content_signal
IMG20260912143558.jpg,5dd666943d1d1eb452fb04d000f8fac1af988cb27170af2e01e1adaacfecf0e6,5084187,3072,4080,JPEG,1,OPPO,OPPO Reno12 F,,,,,,,,,,,2026:09:12 14:35:58,geo_g8,geometry,geo_g8,geo_g8,True,primary_geometry_candidate,,394,42,0.583333333333,,forward_ordered_phase,v4_phone_rear_26mm,True,319.01605,81.536346,0,143,0.24609375,49.193726,1.1265119,observed_content_signal
IMG20260912143601.jpg,3818b1285887a5cc1e8dbfe4b2c4a5f4d2a4ac82dd8ec5a2dc8beb650a598d3e,4907638,3072,4080,JPEG,1,OPPO,OPPO Reno12 F,,,,,,,,,,,2026:09:12 14:36:01,geo_g8,geometry,geo_g8,geo_g8,True,primary_geometry_candidate,,395,43,0.597222222222,,forward_ordered_phase,v4_phone_rear_26mm,True,306.59015,81.527023,0,142,0.24609375,49.232414,1.1240648,observed_content_signal
IMG20260912143603.jpg,0496c131e676f2072f9c3ef5a9109143304fb8693e7d4e35b268029967a0602e,4891232,3072,4080,JPEG,1,OPPO,OPPO Reno12 F,,,,,,,,,,,2026:09:12 14:36:03,geo_g8,geometry,geo_g8,geo_g8,True,primary_geometry_candidate,,396,44,0.611111111111,,forward_ordered_phase,v4_phone_rear_26mm,True,298.14655,81.384842,0,142,0.24609375,49.267998,1.1264087,observed_content_signal
IMG20260912143606.jpg,82c35e50d9d36ac2e32f86e9cc8296022c9d06dc41648f30862084813631efe1,5122161,3072,4080,JPEG,1,OPPO,OPPO Reno12 F,,,,,,,,,,,2026:09:12 14:36:06,geo_g8,geometry,geo_g8,geo_g8,True,primary_geometry_candidate,,397,45,0.625000000000,,forward_ordered_phase,v4_phone_rear_26mm,True,290.1358,81.041794,0,141,0.24609375,49.472603,1.1269773,observed_content_signal
IMG20260912143609.jpg,d8c2068bf17eb377f83462b1dbe71bf713567546d44ab07a1697ae2277fce663,4975625,3072,4080,JPEG,1,OPPO,OPPO Reno12 F,,,,,,,,,,,2026:09:12 14:36:09,geo_g8,geometry,geo_g8,geo_g8,True,primary_geometry_candidate,,398,46,0.638888888889,,forward_ordered_phase,v4_phone_rear_26mm,True,280.70807,80.48941,0,140,0.24610901,49.704071,1.1440598,observed_content_signal
IMG20260912143612.jpg,7b49a17509e19b5edf9e633e6c22d4d9a8548b12365ac3004ad1a1461a39d1f9,4987297,3072,4080,JPEG,1,OPPO,OPPO Reno12 F,,,,,,,,,,,2026:09:12 14:36:12,geo_g8,geometry,geo_g8,geo_g8,True,primary_geometry_candidate,,399,47,0.652777777778,,forward_ordered_phase,v4_phone_rear_26mm,True,276.92804,79.943039,0,140,0.24609375,49.842819,1.1696202,observed_content_signal
IMG20260912143615.jpg,43a159eebe4892243e5599d7036f9247634198242f4e90e5b1f49258fe2b687d,5018751,3072,4080,JPEG,1,OPPO,OPPO Reno12 F,,,,,,,,,,,2026:09:12 14:36:15,geo_g8,geometry,geo_g8,geo_g8,True,primary_geometry_candidate,,400,48,0.666666666667,,forward_ordered_phase,v4_phone_rear_26mm,True,268.65768,79.138168,0,139,0.24609375,49.652313,1.1673391,observed_content_signal
IMG20260912143617.jpg,7432667546eda5ec6a2580ac8663d3313cb6a8360abe231088338f5c8c926c72,5039938,3072,4080,JPEG,1,OPPO,OPPO Reno12 F,,,,,,,,,,,2026:09:12 14:36:17,geo_g8,geometry,geo_g8,geo_g8,True,primary_geometry_candidate,,401,49,0.680555555556,,forward_ordered_phase,v4_phone_rear_26mm,True,275.35956,79.511185,0,140,0.24609375,49.567764,1.2016317,observed_content_signal
IMG20260912143621.jpg,6a5d5bcf40b4ea6a3553ec8a7f9235b1ce12ebbae3ad2e3f72e6c77e33631498,5129667,3072,4080,JPEG,1,OPPO,OPPO Reno12 F,,,,,,,,,,,2026:09:12 14:36:21,geo_g8,geometry,geo_g8,geo_g8,True,primary_geometry_candidate,,402,50,0.694444444444,,forward_ordered_phase,v4_phone_rear_26mm,True,288.74585,80.852875,0,141,0.24609375,49.513683,1.1590565,observed_content_signal
IMG20260912143624.jpg,fb40e4cb6f53c6663ffb5d4eae91d3c0844fda87ba86269d9e1acd68ddfb83e1,5108988,3072,4080,JPEG,1,OPPO,OPPO Reno12 F,,,,,,,,,,,2026:09:12 14:36:24,geo_g8,geometry,geo_g8,geo_g8,True,primary_geometry_candidate,,403,51,0.708333333333,,forward_ordered_phase,v4_phone_rear_26mm,True,296.34241,81.949173,0,141,0.24609375,49.40456,1.0958362,observed_content_signal
IMG20260912143626.jpg,5bbf0367fc8d9b703491cd301d4373c82c3485cf462997aa5058fd6c7be504b5,5268035,3072,4080,JPEG,1,OPPO,OPPO Reno12 F,,,,,,,,,,,2026:09:12 14:36:26,geo_g8,geometry,geo_g8,geo_g8,True,primary_geometry_candidate,,404,52,0.722222222222,,forward_ordered_phase,v4_phone_rear_26mm,True,304.44562,82.098312,0,142,0.24609375,49.357422,1.0851006,observed_content_signal
IMG20260912143629.jpg,fbc3a5061c683b636fb976cbabd856b819ded4950024b39896fb317b2094d487,5156783,3072,4080,JPEG,1,OPPO,OPPO Reno12 F,,,,,,,,,,,2026:09:12 14:36:29,geo_g8,geometry,geo_g8,geo_g8,True,primary_geometry_candidate,,405,53,0.736111111111,,forward_ordered_phase,v4_phone_rear_26mm,True,319.75323,81.81366,0,142,0.24609375,49.174023,1.095697,observed_content_signal
IMG20260912143632.jpg,1bc36a20f3d023957f3ad706cf19c3acef6a0ae41e769b90a813718e3b0fd088,5082441,3072,4080,JPEG,1,OPPO,OPPO Reno12 F,,,,,,,,,,,2026:09:12 14:36:32,geo_g8,geometry,geo_g8,geo_g8,True,primary_geometry_candidate,,406,54,0.750000000000,,forward_ordered_phase,v4_phone_rear_26mm,True,314.09955,81.597275,0,142,0.24609375,49.099182,1.1171045,observed_content_signal
IMG20260912143635.jpg,15e6770be9822d076d6a80cc8f85ec566dee20d62c9c58be083b1872ecd7d38d,5166737,3072,4080,JPEG,1,OPPO,OPPO Reno12 F,,,,,,,,,,,2026:09:12 14:36:35,geo_g8,geometry,geo_g8,geo_g8,True,primary_geometry_candidate,,407,55,0.763888888889,,forward_ordered_phase,v4_phone_rear_26mm,True,306.82208,81.449249,0,143,0.24609375,49.061279,1.1357604,observed_content_signal
IMG20260912143637.jpg,14ca1d07c532a1ee85cecfc97557855686be39aa4f474887f4b08a9c682ff9f6,5004106,3072,4080,JPEG,1,OPPO,OPPO Reno12 F,,,,,,,,,,,2026:09:12 14:36:37,geo_g8,geometry,geo_g8,geo_g8,True,primary_geometry_candidate,,408,56,0.777777777778,,forward_ordered_phase,v4_phone_rear_26mm,True,312.00433,81.448792,0,143,0.24609375,49.056873,1.1625335,observed_content_signal
IMG20260912143640.jpg,1bf6d84196540bbfd51d6927b2c48081fb4bed2738050facb93722cdb47f95fa,5179696,3072,4080,JPEG,1,OPPO,OPPO Reno12 F,,,,,,,,,,,2026:09:12 14:36:40,geo_g8,geometry,geo_g8,geo_g8,True,primary_geometry_candidate,,409,57,0.791666666667,,forward_ordered_phase,v4_phone_rear_26mm,True,323.00623,81.440613,0,142,0.24609375,49.074913,1.1717121,observed_content_signal
IMG20260912143642.jpg,4df47bd9807161d521e9fbe7179967dae8ae82f3011f08595bf227c192ab2490,5228236,3072,4080,JPEG,1,OPPO,OPPO Reno12 F,,,,,,,,,,,2026:09:12 14:36:42,geo_g8,geometry,geo_g8,geo_g8,True,primary_geometry_candidate,,410,58,0.805555555556,,forward_ordered_phase,v4_phone_rear_26mm,True,324.34119,81.350006,0,142,0.24609375,49.111691,1.1601386,observed_content_signal
IMG20260912143645.jpg,d48050c20448fb2fbdb2ec2bf91d0fd38236e2f125155858a268f3e41d149096,5072057,3072,4080,JPEG,1,OPPO,OPPO Reno12 F,,,,,,,,,,,2026:09:12 14:36:45,geo_g8,geometry,geo_g8,geo_g8,True,primary_geometry_candidate,,411,59,0.819444444444,,forward_ordered_phase,v4_phone_rear_26mm,True,303.117,80.960083,0,141,0.24609375,49.006485,1.151883,observed_content_signal
IMG20260912143648.jpg,fe59587da61e12db39d397d65efe3b3f6eed8a9c5635894e35386d55ed35507f,5208156,3072,4080,JPEG,1,OPPO,OPPO Reno12 F,,,,,,,,,,,2026:09:12 14:36:48,geo_g8,geometry,geo_g8,geo_g8,True,primary_geometry_candidate,,412,60,0.833333333333,,forward_ordered_phase,v4_phone_rear_26mm,True,285.49817,80.155945,0,141,0.24609375,49.13615,1.1582486,observed_content_signal
IMG20260912143650.jpg,8d338d830940357e870476c2d629b6f04506fa4236eeedcfc080d644e4968617,4762379,3072,4080,JPEG,1,OPPO,OPPO Reno12 F,,,,,,,,,,,2026:09:12 14:36:50,geo_g8,geometry,geo_g8,geo_g8,True,primary_geometry_candidate,,413,61,0.847222222222,,forward_ordered_phase,v4_phone_rear_26mm,True,276.52368,79.514282,0,140,0.24621582,49.423122,1.1520157,observed_content_signal
IMG20260912143654.jpg,e5bfdc2dbb12577ae31724416382905622b94f528d710f3efecb23e4a28c61ae,5112765,3072,4080,JPEG,1,OPPO,OPPO Reno12 F,,,,,,,,,,,2026:09:12 14:36:54,geo_g8,geometry,geo_g8,geo_g8,True,primary_geometry_candidate,,414,62,0.861111111111,,forward_ordered_phase,v4_phone_rear_26mm,True,268.40894,78.624969,0,139,0.24612427,49.557972,1.1775711,observed_content_signal
IMG20260912143656.jpg,f7bc79857f4aefc39081f24efb0d733df303db489026ca044c03b040bf703c47,5155642,3072,4080,JPEG,1,OPPO,OPPO Reno12 F,,,,,,,,,,,2026:09:12 14:36:56,geo_g8,geometry,geo_g8,geo_g8,True,primary_geometry_candidate,,415,63,0.875000000000,,forward_ordered_phase,v4_phone_rear_26mm,True,256.19067,78.443283,0,139,0.24609375,49.157948,1.0963554,observed_content_signal
IMG20260912143659.jpg,1bf7a73f4cefe14797fa35b16115aa8be81457e37ab9f638dfaf7cdfe4c8271d,5063200,3072,4080,JPEG,1,OPPO,OPPO Reno12 F,,,,,,,,,,,2026:09:12 14:36:59,geo_g8,geometry,geo_g8,geo_g8,True,primary_geometry_candidate,,416,64,0.888888888889,,forward_ordered_phase,v4_phone_rear_26mm,True,271.05167,79.374481,0,140,0.24609375,48.75742,1.1828588,observed_content_signal
IMG20260912143702.jpg,0ec57deb86acf88626100bf7fed1f0be723c84233fd1572d178f66b07fc7d3ba,5149866,3072,4080,JPEG,1,OPPO,OPPO Reno12 F,,,,,,,,,,,2026:09:12 14:37:02,geo_g8,geometry,geo_g8,geo_g8,True,primary_geometry_candidate,,417,65,0.902777777778,,forward_ordered_phase,v4_phone_rear_26mm,True,286.34485,80.357254,0,141,0.24609375,48.651497,1.1553621,observed_content_signal
IMG20260912143705.jpg,c0d9dbd4223369a2f814aafcae5ddcef833fb4f3064d3dc6e53e6f4f7667d29e,5089568,3072,4080,JPEG,1,OPPO,OPPO Reno12 F,,,,,,,,,,,2026:09:12 14:37:05,geo_g8,geometry,geo_g8,geo_g8,True,primary_geometry_candidate,,418,66,0.916666666667,,forward_ordered_phase,v4_phone_rear_26mm,True,298.4104,80.600647,0,141,0.24609375,48.660793,1.1485098,observed_content_signal
IMG20260912143708.jpg,d9752a201fe0e105d70c9cef2b1ad6a846dcbf511fbf04a4a67815e8075d0be0,5251719,3072,4080,JPEG,1,OPPO,OPPO Reno12 F,,,,,,,,,,,2026:09:12 14:37:08,geo_g8,geometry,geo_g8,geo_g8,True,primary_geometry_candidate,,419,67,0.930555555556,,forward_ordered_phase,v4_phone_rear_26mm,True,314.2485,80.453186,0,142,0.24609375,48.579277,1.1734742,observed_content_signal
IMG20260912143711.jpg,ddfd3a2773ede50e72ef38088432bc0c0d14810ba1ada03c765132e842a9cd7c,5163913,3072,4080,JPEG,1,OPPO,OPPO Reno12 F,,,,,,,,,,,2026:09:12 14:37:11,geo_g8,geometry,geo_g8,geo_g8,True,primary_geometry_candidate,,420,68,0.944444444444,,forward_ordered_phase,v4_phone_rear_26mm,True,319.86047,80.308289,0,142,0.24609375,48.540173,1.2175089,observed_content_signal
IMG20260912143713.jpg,f34030b640f3b2ea748430550e976acd63d1449949e4676ea0c809eb0b773025,4898023,3072,4080,JPEG,1,OPPO,OPPO Reno12 F,,,,,,,,,,,2026:09:12 14:37:13,geo_g8,geometry,geo_g8,geo_g8,True,primary_geometry_candidate,,421,69,0.958333333333,,forward_ordered_phase,v4_phone_rear_26mm,True,309.03033,80.279633,0,143,0.24609375,48.537189,1.2374098,observed_content_signal
IMG20260912143715.jpg,bc5e0f9f5f129f170b77b48b06465c124afbe6ff5544aa6b66054d8799be5632,4791085,3072,4080,JPEG,1,OPPO,OPPO Reno12 F,,,,,,,,,,,2026:09:12 14:37:15,geo_g8,geometry,geo_g8,geo_g8,True,primary_geometry_candidate,,422,70,0.972222222222,,forward_ordered_phase,v4_phone_rear_26mm,True,303.90125,80.683685,0,143,0.24609375,48.69096,1.2010511,observed_content_signal
IMG20260912143718.jpg,25b3c0d8cc05406554f7740824dbd3e75f1f73f451eba01bbe47476a101e4634,5063773,3072,4080,JPEG,1,OPPO,OPPO Reno12 F,,,,,,,,,,,2026:09:12 14:37:18,geo_g8,geometry,geo_g8,geo_g8,True,primary_geometry_candidate,,423,71,0.986111111111,,forward_ordered_phase,v4_phone_rear_26mm,True,305.71588,80.519516,0,143,0.24609375,48.616825,1.2144014,observed_content_signal
IMG20260912143726.jpg,c9460b8e8e710d5b6535e590b5eccd55275070a10d5b86026baa0579da3b859b,5087196,3072,4080,JPEG,1,OPPO,OPPO Reno12 F,,,,,,,,,,,2026:09:12 14:37:26,empty_g8,empty_board,empty_g8,,False,not_geometry_source,,424,,,,,v4_phone_rear_26mm,True,262.68103,82.219788,0,144,0.24609375,48.714264,1.2925582,observed_content_signal
IMG20260912143728.jpg,14877acef8d72da2ab5d61dc0b236affc298625abcd5cfcaa5ac3cf047a8d7e6,4936909,3072,4080,JPEG,1,OPPO,OPPO Reno12 F,,,,,,,,,,,2026:09:12 14:37:28,empty_g8,empty_board,empty_g8,,False,not_geometry_source,,425,,,,,v4_phone_rear_26mm,True,264.4967,82.751266,0,144,0.24609375,48.933266,1.2495693,observed_content_signal
IMG20260912143730.jpg,2c0001ebfa8e7356a1c43eb7862c609d563661b1f40c45610b2983885efe90ab,5095840,3072,4080,JPEG,1,OPPO,OPPO Reno12 F,,,,,,,,,,,2026:09:12 14:37:30,empty_g8,empty_board,empty_g8,,False,not_geometry_source,,426,,,,,v4_phone_rear_26mm,True,273.80505,83.098358,0,143,0.24609375,49.126759,1.222358,observed_content_signal
IMG20260912143732.jpg,c18eaf797ed36531ec8a062faa03944b1f93425051f9df28a8194793d4b659bb,4837564,3072,4080,JPEG,1,OPPO,OPPO Reno12 F,,,,,,,,,,,2026:09:12 14:37:32,empty_g8,empty_board,empty_g8,,False,not_geometry_source,,427,,,,,v4_phone_rear_26mm,True,252.01447,83.432663,0,142,0.24609375,49.490845,1.213781,observed_content_signal
IMG20260912143734.jpg,af4245576045549e7d5a72e47ae7ecb20f55a0dfb29b5f5048488ec1d4c4d8e9,4885325,3072,4080,JPEG,1,OPPO,OPPO Reno12 F,,,,,,,,,,,2026:09:12 14:37:34,empty_g8,empty_board,empty_g8,,False,not_geometry_source,,428,,,,,v4_phone_rear_26mm,True,241.00284,83.129318,0,141,0.24609375,49.932739,1.2167492,observed_content_signal
IMG20260912143736.jpg,f6613fb986f4c91acf391c052f0951a9991674dbd5ad604bb04131f291e05f28,4788601,3072,4080,JPEG,1,OPPO,OPPO Reno12 F,,,,,,,,,,,2026:09:12 14:37:36,empty_g8,empty_board,empty_g8,,False,not_geometry_source,,429,,,,,v4_phone_rear_26mm,True,227.91316,81.168503,0,140,0.24609375,50.110523,1.2618469,observed_content_signal
IMG20260912143738.jpg,0a0198eb952ea0e441c6967b3ac545e6bd26bd23bcf61d1fca24e71bde05faa8,4885315,3072,4080,JPEG,1,OPPO,OPPO Reno12 F,,,,,,,,,,,2026:09:12 14:37:38,empty_g8,empty_board,empty_g8,,False,not_geometry_source,,430,,,,,v4_phone_rear_26mm,True,240.36401,82.247711,0,141,0.24609375,49.942322,1.2880798,observed_content_signal
IMG20260912143740.jpg,fb77842cfc8280daa2aefc4e71104b67927063da76103ff8ad0258e5e010fed4,4902537,3072,4080,JPEG,1,OPPO,OPPO Reno12 F,,,,,,,,,,,2026:09:12 14:37:40,empty_g8,empty_board,empty_g8,,False,not_geometry_source,,431,,,,,v4_phone_rear_26mm,True,255.54211,83.833832,0,142,0.24609375,49.630798,1.1963858,observed_content_signal
IMG20260912143742.jpg,7d8e649b9c968ee0eb51bfa6da10de7845d4024ec04d45ae9d6b0be8aee391f8,5239139,3072,4080,JPEG,1,OPPO,OPPO Reno12 F,,,,,,,,,,,2026:09:12 14:37:42,empty_g8,empty_board,empty_g8,,False,not_geometry_source,,432,,,,,v4_phone_rear_26mm,True,265.55899,83.905273,0,142,0.24609375,49.420254,1.1686368,observed_content_signal
IMG20260912143744.jpg,322f002a33fc32773338b0ef20268e7b47c410aab4418d0664b885a4dd7d4f70,4911528,3072,4080,JPEG,1,OPPO,OPPO Reno12 F,,,,,,,,,,,2026:09:12 14:37:44,empty_g8,empty_board,empty_g8,,False,not_geometry_source,,433,,,,,v4_phone_rear_26mm,True,283.71957,83.4422,0,144,0.24609375,49.224483,1.1772761,observed_content_signal
IMG20260912143746.jpg,a7d3aa5030c4bdf684272db58248d9c720fdbac13f42e1d81c3a7c96f1958ddb,5025804,3072,4080,JPEG,1,OPPO,OPPO Reno12 F,,,,,,,,,,,2026:09:12 14:37:46,empty_g8,empty_board,empty_g8,,False,not_geometry_source,,434,,,,,v4_phone_rear_26mm,True,272.89493,83.042831,0,144,0.24609375,49.096687,1.2376058,observed_content_signal
IMG20260912143748.jpg,6c577b2977edc330b322f1c13b8d48af74d1f58655e10b18345d0ba28ea00658,5021261,3072,4080,JPEG,1,OPPO,OPPO Reno12 F,,,,,,,,,,,2026:09:12 14:37:48,empty_g8,empty_board,empty_g8,,False,not_geometry_source,,435,,,,,v4_phone_rear_26mm,True,284.26691,83.234116,0,143,0.24609375,49.241539,1.2541571,observed_content_signal
IMG20260912143750.jpg,df586b0b38d9c1e7d15d8d1f03f81915e0c300c7ce8c9d9c4edbfb7c3320445a,4861535,3072,4080,JPEG,1,OPPO,OPPO Reno12 F,,,,,,,,,,,2026:09:12 14:37:50,empty_g8,empty_board,empty_g8,,False,not_geometry_source,,436,,,,,v4_phone_rear_26mm,True,240.94797,82.195694,0,140,0.24609375,49.505558,1.2513549,observed_content_signal
IMG20260912143752.jpg,09e4dc7fdea807afe2ff48366c8d4971dd7c0c77be58f1173b67baf24d804465,4985783,3072,4080,JPEG,1,OPPO,OPPO Reno12 F,,,,,,,,,,,2026:09:12 14:37:52,empty_g8,empty_board,empty_g8,,False,not_geometry_source,,437,,,,,v4_phone_rear_26mm,True,220.90317,80.772339,0,140,0.24612427,49.946774,1.2651389,observed_content_signal
IMG20260912143754.jpg,25a24db3fbc7955871c4d38d469c97e6ce887ca1e969bea834f3a44b2fd42d58,5071387,3072,4080,JPEG,1,OPPO,OPPO Reno12 F,,,,,,,,,,,2026:09:12 14:37:54,empty_g8,empty_board,empty_g8,,False,not_geometry_source,,438,,,,,v4_phone_rear_26mm,True,211.37785,80.633026,0,140,0.24609375,49.245995,1.2615725,observed_content_signal
IMG20260912143755.jpg,3d191e40b5952c6b96d908df0ca31fc7a2c5ec4eba6a7576a07b3869dff543ea,4978752,3072,4080,JPEG,1,OPPO,OPPO Reno12 F,,,,,,,,,,,2026:09:12 14:37:55,empty_g8,empty_board,empty_g8,,False,not_geometry_source,,439,,,,,v4_phone_rear_26mm,True,232.92099,82.013596,0,141,0.24609375,48.87426,1.2479111,observed_content_signal
IMG20260912143757.jpg,e6236c01f713b365e590f25f2a7c92c262d329737fce50bc2991de409a443edb,5041502,3072,4080,JPEG,1,OPPO,OPPO Reno12 F,,,,,,,,,,,2026:09:12 14:37:57,empty_g8,empty_board,empty_g8,,False,not_geometry_source,,440,,,,,v4_phone_rear_26mm,True,254.77277,82.471176,0,142,0.24609375,48.769283,1.2398106,observed_content_signal
IMG20260912143759.jpg,5faf7ffb3e35013ce82c7bafd164c3b6428ddaef65845afc6a6ea938de635c7d,4938817,3072,4080,JPEG,1,OPPO,OPPO Reno12 F,,,,,,,,,,,2026:09:12 14:37:59,empty_g8,empty_board,empty_g8,,False,not_geometry_source,,441,,,,,v4_phone_rear_26mm,True,276.16037,82.130035,0,143,0.24609375,48.673489,1.2846357,observed_content_signal
IMG20260912143801.jpg,b2e966ff39d66ef9eb3cf8692a829525c0d9a5cd36b9e66bf0c251b5312be622,4989448,3072,4080,JPEG,1,OPPO,OPPO Reno12 F,,,,,,,,,,,2026:09:12 14:38:01,empty_g8,empty_board,empty_g8,,False,not_geometry_source,,442,,,,,v4_phone_rear_26mm,True,270.01416,82.040421,0,144,0.24609375,48.677952,1.312944,observed_content_signal
IMG20260912143803.jpg,190a38b982c1ad9d337d77624736ecf55321a4545ad89f4e4201db7af302fc31,4872571,3072,4080,JPEG,1,OPPO,OPPO Reno12 F,,,,,,,,,,,2026:09:12 14:38:03,empty_g8,empty_board,empty_g8,,False,not_geometry_source,,443,,,,,v4_phone_rear_26mm,True,263.1264,82.319077,0,144,0.24609375,48.779095,1.2880802,observed_content_signal
IMG20260912143805.jpg,b8c791c07715344a93703e46787301071ad01752b7cbd7bd5227cb221f3a4024,5054696,3072,4080,JPEG,1,OPPO,OPPO Reno12 F,,,,,,,,,,,2026:09:12 14:38:05,empty_g8,empty_board,empty_g8,,False,not_geometry_source,,444,,,,,v4_phone_rear_26mm,True,272.74411,83.067261,0,143,0.24609375,49.103558,1.2261785,observed_content_signal
IMG20260912143806.jpg,df9b360844721909369763c928765b0177cea13cab2638901dd1b578ed9e65f2,5156001,3072,4080,JPEG,1,OPPO,OPPO Reno12 F,,,,,,,,,,,2026:09:12 14:38:06,empty_g8,empty_board,empty_g8,,False,not_geometry_source,,445,,,,,v4_phone_rear_26mm,True,254.16313,83.489227,0,142,0.24609375,49.478973,1.2130147,observed_content_signal
IMG20260912143809.jpg,492a21b6e17948fcdadf93bfa5bbc1d981010be748a1840deefe41757dcb0cda,5247830,3072,4080,JPEG,1,OPPO,OPPO Reno12 F,,,,,,,,,,,2026:09:12 14:38:09,empty_g8,empty_board,empty_g8,,False,not_geometry_source,,446,,,,,v4_phone_rear_26mm,True,240.38623,83.084229,0,141,0.24609375,50.026134,1.2216688,observed_content_signal
IMG20260912143811.jpg,7affbdaed3dd2b0cf5f1797140df567d2c31789204162fc097b9ba8520bd40fa,4863686,3072,4080,JPEG,1,OPPO,OPPO Reno12 F,,,,,,,,,,,2026:09:12 14:38:11,empty_g8,empty_board,empty_g8,,False,not_geometry_source,,447,,,,,v4_phone_rear_26mm,True,228.61806,81.282486,0,140,0.24609375,50.194981,1.2667571,observed_content_signal
IMG20260912143813.jpg,d5856e3bb5f2c3fb6f4eaa1b4dc636fb751ed80c1cf20cf607f947f102682abc,4783264,3072,4080,JPEG,1,OPPO,OPPO Reno12 F,,,,,,,,,,,2026:09:12 14:38:13,empty_g8,empty_board,empty_g8,,False,not_geometry_source,,448,,,,,v4_phone_rear_26mm,True,228.61583,81.548431,0,140,0.24609375,50.043583,1.186036,observed_content_signal
IMG20260912143815.jpg,b960d0281955855b023d9a03ac67d35935c88307ae21c9b54c80a7b115f89177,5101556,3072,4080,JPEG,1,OPPO,OPPO Reno12 F,,,,,,,,,,,2026:09:12 14:38:15,empty_g8,empty_board,empty_g8,,False,not_geometry_source,,449,,,,,v4_phone_rear_26mm,True,242.64145,82.36853,0,141,0.24609375,49.950157,1.2842085,observed_content_signal
IMG20260912143817.jpg,d5ee24b50cfe0b05758101c2319b65aa42a76e3d4cd9b6e345fa9e9792f38c44,5191510,3072,4080,JPEG,1,OPPO,OPPO Reno12 F,,,,,,,,,,,2026:09:12 14:38:17,empty_g8,empty_board,empty_g8,,False,not_geometry_source,,450,,,,,v4_phone_rear_26mm,True,256.95465,83.910324,0,142,0.24609375,49.614937,1.1908586,observed_content_signal
IMG20260912143819.jpg,8992af2fac89f0e4b1fb272df044366efdf029f3e1a6d376452088e989b36142,4907711,3072,4080,JPEG,1,OPPO,OPPO Reno12 F,,,,,,,,,,,2026:09:12 14:38:19,empty_g8,empty_board,empty_g8,,False,not_geometry_source,,451,,,,,v4_phone_rear_26mm,True,269.1037,84.009399,0,142,0.24609375,49.485317,1.1640186,observed_content_signal
IMG20260912143820.jpg,f83e16740e3eae69956aedf1aa030396f5d1ff5f11f0b5330f5623a214bc470e,5071180,3072,4080,JPEG,1,OPPO,OPPO Reno12 F,,,,,,,,,,,2026:09:12 14:38:20,empty_g8,empty_board,empty_g8,,False,not_geometry_source,,452,,,,,v4_phone_rear_26mm,True,283.53445,83.369461,0,144,0.24609375,49.186092,1.1797616,observed_content_signal
IMG20260912143822.jpg,a8e0bbe54843b22dde5ee1180bd4dbf9342e5bc94d46a0376bb816d7557663c8,4840532,3072,4080,JPEG,1,OPPO,OPPO Reno12 F,,,,,,,,,,,2026:09:12 14:38:22,empty_g8,empty_board,empty_g8,,False,not_geometry_source,,453,,,,,v4_phone_rear_26mm,True,271.67236,83.097473,0,144,0.24609375,49.118279,1.2059362,observed_content_signal
IMG20260912143825.jpg,5c85ec51a81477c408b76dedbb5917741cac1257a7e5a35e0c24141f347e0067,5019082,3072,4080,JPEG,1,OPPO,OPPO Reno12 F,,,,,,,,,,,2026:09:12 14:38:25,empty_g8,empty_board,empty_g8,,False,not_geometry_source,,454,,,,,v4_phone_rear_26mm,True,272.50122,83.072906,0,144,0.24609375,49.112183,1.2342648,observed_content_signal
IMG20260912144413.jpg,3d997e4f0e1068ea49a18d41cd523adeeb2cdb39eb53b43b6ee758d0c4553c0d,4429609,3072,4080,JPEG,1,OPPO,OPPO Reno12 F,,,,,,,,,,,2026:09:12 14:44:13,geo_g9,geometry,geo_g9,geo_g9,True,primary_geometry_candidate,,455,0,0.000000000000,,forward_ordered_phase,v4_phone_rear_26mm,True,233.52347,79.460571,0,148,0.24609375,49.349503,1.2004813,observed_content_signal
IMG20260912144423.jpg,399b3e30404b144490b5e836818c77da6c15de78b3764b1914f53c4cfcb82fbb,4440391,3072,4080,JPEG,1,OPPO,OPPO Reno12 F,,,,,,,,,,,2026:09:12 14:44:23,geo_g9,geometry,geo_g9,geo_g9,True,primary_geometry_candidate,,456,1,0.018181818182,,forward_ordered_phase,v4_phone_rear_26mm,True,229.37621,78.118408,0,148,0.24609375,49.275822,1.2111377,observed_content_signal
IMG20260912144425.jpg,b6197ea8e9992cf32995b3deeb1b87579bdd17931930fb34bcc5c9d2e8eab0a6,4405954,3072,4080,JPEG,1,OPPO,OPPO Reno12 F,,,,,,,,,,,2026:09:12 14:44:25,geo_g9,geometry,geo_g9,geo_g9,True,primary_geometry_candidate,,457,2,0.036363636364,,forward_ordered_phase,v4_phone_rear_26mm,True,237.57484,79.621094,0,148,0.24612427,49.380123,1.2530475,observed_content_signal
IMG20260912144429.jpg,f90a0f3c0c40d65b0636049e4325a244052d55b91a2d5f92d59354efdb88f979,4442483,3072,4080,JPEG,1,OPPO,OPPO Reno12 F,,,,,,,,,,,2026:09:12 14:44:29,geo_g9,geometry,geo_g9,geo_g9,True,primary_geometry_candidate,,458,3,0.054545454545,,forward_ordered_phase,v4_phone_rear_26mm,True,238.77817,79.364594,0,148,0.24610901,49.327805,1.2744826,observed_content_signal
IMG20260912144433.jpg,2173f7f7435f390910071bac10b634209374b37839df2d984fe62f6f2c8a48d1,4433468,3072,4080,JPEG,1,OPPO,OPPO Reno12 F,,,,,,,,,,,2026:09:12 14:44:33,geo_g9,geometry,geo_g9,geo_g9,True,primary_geometry_candidate,,459,4,0.072727272727,,forward_ordered_phase,v4_phone_rear_26mm,True,239.68152,79.431854,0,148,0.24609375,49.345493,1.2697694,observed_content_signal
IMG20260912144436.jpg,395335cfece273dc6616b0c15e55000fee04ed330e78cc9655b720472d2f3c09,4449502,3072,4080,JPEG,1,OPPO,OPPO Reno12 F,,,,,,,,,,,2026:09:12 14:44:36,geo_g9,geometry,geo_g9,geo_g9,True,primary_geometry_candidate,,460,5,0.090909090909,,forward_ordered_phase,v4_phone_rear_26mm,True,240.78065,79.640137,0,148,0.24610901,49.413074,1.2747008,observed_content_signal
IMG20260912144439.jpg,f6ca4d684985c478dfe1efd8db28cdac77c08b01e19575e7dfcf28c8df619243,4459407,3072,4080,JPEG,1,OPPO,OPPO Reno12 F,,,,,,,,,,,2026:09:12 14:44:39,geo_g9,geometry,geo_g9,geo_g9,True,primary_geometry_candidate,,461,6,0.109090909091,,forward_ordered_phase,v4_phone_rear_26mm,True,235.93806,79.649216,0,148,0.24609375,49.437,1.2733688,observed_content_signal
IMG20260912144441.jpg,f967c00eaf41941b8527e1a5d8a09c25f2a09d0bf3256b8409a59fa965dd1bef,4461926,3072,4080,JPEG,1,OPPO,OPPO Reno12 F,,,,,,,,,,,2026:09:12 14:44:41,geo_g9,geometry,geo_g9,geo_g9,True,primary_geometry_candidate,,462,7,0.127272727273,,forward_ordered_phase,v4_phone_rear_26mm,True,235.4826,79.555649,0,148,0.24610901,49.451996,1.2562417,observed_content_signal
IMG20260912144444.jpg,9a057b16cdbf58890749045b4b24136076a98e62e279ec80542ccfb510b8db34,4441841,3072,4080,JPEG,1,OPPO,OPPO Reno12 F,,,,,,,,,,,2026:09:12 14:44:44,geo_g9,geometry,geo_g9,geo_g9,True,primary_geometry_candidate,,463,8,0.145454545455,,forward_ordered_phase,v4_phone_rear_26mm,True,234.20685,79.877777,0,148,0.24610901,49.545921,1.2595785,observed_content_signal
IMG20260912144447.jpg,f4eb33004411c90416150bb34b2578ff11e66962db7895fcb538b7c856cd7ed1,4478430,3072,4080,JPEG,1,OPPO,OPPO Reno12 F,,,,,,,,,,,2026:09:12 14:44:47,geo_g9,geometry,geo_g9,geo_g9,True,primary_geometry_candidate,,464,9,0.163636363636,,forward_ordered_phase,v4_phone_rear_26mm,True,236.89647,79.990997,0,148,0.24612427,49.559792,1.2695719,observed_content_signal
IMG20260912144450.jpg,fcbce967f1282a9782927fdad60325f8e2f044df8584dec0c226306e93ef65a5,4465031,3072,4080,JPEG,1,OPPO,OPPO Reno12 F,,,,,,,,,,,2026:09:12 14:44:50,geo_g9,geometry,geo_g9,geo_g9,True,primary_geometry_candidate,,465,10,0.181818181818,,forward_ordered_phase,v4_phone_rear_26mm,True,241.86955,81.883438,0,148,0.24613953,50.44128,1.2902543,observed_content_signal
IMG20260912144452.jpg,fb48b9f2b8f9d4fb1a4623de06a2bf5dc59323cffc6f0b67f4cb3a6a6fbb1656,4490985,3072,4080,JPEG,1,OPPO,OPPO Reno12 F,,,,,,,,,,,2026:09:12 14:44:52,geo_g9,geometry,geo_g9,geo_g9,True,primary_geometry_candidate,,466,11,0.200000000000,,forward_ordered_phase,v4_phone_rear_26mm,True,245.76917,82.471954,0,148,0.24610901,50.779984,1.3165392,observed_content_signal
IMG20260912144455.jpg,f01c66e9fd4c4157a1296ac3c68409aec58eeb0085e4bee55f4dfb7adeb30309,4469033,3072,4080,JPEG,1,OPPO,OPPO Reno12 F,,,,,,,,,,,2026:09:12 14:44:55,geo_g9,geometry,geo_g9,geo_g9,True,primary_geometry_candidate,,467,12,0.218181818182,,forward_ordered_phase,v4_phone_rear_26mm,True,246.20662,82.31575,0,148,0.24610901,50.725052,1.3272433,observed_content_signal
IMG20260912144457.jpg,32a8325e921491e83aac57d8d7af0f6f8290468eb8d625476396acc2e6c812da,4479647,3072,4080,JPEG,1,OPPO,OPPO Reno12 F,,,,,,,,,,,2026:09:12 14:44:57,geo_g9,geometry,geo_g9,geo_g9,True,primary_geometry_candidate,,468,13,0.236363636364,,forward_ordered_phase,v4_phone_rear_26mm,True,247.11292,82.054947,0,148,0.24615479,50.698528,1.3505853,observed_content_signal
IMG20260912144459.jpg,1a50855d48d503f7acc149c4b54ce1caec201fc6b884b22409f378f86acd3604,4494612,3072,4080,JPEG,1,OPPO,OPPO Reno12 F,,,,,,,,,,,2026:09:12 14:44:59,geo_g9,geometry,geo_g9,geo_g9,True,primary_geometry_candidate,,469,14,0.254545454545,,forward_ordered_phase,v4_phone_rear_26mm,True,247.59288,81.834244,0,148,0.24610901,50.701405,1.3757061,observed_content_signal
IMG20260912144502.jpg,52b881de4fa3c65a1c633709f13c0b3da9cdaaf92ed7a61c4d0b76c00bb3e5e0,4444584,3072,4080,JPEG,1,OPPO,OPPO Reno12 F,,,,,,,,,,,2026:09:12 14:45:02,geo_g9,geometry,geo_g9,geo_g9,True,primary_geometry_candidate,,470,15,0.272727272727,,forward_ordered_phase,v4_phone_rear_26mm,True,242.71304,81.196869,0,149,0.24615479,50.735466,1.484468,observed_content_signal
IMG20260912144504.jpg,db25f311cd2e1827e22ca561aede960f072beecd62a37220af93172f9a792a12,4455910,3072,4080,JPEG,1,OPPO,OPPO Reno12 F,,,,,,,,,,,2026:09:12 14:45:04,geo_g9,geometry,geo_g9,geo_g9,True,primary_geometry_candidate,,471,16,0.290909090909,,forward_ordered_phase,v4_phone_rear_26mm,True,240.18739,80.700333,0,148,0.24617004,50.700302,1.5429496,observed_content_signal
IMG20260912144506.jpg,c43f4046bd58f69bbbea6b2cf0ad110d379e75236a8343a17262d2faa9270ed6,4436792,3072,4080,JPEG,1,OPPO,OPPO Reno12 F,,,,,,,,,,,2026:09:12 14:45:06,geo_g9,geometry,geo_g9,geo_g9,True,primary_geometry_candidate,,472,17,0.309090909091,,forward_ordered_phase,v4_phone_rear_26mm,True,237.1113,80.470413,0,148,0.24623108,50.728619,1.5963224,observed_content_signal
IMG20260912144509.jpg,4e438d33427f603de9ca946fa6b8dc3acc5ef3e7f57ffcc7e2c4bf614124d1bd,4407102,3072,4080,JPEG,1,OPPO,OPPO Reno12 F,,,,,,,,,,,2026:09:12 14:45:09,geo_g9,geometry,geo_g9,geo_g9,True,primary_geometry_candidate,,473,18,0.327272727273,,forward_ordered_phase,v4_phone_rear_26mm,True,232.65308,80.503326,0,148,0.24641418,50.802193,1.5827981,observed_content_signal
IMG20260912144512.jpg,dea0bcf347cef6c678abd7ea30d3e7913c36f2bd349ae4a53df836f303f16acb,4461028,3072,4080,JPEG,1,OPPO,OPPO Reno12 F,,,,,,,,,,,2026:09:12 14:45:12,geo_g9,geometry,geo_g9,geo_g9,True,primary_geometry_candidate,,474,19,0.345454545455,,forward_ordered_phase,v4_phone_rear_26mm,True,232.55173,80.769028,0,148,0.24636841,50.685593,1.5187794,observed_content_signal
IMG20260912144515.jpg,c8d775735560af9bd9ab8daa4c75260d188d1aeddfae9410855150d7abdd2253,4462810,3072,4080,JPEG,1,OPPO,OPPO Reno12 F,,,,,,,,,,,2026:09:12 14:45:15,geo_g9,geometry,geo_g9,geo_g9,True,primary_geometry_candidate,,475,20,0.363636363636,,forward_ordered_phase,v4_phone_rear_26mm,True,232.92245,81.164505,0,148,0.24636841,50.60508,1.4208846,observed_content_signal
IMG20260912144517.jpg,c4a22f7b78e478f9cef3b08f520a16fcdd108e18c03ee28e84d242ad49612f4d,4472571,3072,4080,JPEG,1,OPPO,OPPO Reno12 F,,,,,,,,,,,2026:09:12 14:45:17,geo_g9,geometry,geo_g9,geo_g9,True,primary_geometry_candidate,,476,21,0.381818181818,,forward_ordered_phase,v4_phone_rear_26mm,True,232.59462,81.311569,0,149,0.24649048,50.605118,1.3876013,observed_content_signal
IMG20260912144520.jpg,32baf1e468571e45d284007fccc9efca2b0b445de237f8046591787e9994783c,4438355,3072,4080,JPEG,1,OPPO,OPPO Reno12 F,,,,,,,,,,,2026:09:12 14:45:20,geo_g9,geometry,geo_g9,geo_g9,True,primary_geometry_candidate,,477,22,0.400000000000,,forward_ordered_phase,v4_phone_rear_26mm,True,230.83698,81.516907,0,149,0.24633789,50.712849,1.3795388,observed_content_signal
IMG20260912144523.jpg,a264f59132645ca07470bd3d43685ecd0e6e9558fd348ec7444439514c183ff4,4473673,3072,4080,JPEG,1,OPPO,OPPO Reno12 F,,,,,,,,,,,2026:09:12 14:45:23,geo_g9,geometry,geo_g9,geo_g9,True,primary_geometry_candidate,,478,23,0.418181818182,,forward_ordered_phase,v4_phone_rear_26mm,True,228.06792,81.547638,0,149,0.24624634,50.721474,1.3483215,observed_content_signal
IMG20260912144525.jpg,3fe0a399957960b4873c22636104b62ebc1b43e4486921efbbbdead018e70b8c,4464357,3072,4080,JPEG,1,OPPO,OPPO Reno12 F,,,,,,,,,,,2026:09:12 14:45:25,geo_g9,geometry,geo_g9,geo_g9,True,primary_geometry_candidate,,479,24,0.436363636364,,forward_ordered_phase,v4_phone_rear_26mm,True,233.16075,81.516724,0,149,0.24617004,50.664902,1.3234031,observed_content_signal
IMG20260912144527.jpg,fccdb077553af31384ae19e0ae51b1f3f6096ac8e7949ef2df08cfc3f6d092e3,4473196,3072,4080,JPEG,1,OPPO,OPPO Reno12 F,,,,,,,,,,,2026:09:12 14:45:27,geo_g9,geometry,geo_g9,geo_g9,True,primary_geometry_candidate,,480,25,0.454545454545,,forward_ordered_phase,v4_phone_rear_26mm,True,241.02933,81.372009,0,149,0.24612427,50.606972,1.3210637,observed_content_signal
IMG20260912144529.jpg,66e65e3aa0bc82e48e43a34c660149f34475eb776e1ba4ff455d869b417b5385,4482924,3072,4080,JPEG,1,OPPO,OPPO Reno12 F,,,,,,,,,,,2026:09:12 14:45:29,geo_g9,geometry,geo_g9,geo_g9,True,primary_geometry_candidate,,481,26,0.472727272727,,forward_ordered_phase,v4_phone_rear_26mm,True,245.62253,81.175903,0,149,0.24617004,50.478165,1.3246814,observed_content_signal
IMG20260912144531.jpg,ee89ff0f2760ac277bac14d52c3d409deed67a83328afbd3c4fac4894ea35600,4455778,3072,4080,JPEG,1,OPPO,OPPO Reno12 F,,,,,,,,,,,2026:09:12 14:45:31,geo_g9,geometry,geo_g9,geo_g9,True,primary_geometry_candidate,,482,27,0.490909090909,,forward_ordered_phase,v4_phone_rear_26mm,True,241.37952,81.111206,0,149,0.24617004,50.460663,1.3112742,observed_content_signal
IMG20260912144534.jpg,cd8d24c6c0e2be144b8e8b03e7eb06ffb42785684398d936f1deb5fcadf10500,4479663,3072,4080,JPEG,1,OPPO,OPPO Reno12 F,,,,,,,,,,,2026:09:12 14:45:34,geo_g9,geometry,geo_g9,geo_g9,True,primary_geometry_candidate,,483,28,0.509090909091,,forward_ordered_phase,v4_phone_rear_26mm,True,252.41412,82.308929,0,149,0.24610901,51.002472,1.3201623,observed_content_signal
IMG20260912144537.jpg,e7bf0316e79ee9183851f2325727402059197c445cb89d43f7ab38689f9a068e,4499863,3072,4080,JPEG,1,OPPO,OPPO Reno12 F,,,,,,,,,,,2026:09:12 14:45:37,geo_g9,geometry,geo_g9,geo_g9,True,primary_geometry_candidate,,484,29,0.527272727273,,forward_ordered_phase,v4_phone_rear_26mm,True,259.12323,82.043304,0,149,0.24615479,50.984238,1.3404724,observed_content_signal
IMG20260912144540.jpg,25f8ca13b4b465ed526f6441178bb834eb41c132bccf3b174345f689e242d7f0,4492037,3072,4080,JPEG,1,OPPO,OPPO Reno12 F,,,,,,,,,,,2026:09:12 14:45:40,geo_g9,geometry,geo_g9,geo_g9,True,primary_geometry_candidate,,485,30,0.545454545455,,forward_ordered_phase,v4_phone_rear_26mm,True,255.14256,81.99588,0,149,0.24615479,50.951656,1.3367406,observed_content_signal
IMG20260912144542.jpg,8eda6d094097166cf65f8bd6986f18b83461030e903a85a14dcfd3a4edce4846,4489086,3072,4080,JPEG,1,OPPO,OPPO Reno12 F,,,,,,,,,,,2026:09:12 14:45:42,geo_g9,geometry,geo_g9,geo_g9,True,primary_geometry_candidate,,486,31,0.563636363636,,forward_ordered_phase,v4_phone_rear_26mm,True,253.07417,81.446121,0,149,0.24613953,50.600483,1.3252523,observed_content_signal
IMG20260912144545.jpg,10b3ee6c63f7c2f0b4717f4f2bca8e3482defeb9dce08b552dae299623da5d85,4446813,3072,4080,JPEG,1,OPPO,OPPO Reno12 F,,,,,,,,,,,2026:09:12 14:45:45,geo_g9,geometry,geo_g9,geo_g9,True,primary_geometry_candidate,,487,32,0.581818181818,,forward_ordered_phase,v4_phone_rear_26mm,True,250.32098,81.157059,0,152,0.24610901,50.539482,1.315037,observed_content_signal
IMG20260912144547.jpg,bed36c49360c1ea71f33e6fc734b89dd13d2f42a3a98e4f1fb1eacb535b9b84a,4500962,3072,4080,JPEG,1,OPPO,OPPO Reno12 F,,,,,,,,,,,2026:09:12 14:45:47,geo_g9,geometry,geo_g9,geo_g9,True,primary_geometry_candidate,,488,33,0.600000000000,,forward_ordered_phase,v4_phone_rear_26mm,True,244.46425,80.636108,0,151,0.24609375,50.219799,1.3041109,observed_content_signal
IMG20260912144549.jpg,ae8c6290224ea827be5ae03f9c03ea3db5e0f592e30fe673a2deac59513ef421,4470577,3072,4080,JPEG,1,OPPO,OPPO Reno12 F,,,,,,,,,,,2026:09:12 14:45:49,geo_g9,geometry,geo_g9,geo_g9,True,primary_geometry_candidate,,489,34,0.618181818182,,forward_ordered_phase,v4_phone_rear_26mm,True,249.63504,80.634033,0,151,0.24610901,50.289154,1.3083695,observed_content_signal
IMG20260912144551.jpg,aa655111a9aaecdc664afe760eff7e939f37d16204b9da583e88a873918b47d8,4486032,3072,4080,JPEG,1,OPPO,OPPO Reno12 F,,,,,,,,,,,2026:09:12 14:45:51,geo_g9,geometry,geo_g9,geo_g9,True,primary_geometry_candidate,,490,35,0.636363636364,,forward_ordered_phase,v4_phone_rear_26mm,True,248.9899,80.793533,0,151,0.24610901,50.349823,1.3028667,observed_content_signal
IMG20260912144552.jpg,f743af3c5c73ef7d42f8bba6af4da74bb0b2c8d13a15f2eb5d24eec9a3402c60,4487071,3072,4080,JPEG,1,OPPO,OPPO Reno12 F,,,,,,,,,,,2026:09:12 14:45:52,geo_g9,geometry,geo_g9,geo_g9,True,primary_geometry_candidate,,491,36,0.654545454545,,forward_ordered_phase,v4_phone_rear_26mm,True,249.38953,80.877121,0,151,0.24613953,50.389164,1.3150506,observed_content_signal
IMG20260912144554.jpg,8dbbb2b4b772afbe530a6fcaf870a0b9180f76596ba8668960f15f29b3fcf7a8,4497881,3072,4080,JPEG,1,OPPO,OPPO Reno12 F,,,,,,,,,,,2026:09:12 14:45:54,geo_g9,geometry,geo_g9,geo_g9,True,primary_geometry_candidate,,492,37,0.672727272727,,forward_ordered_phase,v4_phone_rear_26mm,True,249.95258,80.99704,0,151,0.24612427,50.38895,1.3256767,observed_content_signal
IMG20260912144557.jpg,04ec406d47a665c2630f223108ff17fc13b95d5c7537051f50ea806c48a80c80,4467937,3072,4080,JPEG,1,OPPO,OPPO Reno12 F,,,,,,,,,,,2026:09:12 14:45:57,geo_g9,geometry,geo_g9,geo_g9,True,primary_geometry_candidate,,493,38,0.690909090909,,forward_ordered_phase,v4_phone_rear_26mm,True,257.28928,80.848816,0,152,0.2461853,50.418106,1.3235552,observed_content_signal
IMG20260912144559.jpg,f08c6e83553c74d7765222ded510fac386133f205570645ed612cb2066d57540,4463266,3072,4080,JPEG,1,OPPO,OPPO Reno12 F,,,,,,,,,,,2026:09:12 14:45:59,geo_g9,geometry,geo_g9,geo_g9,True,primary_geometry_candidate,,494,39,0.709090909091,,forward_ordered_phase,v4_phone_rear_26mm,True,258.7453,80.82991,0,152,0.24615479,50.41309,1.3401746,observed_content_signal
IMG20260912144601.jpg,2a8fc29c68839526e7cb0a1aa0363db18b6f5b911759ba4207ee42896da6dc3b,4498018,3072,4080,JPEG,1,OPPO,OPPO Reno12 F,,,,,,,,,,,2026:09:12 14:46:01,geo_g9,geometry,geo_g9,geo_g9,True,primary_geometry_candidate,,495,40,0.727272727273,,forward_ordered_phase,v4_phone_rear_26mm,True,253.28091,80.935242,0,151,0.24613953,50.415661,1.3563658,observed_content_signal
IMG20260912144602.jpg,24c7af24cadd98c65db4958cb3cdd44ce175958783b41210be8a11f11179f21e,4505199,3072,4080,JPEG,1,OPPO,OPPO Reno12 F,,,,,,,,,,,2026:09:12 14:46:02,geo_g9,geometry,geo_g9,geo_g9,True,primary_geometry_candidate,,496,41,0.745454545455,,forward_ordered_phase,v4_phone_rear_26mm,True,259.72183,80.993942,0,151,0.24613953,50.42527,1.3612682,observed_content_signal
IMG20260912144604.jpg,9ed949d279bea93324a17330ad817cb61b1e86a4816ac52a5f6a02bf80727500,4452220,3072,4080,JPEG,1,OPPO,OPPO Reno12 F,,,,,,,,,,,2026:09:12 14:46:04,geo_g9,geometry,geo_g9,geo_g9,True,primary_geometry_candidate,,497,42,0.763636363636,,forward_ordered_phase,v4_phone_rear_26mm,True,254.63486,81.069687,0,151,0.24610901,50.407242,1.3575192,observed_content_signal
IMG20260912144606.jpg,96bf09b7e7cbb9dd6d59c0511bb6f501697465bd9288791c181d8c7e1d584b32,4489016,3072,4080,JPEG,1,OPPO,OPPO Reno12 F,,,,,,,,,,,2026:09:12 14:46:06,geo_g9,geometry,geo_g9,geo_g9,True,primary_geometry_candidate,,498,43,0.781818181818,,forward_ordered_phase,v4_phone_rear_26mm,True,249.59355,81.040955,0,151,0.24612427,50.391586,1.3405335,observed_content_signal
IMG20260912144608.jpg,aff7d6723fe1427a9ccb997f1e0dedec59342d85a4d4801dc037fc7d5d69d0a2,4505538,3072,4080,JPEG,1,OPPO,OPPO Reno12 F,,,,,,,,,,,2026:09:12 14:46:08,geo_g9,geometry,geo_g9,geo_g9,True,primary_geometry_candidate,,499,44,0.800000000000,,forward_ordered_phase,v4_phone_rear_26mm,True,253.94153,81.097916,0,151,0.24610901,50.470943,1.3232063,observed_content_signal
IMG20260912144610.jpg,6a3768c3fb918a358ca887f6fb3c7994fba12966e5307e1d1d9177d269185253,4472592,3072,4080,JPEG,1,OPPO,OPPO Reno12 F,,,,,,,,,,,2026:09:12 14:46:10,geo_g9,geometry,geo_g9,geo_g9,True,primary_geometry_candidate,,500,45,0.818181818182,,forward_ordered_phase,v4_phone_rear_26mm,True,249.39655,81.021042,0,151,0.24615479,50.449661,1.3142977,observed_content_signal
IMG20260912144612.jpg,96282cd1fe05909d515fa42d08247246bc8922bba92740cdceca74ea3f983a4a,4499801,3072,4080,JPEG,1,OPPO,OPPO Reno12 F,,,,,,,,,,,2026:09:12 14:46:12,geo_g9,geometry,geo_g9,geo_g9,True,primary_geometry_candidate,,501,46,0.836363636364,,forward_ordered_phase,v4_phone_rear_26mm,True,241.55017,80.831085,0,151,0.24613953,50.355541,1.3012502,observed_content_signal
IMG20260912144613.jpg,efbe3595b54e92d7ff414067d082f7f98e0a4c2d2a7a9c1f586cf8043d33db5b,4464893,3072,4080,JPEG,1,OPPO,OPPO Reno12 F,,,,,,,,,,,2026:09:12 14:46:13,geo_g9,geometry,geo_g9,geo_g9,True,primary_geometry_candidate,,502,47,0.854545454545,,forward_ordered_phase,v4_phone_rear_26mm,True,240.87091,80.9673,0,151,0.24613953,50.3344,1.2892627,observed_content_signal
IMG20260912144615.jpg,bfddef5f52a829bcb967a049f8c43d2890cee3db34761eddf42d97f365413516,4399613,3072,4080,JPEG,1,OPPO,OPPO Reno12 F,,,,,,,,,,,2026:09:12 14:46:15,geo_g9,geometry,geo_g9,geo_g9,True,primary_geometry_candidate,,503,48,0.872727272727,,forward_ordered_phase,v4_phone_rear_26mm,True,237.13635,80.882187,0,151,0.24610901,50.163837,1.2783493,observed_content_signal
IMG20260912144617.jpg,25758be494afb206e47374c400611aca4f2ba52a49c03d945e75ba5e32fc9b19,4460608,3072,4080,JPEG,1,OPPO,OPPO Reno12 F,,,,,,,,,,,2026:09:12 14:46:17,geo_g9,geometry,geo_g9,geo_g9,True,primary_geometry_candidate,,504,49,0.890909090909,,forward_ordered_phase,v4_phone_rear_26mm,True,239.56882,80.736649,0,150,0.24609375,49.98299,1.2584494,observed_content_signal
IMG20260912144619.jpg,c1d3b1c9974d6dd3710ce075129e78cfedd3cf462e063c5ca9be563e094be160,4453807,3072,4080,JPEG,1,OPPO,OPPO Reno12 F,,,,,,,,,,,2026:09:12 14:46:19,geo_g9,geometry,geo_g9,geo_g9,True,primary_geometry_candidate,,505,50,0.909090909091,,forward_ordered_phase,v4_phone_rear_26mm,True,237.09219,80.689133,0,150,0.24609375,49.982536,1.2986338,observed_content_signal
IMG20260912144621.jpg,9c6d575cba950db6c4af165c81ee8c5c9bc22bec94be5c06899fa68eff0671c8,4461620,3072,4080,JPEG,1,OPPO,OPPO Reno12 F,,,,,,,,,,,2026:09:12 14:46:21,geo_g9,geometry,geo_g9,geo_g9,True,primary_geometry_candidate,,506,51,0.927272727273,,forward_ordered_phase,v4_phone_rear_26mm,True,235.48854,80.113358,0,150,0.24609375,49.749214,1.264426,observed_content_signal
IMG20260912144624.jpg,33011b36c846c4c8d6422c80532180ea946b762fda16c0e37e773f0fd6e5e762,4468411,3072,4080,JPEG,1,OPPO,OPPO Reno12 F,,,,,,,,,,,2026:09:12 14:46:24,geo_g9,geometry,geo_g9,geo_g9,True,primary_geometry_candidate,,507,52,0.945454545455,,forward_ordered_phase,v4_phone_rear_26mm,True,236.11794,80.385162,0,151,0.24609375,49.853806,1.2585628,observed_content_signal
IMG20260912144627.jpg,3c2f0f203eac69e7a718094cb3f244f09d4a6c2633eb4803e8f2a8c16f127878,4497707,3072,4080,JPEG,1,OPPO,OPPO Reno12 F,,,,,,,,,,,2026:09:12 14:46:27,geo_g9,geometry,geo_g9,geo_g9,True,primary_geometry_candidate,,508,53,0.963636363636,,forward_ordered_phase,v4_phone_rear_26mm,True,242.13339,81.260788,0,150,0.24609375,50.162365,1.2517478,observed_content_signal
IMG20260912144629.jpg,f45d9eab1ecd7a1e26ea506351cb6968e77e11506ed372c51beed60e0a527e96,4465566,3072,4080,JPEG,1,OPPO,OPPO Reno12 F,,,,,,,,,,,2026:09:12 14:46:29,geo_g9,geometry,geo_g9,geo_g9,True,primary_geometry_candidate,,509,54,0.981818181818,,forward_ordered_phase,v4_phone_rear_26mm,True,247.72533,81.662064,0,150,0.24609375,50.358921,1.2765364,observed_content_signal
IMG20260912144636.jpg,5d01ab484576ddd73221205d90136c37900a55624626e37844678deacfc57a0e,4461957,3072,4080,JPEG,1,OPPO,OPPO Reno12 F,,,,,,,,,,,2026:09:12 14:46:36,empty_g9,empty_board,empty_g9,,False,not_geometry_source,,510,,,,,v4_phone_rear_26mm,True,174.40686,83.69281,0,150,0.24609375,50.01556,1.2678987,observed_content_signal
IMG20260912144642.jpg,6516f4332d09809f9b05171d3f0f052f70a80c7b2b9266d46c8836f7b27ccd1d,4421581,3072,4080,JPEG,1,OPPO,OPPO Reno12 F,,,,,,,,,,,2026:09:12 14:46:42,empty_g9,empty_board,empty_g9,,False,not_geometry_source,,511,,,,,v4_phone_rear_26mm,True,182.77783,83.332031,0,150,0.24609375,49.679352,1.2977521,observed_content_signal
IMG20260912144644.jpg,170f70a0d466b65b7351920dfb72313f9f21f6c1bc13475002c07d2a3c6f4272,4451342,3072,4080,JPEG,1,OPPO,OPPO Reno12 F,,,,,,,,,,,2026:09:12 14:46:44,empty_g9,empty_board,empty_g9,,False,not_geometry_source,,512,,,,,v4_phone_rear_26mm,True,173.73631,82.161942,0,150,0.24609375,49.194099,1.2931562,observed_content_signal
IMG20260912144645.jpg,5265e27cd9d11b097dd8e0f22d75450aa752a29eb27f497e99c9ce52899f5aa9,4461011,3072,4080,JPEG,1,OPPO,OPPO Reno12 F,,,,,,,,,,,2026:09:12 14:46:45,empty_g9,empty_board,empty_g9,,False,not_geometry_source,,513,,,,,v4_phone_rear_26mm,True,175.49586,82.352921,0,150,0.24609375,49.266819,1.2891429,observed_content_signal
IMG20260912144647.jpg,454fd07277e279f1f406d711d2379462b85ae67b061b7dc0355491d50ded4435,4482497,3072,4080,JPEG,1,OPPO,OPPO Reno12 F,,,,,,,,,,,2026:09:12 14:46:47,empty_g9,empty_board,empty_g9,,False,not_geometry_source,,514,,,,,v4_phone_rear_26mm,True,173.33665,82.841888,0,150,0.24609375,49.503433,1.2887263,observed_content_signal
IMG20260912144648.jpg,84002b972f361adae05cd35cd5ac0916548caaa11839b0276849a110059edef5,4453154,3072,4080,JPEG,1,OPPO,OPPO Reno12 F,,,,,,,,,,,2026:09:12 14:46:48,empty_g9,empty_board,empty_g9,,False,not_geometry_source,,515,,,,,v4_phone_rear_26mm,True,168.45953,82.948151,0,149,0.24609375,49.681091,1.3245215,observed_content_signal
IMG20260912144650.jpg,cd5cc13c35661afef6dbf566d74de7532b574ecd93fb95dfbd4cf13834aafd62,4423966,3072,4080,JPEG,1,OPPO,OPPO Reno12 F,,,,,,,,,,,2026:09:12 14:46:50,empty_g9,empty_board,empty_g9,,False,not_geometry_source,,516,,,,,v4_phone_rear_26mm,True,168.24399,81.846573,0,150,0.24609375,49.81002,1.5493911,observed_content_signal
IMG20260912144654.jpg,cae6b039389818cdc24a19ce4de9076dbcbf5c8f6216c716add9d1c79f94353b,4409859,3072,4080,JPEG,1,OPPO,OPPO Reno12 F,,,,,,,,,,,2026:09:12 14:46:54,empty_g9,empty_board,empty_g9,,False,not_geometry_source,,517,,,,,v4_phone_rear_26mm,True,167.54083,81.13443,0,149,0.24609375,50.10474,1.7147021,observed_content_signal
IMG20260912144655.jpg,77e3a1496de8d4c4bed00d6d32c4a8cbf8cb443acda04e001b495a96b8c9accc,4358445,3072,4080,JPEG,1,OPPO,OPPO Reno12 F,,,,,,,,,,,2026:09:12 14:46:55,empty_g9,empty_board,empty_g9,,False,not_geometry_source,,518,,,,,v4_phone_rear_26mm,True,169.71344,81.399002,0,149,0.24609375,50.176434,1.7038155,observed_content_signal
IMG20260912144656.jpg,a78dcedf982c30c9c7d17ce4dec8c73c9823f7dd3b702e775eed6e94241a2e40,4477230,3072,4080,JPEG,1,OPPO,OPPO Reno12 F,,,,,,,,,,,2026:09:12 14:46:56,empty_g9,empty_board,empty_g9,,False,not_geometry_source,,519,,,,,v4_phone_rear_26mm,True,172.85321,82.975128,0,149,0.24609375,50.038452,1.4536328,observed_content_signal
IMG20260912144658.jpg,c361c89093a8d59d8e34e9b3c90d0b93d9786d2c73172726743e36f07b84904e,4460215,3072,4080,JPEG,1,OPPO,OPPO Reno12 F,,,,,,,,,,,2026:09:12 14:46:58,empty_g9,empty_board,empty_g9,,False,not_geometry_source,,520,,,,,v4_phone_rear_26mm,True,168.90765,82.989655,0,149,0.24609375,49.924194,1.3885386,observed_content_signal
IMG20260912144659.jpg,9138bc1431dadfc659a921689509fc6aee03b7104d50263ac8ab8290f02772cc,4462609,3072,4080,JPEG,1,OPPO,OPPO Reno12 F,,,,,,,,,,,2026:09:12 14:46:59,empty_g9,empty_board,empty_g9,,False,not_geometry_source,,521,,,,,v4_phone_rear_26mm,True,169.4628,83.344452,0,149,0.24613953,49.875267,1.35356,observed_content_signal
IMG20260912144700.jpg,240823453e63398d85d49fd58daee44e330c3b1cc1067c38399beb116b7c6a15,4478790,3072,4080,JPEG,1,OPPO,OPPO Reno12 F,,,,,,,,,,,2026:09:12 14:47:00,empty_g9,empty_board,empty_g9,,False,not_geometry_source,,522,,,,,v4_phone_rear_26mm,True,171.03244,83.009796,0,150,0.24609375,49.573948,1.306398,observed_content_signal
IMG20260912144702.jpg,bf17789a2840e01c544ef9274d86cce0e3c8c73ba1266af82367bc5c0fb0487b,4395714,3072,4080,JPEG,1,OPPO,OPPO Reno12 F,,,,,,,,,,,2026:09:12 14:47:02,empty_g9,empty_board,empty_g9,,False,not_geometry_source,,523,,,,,v4_phone_rear_26mm,True,171.60883,82.72728,0,150,0.24609375,49.515839,1.3231097,observed_content_signal
IMG20260912144704.jpg,4dd507497819ec671e9d4f91bf3c6f11a0a475cedc4b66ba65d1820a66a06c07,4479846,3072,4080,JPEG,1,OPPO,OPPO Reno12 F,,,,,,,,,,,2026:09:12 14:47:04,empty_g9,empty_board,empty_g9,,False,not_geometry_source,,524,,,,,v4_phone_rear_26mm,True,169.30188,82.618179,0,150,0.24609375,49.799587,1.3056262,observed_content_signal
IMG20260912144706.jpg,d52aea9fdf6c71961c15bd409e7dee78e35e78c02a900cd01e1a65b2704628ef,4452914,3072,4080,JPEG,1,OPPO,OPPO Reno12 F,,,,,,,,,,,2026:09:12 14:47:06,empty_g9,empty_board,empty_g9,,False,not_geometry_source,,525,,,,,v4_phone_rear_26mm,True,178.78471,83.595032,0,149,0.24609375,49.819462,1.2665335,observed_content_signal
IMG20260912144707.jpg,4ef7d13c975d28c551b41d2babdef8047ecb0ff00bfd1848c1b48b2d2ab19051,4486881,3072,4080,JPEG,1,OPPO,OPPO Reno12 F,,,,,,,,,,,2026:09:12 14:47:07,empty_g9,empty_board,empty_g9,,False,not_geometry_source,,526,,,,,v4_phone_rear_26mm,True,179.64944,84.538498,0,150,0.24609375,50.234104,1.2369516,observed_content_signal
IMG20260912144709.jpg,33b32b03839599a383a6f38d8292e98eaa2e14120ed978bf9af5519bd56f570a,4458836,3072,4080,JPEG,1,OPPO,OPPO Reno12 F,,,,,,,,,,,2026:09:12 14:47:09,empty_g9,empty_board,empty_g9,,False,not_geometry_source,,527,,,,,v4_phone_rear_26mm,True,177.47989,84.03598,0,150,0.24609375,50.309376,1.3670454,observed_content_signal
IMG20260912144711.jpg,a543634f7d2e30ae936a83aeb24348b311a48f7bf7b9a4309bf8bcb61ba95465,4470573,3072,4080,JPEG,1,OPPO,OPPO Reno12 F,,,,,,,,,,,2026:09:12 14:47:11,empty_g9,empty_board,empty_g9,,False,not_geometry_source,,528,,,,,v4_phone_rear_26mm,True,175.31204,83.116135,0,149,0.24609375,50.423824,1.5617493,observed_content_signal
IMG20260912144712.jpg,f83c251d61edbd794195dcdc7164364abdca8a3e308780cab809dae8a56c0c86,4468328,3072,4080,JPEG,1,OPPO,OPPO Reno12 F,,,,,,,,,,,2026:09:12 14:47:12,empty_g9,empty_board,empty_g9,,False,not_geometry_source,,529,,,,,v4_phone_rear_26mm,True,177.31723,83.457275,0,150,0.24609375,50.404663,1.5028031,observed_content_signal
IMG20260912144713.jpg,134fe6f78e51ff0c93a65b275b6cb05bbe03c75fcd08b496ae31465ef109c290,4469018,3072,4080,JPEG,1,OPPO,OPPO Reno12 F,,,,,,,,,,,2026:09:12 14:47:13,empty_g9,empty_board,empty_g9,,False,not_geometry_source,,530,,,,,v4_phone_rear_26mm,True,179.75697,84.444412,0,150,0.24629211,50.490318,1.3069379,observed_content_signal
IMG20260912144715.jpg,cefeb9e6d2623f863ea849f0b0ff1afdc513bf7985a86700d32fdb9121739bf9,4401950,3072,4080,JPEG,1,OPPO,OPPO Reno12 F,,,,,,,,,,,2026:09:12 14:47:15,empty_g9,empty_board,empty_g9,,False,not_geometry_source,,531,,,,,v4_phone_rear_26mm,True,174.07355,84.447037,0,150,0.24609375,50.267471,1.2064571,observed_content_signal
IMG20260912144716.jpg,5beaef8eb6b9857f8ebe2d700c721949723da0783a61b72a56de5aebd193ae88,4470846,3072,4080,JPEG,1,OPPO,OPPO Reno12 F,,,,,,,,,,,2026:09:12 14:47:16,empty_g9,empty_board,empty_g9,,False,not_geometry_source,,532,,,,,v4_phone_rear_26mm,True,180.99065,84.277466,0,150,0.24609375,50.08989,1.2185438,observed_content_signal
IMG20260912144717.jpg,e1f34732723816a16667a6fa402806c54dd4d7e8ca149450cf81c59312cb7ff4,4466108,3072,4080,JPEG,1,OPPO,OPPO Reno12 F,,,,,,,,,,,2026:09:12 14:47:17,empty_g9,empty_board,empty_g9,,False,not_geometry_source,,533,,,,,v4_phone_rear_26mm,True,184.10982,84.076904,0,150,0.24609375,50.011169,1.2514589,observed_content_signal
IMG20260912144719.jpg,a9f4eed83249d9113f31cb1b3441e48952b2248b1c85c3affe2b0cf77e0d44a2,4497455,3072,4080,JPEG,1,OPPO,OPPO Reno12 F,,,,,,,,,,,2026:09:12 14:47:19,empty_g9,empty_board,empty_g9,,False,not_geometry_source,,534,,,,,v4_phone_rear_26mm,True,185.74268,84.291702,0,150,0.24609375,50.131386,1.2860144,observed_content_signal
IMG20260912145120.jpg,1e2484ca8b0d2aba4cf73053653c29e72abe157471220530fc647f4603fea3af,5090072,3072,4080,JPEG,1,OPPO,OPPO Reno12 F,,,,,,,,,,,2026:09:12 14:51:20,geo_g10,geometry,geo_g10,geo_g10,True,primary_geometry_candidate,,535,0,0.000000000000,,forward_ordered_phase,v4_phone_rear_26mm,True,271.37421,74.627228,0,138,0.24609375,45.687683,1.1808013,observed_content_signal
IMG20260912145123.jpg,9306bcb01eb58804778b67a6cf16410df5a0c46f9848f053cf8af781fb0b68de,5079167,3072,4080,JPEG,1,OPPO,OPPO Reno12 F,,,,,,,,,,,2026:09:12 14:51:23,geo_g10,geometry,geo_g10,geo_g10,True,primary_geometry_candidate,,536,1,0.016949152542,,forward_ordered_phase,v4_phone_rear_26mm,True,261.53793,74.300995,0,137,0.24609375,45.56353,1.1684833,observed_content_signal
IMG20260912145127.jpg,3a809711791d4e309e195fb9a494167ef1d116dcd594b6e5ea1a1de6a13a77a3,5086365,3072,4080,JPEG,1,OPPO,OPPO Reno12 F,,,,,,,,,,,2026:09:12 14:51:27,geo_g10,geometry,geo_g10,geo_g10,True,primary_geometry_candidate,,537,2,0.033898305085,,forward_ordered_phase,v4_phone_rear_26mm,True,263.60196,75.554398,0,138,0.24609375,46.238991,1.154499,observed_content_signal
IMG20260912145130.jpg,7ba8bf6c2b7693fe11bac53c9c325f98e9e2a8d9dfc4a2fd61fb955d8a1d51aa,5107034,3072,4080,JPEG,1,OPPO,OPPO Reno12 F,,,,,,,,,,,2026:09:12 14:51:30,geo_g10,geometry,geo_g10,geo_g10,True,primary_geometry_candidate,,538,3,0.050847457627,,forward_ordered_phase,v4_phone_rear_26mm,True,263.74811,75.950089,0,139,0.24609375,46.478546,1.1376959,observed_content_signal
IMG20260912145132.jpg,1e4c612cba6f6d994451935601bd4f662ed95d52936965534746998ae4c566ea,5094254,3072,4080,JPEG,1,OPPO,OPPO Reno12 F,,,,,,,,,,,2026:09:12 14:51:32,geo_g10,geometry,geo_g10,geo_g10,True,primary_geometry_candidate,,539,4,0.067796610169,,forward_ordered_phase,v4_phone_rear_26mm,True,265.51794,76.16214,0,139,0.24609375,46.651917,1.12465,observed_content_signal
IMG20260912145137.jpg,bc04040aefeb033a0ed1ba5c439e9e8f2d647628aae6e870b66f941169f807fb,5163429,3072,4080,JPEG,1,OPPO,OPPO Reno12 F,,,,,,,,,,,2026:09:12 14:51:37,geo_g10,geometry,geo_g10,geo_g10,True,primary_geometry_candidate,,540,5,0.084745762712,,forward_ordered_phase,v4_phone_rear_26mm,True,264.15735,75.857422,0,138,0.24609375,46.528202,1.1082371,observed_content_signal
IMG20260912145140.jpg,1236df13418a8a20cc11d1bec9280fbc07c6484b9c3c0e776945ae51e390f3cf,5100573,3072,4080,JPEG,1,OPPO,OPPO Reno12 F,,,,,,,,,,,2026:09:12 14:51:40,geo_g10,geometry,geo_g10,geo_g10,True,primary_geometry_candidate,,541,6,0.101694915254,,forward_ordered_phase,v4_phone_rear_26mm,True,255.80632,75.253067,0,137,0.24609375,46.210114,1.0934231,observed_content_signal
IMG20260912145143.jpg,12affb8640ded2ab5a24a2c14887fecda88a157d05483b5ece0378b04d94c4be,5144750,3072,4080,JPEG,1,OPPO,OPPO Reno12 F,,,,,,,,,,,2026:09:12 14:51:43,geo_g10,geometry,geo_g10,geo_g10,True,primary_geometry_candidate,,542,7,0.118644067797,,forward_ordered_phase,v4_phone_rear_26mm,True,263.81442,77.458878,0,139,0.24609375,47.577824,1.0927263,observed_content_signal
IMG20260912145145.jpg,e4c2e3ddb0b27d21fec94df0e1fb7123a3a707a684e90b6a165077eb191c240e,5145283,3072,4080,JPEG,1,OPPO,OPPO Reno12 F,,,,,,,,,,,2026:09:12 14:51:45,geo_g10,geometry,geo_g10,geo_g10,True,primary_geometry_candidate,,543,8,0.135593220339,,forward_ordered_phase,v4_phone_rear_26mm,True,252.358,76.42067,0,138,0.24613953,47.340294,1.0817997,observed_content_signal
IMG20260912145147.jpg,6f08da2d9e26a960a1676d0f32bca796ddbcb10ec176005ac9e69e8c23c69b32,4956111,3072,4080,JPEG,1,OPPO,OPPO Reno12 F,,,,,,,,,,,2026:09:12 14:51:47,geo_g10,geometry,geo_g10,geo_g10,True,primary_geometry_candidate,,544,9,0.152542372881,,forward_ordered_phase,v4_phone_rear_26mm,True,244.38152,76.388626,0,138,0.24627686,47.639114,1.0587224,observed_content_signal
IMG20260912145149.jpg,778beabc80114c5144bbe6213bf04ed44d1c8e3dd3ef72cc9604dd5c7ff8fca6,4906191,3072,4080,JPEG,1,OPPO,OPPO Reno12 F,,,,,,,,,,,2026:09:12 14:51:49,geo_g10,geometry,geo_g10,geo_g10,True,primary_geometry_candidate,,545,10,0.169491525424,,forward_ordered_phase,v4_phone_rear_26mm,True,240.10059,76.111603,0,138,0.24629211,47.953945,1.0325186,observed_content_signal
IMG20260912145152.jpg,29c8d72382f6b017a4bf5bc2e5b7974cecea7698bd4841d127b6a77ebbd1e72b,4988306,3072,4080,JPEG,1,OPPO,OPPO Reno12 F,,,,,,,,,,,2026:09:12 14:51:52,geo_g10,geometry,geo_g10,geo_g10,True,primary_geometry_candidate,,546,11,0.186440677966,,forward_ordered_phase,v4_phone_rear_26mm,True,235.76686,76.191681,0,139,0.24623108,48.221676,0.99125783,observed_content_signal
IMG20260912145153.jpg,48ba98b6f79ab36f86fc58977bf82934d1be051fe5abd70397b87be54e833685,5002731,3072,4080,JPEG,1,OPPO,OPPO Reno12 F,,,,,,,,,,,2026:09:12 14:51:53,geo_g10,geometry,geo_g10,geo_g10,True,primary_geometry_candidate,,547,12,0.203389830508,,forward_ordered_phase,v4_phone_rear_26mm,True,236.59142,76.258926,0,141,0.24612427,48.343979,0.913556,observed_content_signal
IMG20260912145155.jpg,0231ac2aa31e2c985eaac2116aab52392223c411ad5563177ce8f09ac5809f3b,5030679,3072,4080,JPEG,1,OPPO,OPPO Reno12 F,,,,,,,,,,,2026:09:12 14:51:55,geo_g10,geometry,geo_g10,geo_g10,True,primary_geometry_candidate,,548,13,0.220338983051,,forward_ordered_phase,v4_phone_rear_26mm,True,240.28067,76.422791,0,140,0.24609375,48.471016,0.89228207,observed_content_signal
IMG20260912145158.jpg,c834e03bdbb9071cf19f81f27fe98ed16b0a4058e229f469edd32f738621b0bd,5140843,3072,4080,JPEG,1,OPPO,OPPO Reno12 F,,,,,,,,,,,2026:09:12 14:51:58,geo_g10,geometry,geo_g10,geo_g10,True,primary_geometry_candidate,,549,14,0.237288135593,,forward_ordered_phase,v4_phone_rear_26mm,True,242.52466,76.325638,0,140,0.24609375,48.22208,0.89330051,observed_content_signal
IMG20260912145200.jpg,c39e7de28d5722306ddaa69861e2c190f1ae94c3574e1e7b3593cd0abf786bf9,5169741,3072,4080,JPEG,1,OPPO,OPPO Reno12 F,,,,,,,,,,,2026:09:12 14:52:00,geo_g10,geometry,geo_g10,geo_g10,True,primary_geometry_candidate,,550,15,0.254237288136,,forward_ordered_phase,v4_phone_rear_26mm,True,249.35806,76.704361,0,140,0.24609375,48.125015,0.90407209,observed_content_signal
IMG20260912145204.jpg,468b6b3895569238b883579299cee0f8a4d59872b5b5366216df773eac9f5e10,5083461,3072,4080,JPEG,1,OPPO,OPPO Reno12 F,,,,,,,,,,,2026:09:12 14:52:04,geo_g10,geometry,geo_g10,geo_g10,True,primary_geometry_candidate,,551,16,0.271186440678,,forward_ordered_phase,v4_phone_rear_26mm,True,252.72844,76.675278,0,140,0.24609375,47.771614,0.97326766,observed_content_signal
IMG20260912145207.jpg,eb828874aba126a0ba558d6637c700b108e64a1c727b83cb30ce670f66df7038,5198959,3072,4080,JPEG,1,OPPO,OPPO Reno12 F,,,,,,,,,,,2026:09:12 14:52:07,geo_g10,geometry,geo_g10,geo_g10,True,primary_geometry_candidate,,552,17,0.288135593220,,forward_ordered_phase,v4_phone_rear_26mm,True,265.90005,77.280685,0,140,0.24609375,47.619343,1.0458787,observed_content_signal
IMG20260912145210.jpg,36315a4af86002003adb9abc236d97d0604c4c59a2126e29b19aa6b24896dff6,5307993,3072,4080,JPEG,1,OPPO,OPPO Reno12 F,,,,,,,,,,,2026:09:12 14:52:10,geo_g10,geometry,geo_g10,geo_g10,True,primary_geometry_candidate,,553,18,0.305084745763,,forward_ordered_phase,v4_phone_rear_26mm,True,276.95105,78.487198,0,141,0.24609375,47.922146,1.0518372,observed_content_signal
IMG20260912145213.jpg,1375ec8c95f119fe5cf58a01c50f652329bb3729c2b08a7ca9f5f56ce002d744,5149063,3072,4080,JPEG,1,OPPO,OPPO Reno12 F,,,,,,,,,,,2026:09:12 14:52:13,geo_g10,geometry,geo_g10,geo_g10,True,primary_geometry_candidate,,554,19,0.322033898305,,forward_ordered_phase,v4_phone_rear_26mm,True,280.86099,79.33194,0,141,0.24609375,48.220131,1.0611228,observed_content_signal
IMG20260912145216.jpg,f31ba904f8cfbe490355c54c287f197254298e543c9ba84621119e7006eb2ad6,5371167,3072,4080,JPEG,1,OPPO,OPPO Reno12 F,,,,,,,,,,,2026:09:12 14:52:16,geo_g10,geometry,geo_g10,geo_g10,True,primary_geometry_candidate,,555,20,0.338983050847,,forward_ordered_phase,v4_phone_rear_26mm,True,289.86707,78.807678,0,142,0.24609375,47.950382,1.0707429,observed_content_signal
IMG20260912145218.jpg,ad24481355dd5f4eab9c19d230dc01e6774b26e072fe5f073dd90b33195de260,5257840,3072,4080,JPEG,1,OPPO,OPPO Reno12 F,,,,,,,,,,,2026:09:12 14:52:18,geo_g10,geometry,geo_g10,geo_g10,True,primary_geometry_candidate,,556,21,0.355932203390,,forward_ordered_phase,v4_phone_rear_26mm,True,286.58679,77.341736,0,141,0.24609375,47.156521,1.0679042,observed_content_signal
IMG20260912145220.jpg,527212a7884670f9072203655fb023aa975bab3ff8fc0478bf2c935b6ba2462f,5300577,3072,4080,JPEG,1,OPPO,OPPO Reno12 F,,,,,,,,,,,2026:09:12 14:52:20,geo_g10,geometry,geo_g10,geo_g10,True,primary_geometry_candidate,,557,22,0.372881355932,,forward_ordered_phase,v4_phone_rear_26mm,True,288.08881,77.399734,0,141,0.24609375,47.135395,1.0657955,observed_content_signal
IMG20260912145223.jpg,3ea4ad648528ade90ef0832511b1c79d09217962de727f7fb193035a8c9d696c,4988627,3072,4080,JPEG,1,OPPO,OPPO Reno12 F,,,,,,,,,,,2026:09:12 14:52:23,geo_g10,geometry,geo_g10,geo_g10,True,primary_geometry_candidate,,558,23,0.389830508475,,forward_ordered_phase,v4_phone_rear_26mm,True,263.69888,75.806427,0,138,0.24609375,46.141251,1.1531629,observed_content_signal
IMG20260912145225.jpg,6d4ebdb13777854d2d63d0111d90e372422aede0a5c64bc6be699c3e7a36bd06,5279260,3072,4080,JPEG,1,OPPO,OPPO Reno12 F,,,,,,,,,,,2026:09:12 14:52:25,geo_g10,geometry,geo_g10,geo_g10,True,primary_geometry_candidate,,559,24,0.406779661017,,forward_ordered_phase,v4_phone_rear_26mm,True,297.56586,77.941147,0,140,0.24609375,47.286308,1.1524298,observed_content_signal
IMG20260912145227.jpg,ea5063e106ff84aecf09ee81a538a983013200d04c72302a2d57e6eb95d49335,5185879,3072,4080,JPEG,1,OPPO,OPPO Reno12 F,,,,,,,,,,,2026:09:12 14:52:27,geo_g10,geometry,geo_g10,geo_g10,True,primary_geometry_candidate,,560,25,0.423728813559,,forward_ordered_phase,v4_phone_rear_26mm,True,296.64206,78.145538,0,140,0.24609375,47.432533,1.1828966,observed_content_signal
IMG20260912145229.jpg,6f656e266da09371b1e4194fc69f2e3ac55f8ff51f05e5233ff543ce2271030d,5357099,3072,4080,JPEG,1,OPPO,OPPO Reno12 F,,,,,,,,,,,2026:09:12 14:52:29,geo_g10,geometry,geo_g10,geo_g10,True,primary_geometry_candidate,,561,26,0.440677966102,,forward_ordered_phase,v4_phone_rear_26mm,True,287.77682,77.940704,0,140,0.24609375,47.410278,1.1783614,observed_content_signal
IMG20260912145231.jpg,873faa437357b4a8a677c2e7b34c035930db6775a32a32b4ca4171bc0be0a5ed,5308676,3072,4080,JPEG,1,OPPO,OPPO Reno12 F,,,,,,,,,,,2026:09:12 14:52:31,geo_g10,geometry,geo_g10,geo_g10,True,primary_geometry_candidate,,562,27,0.457627118644,,forward_ordered_phase,v4_phone_rear_26mm,True,281.95056,77.351151,0,140,0.24609375,47.214008,1.1521319,observed_content_signal
IMG20260912145233.jpg,fddad317c5040a61f006ece9575d1c6a62c803e98bfa888a129dff4d846ac8ad,5131380,3072,4080,JPEG,1,OPPO,OPPO Reno12 F,,,,,,,,,,,2026:09:12 14:52:33,geo_g10,geometry,geo_g10,geo_g10,True,primary_geometry_candidate,,563,28,0.474576271186,,forward_ordered_phase,v4_phone_rear_26mm,True,250.50389,76.386414,0,138,0.24629211,47.681889,1.0531384,observed_content_signal
IMG20260912145235.jpg,62971b8c71a2cca6ab554d2811f7fc0efea3df41afac76e38cf51382f66b7ebb,5252093,3072,4080,JPEG,1,OPPO,OPPO Reno12 F,,,,,,,,,,,2026:09:12 14:52:35,geo_g10,geometry,geo_g10,geo_g10,True,primary_geometry_candidate,,564,29,0.491525423729,,forward_ordered_phase,v4_phone_rear_26mm,True,255.86334,76.454224,0,139,0.24633789,47.665123,1.0684715,observed_content_signal
IMG20260912145236.jpg,9f898b2c261409646ec1ba6afc7240a6ffa3df6e28b1138a05e0cc536abd24e0,5223398,3072,4080,JPEG,1,OPPO,OPPO Reno12 F,,,,,,,,,,,2026:09:12 14:52:36,geo_g10,geometry,geo_g10,geo_g10,True,primary_geometry_candidate,,565,30,0.508474576271,,forward_ordered_phase,v4_phone_rear_26mm,True,246.15419,75.906174,0,139,0.24629211,47.921848,1.0323265,observed_content_signal
IMG20260912145239.jpg,829d8abc50887f7add21b7680be1a7c5707f100e8eff458a9e34b2f206656090,5216111,3072,4080,JPEG,1,OPPO,OPPO Reno12 F,,,,,,,,,,,2026:09:12 14:52:39,geo_g10,geometry,geo_g10,geo_g10,True,primary_geometry_candidate,,566,31,0.525423728814,,forward_ordered_phase,v4_phone_rear_26mm,True,223.15375,73.766525,0,139,0.24609375,46.940006,0.87195888,observed_content_signal
IMG20260912145244.jpg,985bec1798b71bc90289301105b4e5dfd51ffa62790e093400d1325bf53b64c7,5060741,3072,4080,JPEG,1,OPPO,OPPO Reno12 F,,,,,,,,,,,2026:09:12 14:52:44,geo_g10,geometry,geo_g10,geo_g10,True,primary_geometry_candidate,,567,32,0.542372881356,,forward_ordered_phase,v4_phone_rear_26mm,True,261.11865,79.627075,0,142,0.24609375,50.197922,0.89663478,observed_content_signal
IMG20260912145247.jpg,34cffa4d06764118f8fcfe2e9367714907835adcaeaf4670b46842e77a4a04d8,4999772,3072,4080,JPEG,1,OPPO,OPPO Reno12 F,,,,,,,,,,,2026:09:12 14:52:47,geo_g10,geometry,geo_g10,geo_g10,True,primary_geometry_candidate,,568,33,0.559322033898,,forward_ordered_phase,v4_phone_rear_26mm,True,256.01398,79.296249,0,142,0.24609375,49.469391,0.9096,observed_content_signal
IMG20260912145249.jpg,18d965756962693969999a0244cd1ee2af59bfe31844b0684821bc8d2b4512e2,5053405,3072,4080,JPEG,1,OPPO,OPPO Reno12 F,,,,,,,,,,,2026:09:12 14:52:49,geo_g10,geometry,geo_g10,geo_g10,True,primary_geometry_candidate,,569,34,0.576271186441,,forward_ordered_phase,v4_phone_rear_26mm,True,264.81958,79.288361,0,142,0.24609375,48.886353,1.0310133,observed_content_signal
IMG20260912145251.jpg,bb3c311565fc15820d88a6cfef28e1ef01e6e7297e6e7587a7e1a0c5526ac56b,5078873,3072,4080,JPEG,1,OPPO,OPPO Reno12 F,,,,,,,,,,,2026:09:12 14:52:51,geo_g10,geometry,geo_g10,geo_g10,True,primary_geometry_candidate,,570,35,0.593220338983,,forward_ordered_phase,v4_phone_rear_26mm,True,280.54681,79.80365,0,143,0.24609375,48.76096,1.0703788,observed_content_signal
IMG20260912145254.jpg,9415066ecd973782d8b13b087c5effde85804e646204929d62e99683442a10b5,5177240,3072,4080,JPEG,1,OPPO,OPPO Reno12 F,,,,,,,,,,,2026:09:12 14:52:54,geo_g10,geometry,geo_g10,geo_g10,True,primary_geometry_candidate,,571,36,0.610169491525,,forward_ordered_phase,v4_phone_rear_26mm,True,291.28845,79.86499,0,144,0.24609375,48.772137,1.1081277,observed_content_signal
IMG20260912145256.jpg,9100d7af873af164fb558b7aa46ae981a6863c9c3f258a134b042b52f06e57b3,5023995,3072,4080,JPEG,1,OPPO,OPPO Reno12 F,,,,,,,,,,,2026:09:12 14:52:56,geo_g10,geometry,geo_g10,geo_g10,True,primary_geometry_candidate,,572,37,0.627118644068,,forward_ordered_phase,v4_phone_rear_26mm,True,308.62979,79.73053,0,144,0.24609375,48.756504,1.1443657,observed_content_signal
IMG20260912145258.jpg,c3392173241d8beb02e1bebc17f653ad01b6942d2335f4d59854e6b98ae0060c,5065868,3072,4080,JPEG,1,OPPO,OPPO Reno12 F,,,,,,,,,,,2026:09:12 14:52:58,geo_g10,geometry,geo_g10,geo_g10,True,primary_geometry_candidate,,573,38,0.644067796610,,forward_ordered_phase,v4_phone_rear_26mm,True,306.83224,79.89064,0,145,0.24609375,48.801441,1.151204,observed_content_signal
IMG20260912145300.jpg,75e06903d565c876c1ff86bf4e981b29ee17c74e46bfbb09819e1db0b3c6043f,5010795,3072,4080,JPEG,1,OPPO,OPPO Reno12 F,,,,,,,,,,,2026:09:12 14:53:00,geo_g10,geometry,geo_g10,geo_g10,True,primary_geometry_candidate,,574,39,0.661016949153,,forward_ordered_phase,v4_phone_rear_26mm,True,310.86603,79.891342,0,145,0.24609375,48.747646,1.1714313,observed_content_signal
IMG20260912145303.jpg,fe9c7a61527cd25cf0b6208b8512f41f4bdbf9dfadbd7d1c19554aed2aa59072,4890048,3072,4080,JPEG,1,OPPO,OPPO Reno12 F,,,,,,,,,,,2026:09:12 14:53:03,geo_g10,geometry,geo_g10,geo_g10,True,primary_geometry_candidate,,575,40,0.677966101695,,forward_ordered_phase,v4_phone_rear_26mm,True,313.33762,79.926224,0,143,0.24609375,48.691086,1.2058452,observed_content_signal
IMG20260912145304.jpg,520fd1c73ba0f6be325f0d8a0427a2acd18b325c7a90f91d3fe93ada854d9a08,5071639,3072,4080,JPEG,1,OPPO,OPPO Reno12 F,,,,,,,,,,,2026:09:12 14:53:04,geo_g10,geometry,geo_g10,geo_g10,True,primary_geometry_candidate,,576,41,0.694915254237,,forward_ordered_phase,v4_phone_rear_26mm,True,314.30481,79.942749,0,143,0.24609375,48.706562,1.2065796,observed_content_signal
IMG20260912145305.jpg,104ed4ca3d5165659a5991c05cde36be199e324bb87ffcffe5d127519f62b942,5066111,3072,4080,JPEG,1,OPPO,OPPO Reno12 F,,,,,,,,,,,2026:09:12 14:53:05,geo_g10,geometry,geo_g10,geo_g10,True,primary_geometry_candidate,,577,42,0.711864406780,,forward_ordered_phase,v4_phone_rear_26mm,True,302.65558,80.299805,0,142,0.24609375,48.866024,1.1776888,observed_content_signal
IMG20260912145308.jpg,163c3f64ce962e64bb0ecfe702aaf3092d90578c72b2cc30acdf5463eae75403,5035216,3072,4080,JPEG,1,OPPO,OPPO Reno12 F,,,,,,,,,,,2026:09:12 14:53:08,geo_g10,geometry,geo_g10,geo_g10,True,primary_geometry_candidate,,578,43,0.728813559322,,forward_ordered_phase,v4_phone_rear_26mm,True,296.23883,80.581192,0,141,0.24609375,49.07748,1.1478322,observed_content_signal
IMG20260912145311.jpg,fb52c4264c23f10549cb09cd490163929a29a7846767e34ba1bf6b9f0039e284,5045901,3072,4080,JPEG,1,OPPO,OPPO Reno12 F,,,,,,,,,,,2026:09:12 14:53:11,geo_g10,geometry,geo_g10,geo_g10,True,primary_geometry_candidate,,579,44,0.745762711864,,forward_ordered_phase,v4_phone_rear_26mm,True,295.37726,80.535629,0,141,0.24609375,49.133541,1.1081121,observed_content_signal
IMG20260912145314.jpg,133a7250aa7df7f268745d497b183ab3533a69f2e2b3542bb1e53421816639d5,4934998,3072,4080,JPEG,1,OPPO,OPPO Reno12 F,,,,,,,,,,,2026:09:12 14:53:14,geo_g10,geometry,geo_g10,geo_g10,True,primary_geometry_candidate,,580,45,0.762711864407,,forward_ordered_phase,v4_phone_rear_26mm,True,275.10083,80.160522,0,140,0.24621582,49.648621,1.0578225,observed_content_signal
IMG20260912145317.jpg,c57ef6dce30821365ceee4183367c82ae49b63fede77e61b8941ba02a1a8075e,4985333,3072,4080,JPEG,1,OPPO,OPPO Reno12 F,,,,,,,,,,,2026:09:12 14:53:17,geo_g10,geometry,geo_g10,geo_g10,True,primary_geometry_candidate,,581,46,0.779661016949,,forward_ordered_phase,v4_phone_rear_26mm,True,258.44366,79.837173,0,140,0.2461853,50.20409,0.99959298,observed_content_signal
IMG20260912145319.jpg,31c8e849db7338745ce60e4d3d681b8b998d0751ba4285ae32cb0e0a2810d983,4885722,3072,4080,JPEG,1,OPPO,OPPO Reno12 F,,,,,,,,,,,2026:09:12 14:53:19,geo_g10,geometry,geo_g10,geo_g10,True,primary_geometry_candidate,,582,47,0.796610169492,,forward_ordered_phase,v4_phone_rear_26mm,True,261.49393,80.182892,0,142,0.24609375,50.525131,0.90235869,observed_content_signal
IMG20260912145319_01.jpg,eab8e2c42591e35fd761e3c064779eb887101cca2bc71eb073623575b53c8554,5015034,3072,4080,JPEG,1,OPPO,OPPO Reno12 F,,,,,,,,,,,2026:09:12 14:53:19,geo_g10,geometry,geo_g10,geo_g10,True,primary_geometry_candidate,,583,48,0.813559322034,,forward_ordered_phase,v4_phone_rear_26mm,True,261.397,80.154846,0,142,0.24609375,50.513386,0.90260475,observed_content_signal
IMG20260912145321.jpg,0ba4b16935b445ab779111636b3a461e4c8292dfd7e954d8414ccc648e7e08ed,4970810,3072,4080,JPEG,1,OPPO,OPPO Reno12 F,,,,,,,,,,,2026:09:12 14:53:21,geo_g10,geometry,geo_g10,geo_g10,True,primary_geometry_candidate,,584,49,0.830508474576,,forward_ordered_phase,v4_phone_rear_26mm,True,270.13947,80.350571,0,141,0.24609375,50.360676,0.90584217,observed_content_signal
IMG20260912145324.jpg,5be2402145322baab4baf48fb9039d3c15d37e4bbfb6733f13965989ba625ebf,5011144,3072,4080,JPEG,1,OPPO,OPPO Reno12 F,,,,,,,,,,,2026:09:12 14:53:24,geo_g10,geometry,geo_g10,geo_g10,True,primary_geometry_candidate,,585,50,0.847457627119,,forward_ordered_phase,v4_phone_rear_26mm,True,279.97424,80.578201,0,142,0.24609375,49.703617,1.0059514,observed_content_signal
IMG20260912145330.jpg,3b6ae1754b86bf4471c675585cbc185d98216c669071895c39be021675dd6288,4776831,3072,4080,JPEG,1,OPPO,OPPO Reno12 F,,,,,,,,,,,2026:09:12 14:53:30,geo_g10,geometry,geo_g10,geo_g10,True,primary_geometry_candidate,,586,51,0.864406779661,,forward_ordered_phase,v4_phone_rear_26mm,True,279.12631,80.556458,0,142,0.24609375,49.666168,1.0217225,observed_content_signal
IMG20260912145333.jpg,70ea2fcbfb356dc541062126b31961e4ac8d181d8f6fc3becb1d84906dfcaafe,5138882,3072,4080,JPEG,1,OPPO,OPPO Reno12 F,,,,,,,,,,,2026:09:12 14:53:33,geo_g10,geometry,geo_g10,geo_g10,True,primary_geometry_candidate,,587,52,0.881355932203,,forward_ordered_phase,v4_phone_rear_26mm,True,294.88007,81.176651,0,143,0.24609375,49.42173,1.0450334,observed_content_signal
IMG20260912145335.jpg,f2b9c2307e4d60ff25705cac5d8a5c2b9017c463bcb5ff5b8138623679d2f2f1,5121231,3072,4080,JPEG,1,OPPO,OPPO Reno12 F,,,,,,,,,,,2026:09:12 14:53:35,geo_g10,geometry,geo_g10,geo_g10,True,primary_geometry_candidate,,588,53,0.898305084746,,forward_ordered_phase,v4_phone_rear_26mm,True,298.28827,81.454163,0,143,0.24609375,49.359612,1.0629644,observed_content_signal
IMG20260912145337.jpg,a2fc9bf37c5ba338d180cd245267cf00b50f04d4feb0e1fe350f7fdff033dd2c,5067914,3072,4080,JPEG,1,OPPO,OPPO Reno12 F,,,,,,,,,,,2026:09:12 14:53:37,geo_g10,geometry,geo_g10,geo_g10,True,primary_geometry_candidate,,589,54,0.915254237288,,forward_ordered_phase,v4_phone_rear_26mm,True,310.4187,81.250824,0,144,0.24609375,49.293732,1.0791627,observed_content_signal
IMG20260912145340.jpg,6a636a5d882b8d9a33bb3497cb6f5ecc6bb7977404f93a404d827bbc3fd22e62,5088750,3072,4080,JPEG,1,OPPO,OPPO Reno12 F,,,,,,,,,,,2026:09:12 14:53:40,geo_g10,geometry,geo_g10,geo_g10,True,primary_geometry_candidate,,590,55,0.932203389831,,forward_ordered_phase,v4_phone_rear_26mm,True,313.0285,81.077911,0,145,0.24609375,49.189224,1.0857509,observed_content_signal
IMG20260912145342.jpg,0437c362ab6900be077850c2c8c06ece6cb4b6c69aec06685b10cf235b66e779,5107107,3072,4080,JPEG,1,OPPO,OPPO Reno12 F,,,,,,,,,,,2026:09:12 14:53:42,geo_g10,geometry,geo_g10,geo_g10,True,primary_geometry_candidate,,591,56,0.949152542373,,forward_ordered_phase,v4_phone_rear_26mm,True,317.36639,80.999512,0,145,0.24609375,49.033081,1.1003991,observed_content_signal
IMG20260912145345.jpg,9a158eaee5a5493403332d58f04cdba092e95f778034dc978f229914f469fd1b,5011222,3072,4080,JPEG,1,OPPO,OPPO Reno12 F,,,,,,,,,,,2026:09:12 14:53:45,geo_g10,geometry,geo_g10,geo_g10,True,primary_geometry_candidate,,592,57,0.966101694915,,forward_ordered_phase,v4_phone_rear_26mm,True,323.77802,80.771149,0,142,0.24609375,48.823456,1.1545323,observed_content_signal
IMG20260912145347.jpg,f77b354bf5983027f873f948721cbbe649316a2b4a189fc410b3d6be57240430,5041761,3072,4080,JPEG,1,OPPO,OPPO Reno12 F,,,,,,,,,,,2026:09:12 14:53:47,geo_g10,geometry,geo_g10,geo_g10,True,primary_geometry_candidate,,593,58,0.983050847458,,forward_ordered_phase,v4_phone_rear_26mm,True,315.96265,80.712601,0,141,0.24609375,48.813755,1.1804239,observed_content_signal
IMG20260912150136.jpg,4c29abd257020c96c61ae5892e6deeaac20182d771e1202fb7ea9516aa886357,4178398,3072,4080,JPEG,1,OPPO,OPPO Reno12 F,,,,,,,,,,,2026:09:12 15:01:36,geo_g11,geometry,geo_g11,geo_g11,True,primary_geometry_candidate,,594,0,0.000000000000,,forward_ordered_phase,v4_phone_rear_26mm,True,400.20786,72.359695,0,135,0.24623108,45.981892,0.8873849,observed_content_signal
IMG20260912150139.jpg,ede7dd9c43216d712801dc71db56b03919ea53dbf9f0119280fb74ba3e9191e0,4203072,3072,4080,JPEG,1,OPPO,OPPO Reno12 F,,,,,,,,,,,2026:09:12 15:01:39,geo_g11,geometry,geo_g11,geo_g11,True,primary_geometry_candidate,,595,1,0.017241379310,,forward_ordered_phase,v4_phone_rear_26mm,True,397.55292,71.954269,0,132,0.24620056,45.706577,0.88574785,observed_content_signal
IMG20260912150141.jpg,2569afc4f5403b30657bdbfef10e446d8a73f8f85d646439d556d7419247bbba,4212429,3072,4080,JPEG,1,OPPO,OPPO Reno12 F,,,,,,,,,,,2026:09:12 15:01:41,geo_g11,geometry,geo_g11,geo_g11,True,primary_geometry_candidate,,596,2,0.034482758621,,forward_ordered_phase,v4_phone_rear_26mm,True,403.3703,72.707336,0,136,0.24615479,46.277645,0.89865042,observed_content_signal
IMG20260912150144.jpg,6a73108fef339f472889ef9d9753f5e16d4374f877c37cc9ec7d9569ff755ca9,4199147,3072,4080,JPEG,1,OPPO,OPPO Reno12 F,,,,,,,,,,,2026:09:12 15:01:44,geo_g11,geometry,geo_g11,geo_g11,True,primary_geometry_candidate,,597,3,0.051724137931,,forward_ordered_phase,v4_phone_rear_26mm,True,405.86227,72.929764,0,136,0.24621582,46.456791,0.90486729,observed_content_signal
IMG20260912150147.jpg,89a32aebbcdd0bf215d3a4b6a519ddf9e014db316320fdf19658073ea6ae03d6,4198837,3072,4080,JPEG,1,OPPO,OPPO Reno12 F,,,,,,,,,,,2026:09:12 15:01:47,geo_g11,geometry,geo_g11,geo_g11,True,primary_geometry_candidate,,598,4,0.068965517241,,forward_ordered_phase,v4_phone_rear_26mm,True,399.09436,73.266113,0,137,0.24623108,46.718735,0.91170169,observed_content_signal
IMG20260912150150.jpg,001b734023668e555c89cb3946714bfbb394f2cc5f332d7c6eae7f89bfdaab16,4153573,3072,4080,JPEG,1,OPPO,OPPO Reno12 F,,,,,,,,,,,2026:09:12 15:01:50,geo_g11,geometry,geo_g11,geo_g11,True,primary_geometry_candidate,,599,5,0.086206896552,,forward_ordered_phase,v4_phone_rear_26mm,True,394.3631,73.535263,0,137,0.2461853,46.919147,0.91739037,observed_content_signal
IMG20260912150153.jpg,a06c8e7affd7bdb8ede71a548fe885532a8699f107fdb3fd0697c16f8fe73428,4198945,3072,4080,JPEG,1,OPPO,OPPO Reno12 F,,,,,,,,,,,2026:09:12 15:01:53,geo_g11,geometry,geo_g11,geo_g11,True,primary_geometry_candidate,,600,6,0.103448275862,,forward_ordered_phase,v4_phone_rear_26mm,True,406.29211,73.593063,0,137,0.24615479,47.004333,0.92043995,observed_content_signal
IMG20260912150155.jpg,a8e9e26493342975b9380c05d5048d8178996723322dac6f094acd29ad84eb2b,4201004,3072,4080,JPEG,1,OPPO,OPPO Reno12 F,,,,,,,,,,,2026:09:12 15:01:55,geo_g11,geometry,geo_g11,geo_g11,True,primary_geometry_candidate,,601,7,0.120689655172,,forward_ordered_phase,v4_phone_rear_26mm,True,401.71436,73.846985,0,138,0.24620056,47.20541,0.92535289,observed_content_signal
IMG20260912150157.jpg,b61c1853403eeea9df0765408d2b559844d4e3da875cb3e76d7b1b7541aa5167,4181012,3072,4080,JPEG,1,OPPO,OPPO Reno12 F,,,,,,,,,,,2026:09:12 15:01:57,geo_g11,geometry,geo_g11,geo_g11,True,primary_geometry_candidate,,602,8,0.137931034483,,forward_ordered_phase,v4_phone_rear_26mm,True,397.97925,73.911118,0,138,0.24617004,47.285049,0.93457557,observed_content_signal
IMG20260912150203.jpg,0fa7a4cad95889031f7d6a98aad27060083fce43f639b964b79feec196bfc658,4196287,3072,4080,JPEG,1,OPPO,OPPO Reno12 F,,,,,,,,,,,2026:09:12 15:02:03,geo_g11,geometry,geo_g11,geo_g11,True,primary_geometry_candidate,,603,9,0.155172413793,,forward_ordered_phase,v4_phone_rear_26mm,True,392.19684,73.831223,0,136,0.24615479,47.262524,0.95498073,observed_content_signal
IMG20260912150206.jpg,6be73dead88f0a3809139ccda95ca4c207e1287a1adb47f298a5bde6e3674487,4179466,3072,4080,JPEG,1,OPPO,OPPO Reno12 F,,,,,,,,,,,2026:09:12 15:02:06,geo_g11,geometry,geo_g11,geo_g11,True,primary_geometry_candidate,,604,10,0.172413793103,,forward_ordered_phase,v4_phone_rear_26mm,True,396.87726,73.862442,0,136,0.24612427,47.321846,0.9711449,observed_content_signal
IMG20260912150209.jpg,e8c7e22e8f5d111c95c589ca8a858b61166378babb53969d228569e60adc6ea4,4204139,3072,4080,JPEG,1,OPPO,OPPO Reno12 F,,,,,,,,,,,2026:09:12 15:02:09,geo_g11,geometry,geo_g11,geo_g11,True,primary_geometry_candidate,,605,11,0.189655172414,,forward_ordered_phase,v4_phone_rear_26mm,True,392.74878,73.82634,0,135,0.24615479,47.280334,0.95276344,observed_content_signal
IMG20260912150211.jpg,aa387d63c1b11c139288306175cc8f6ba9110d7b067a7ef6cb1466ca04bc6bc8,4215035,3072,4080,JPEG,1,OPPO,OPPO Reno12 F,,,,,,,,,,,2026:09:12 15:02:11,geo_g11,geometry,geo_g11,geo_g11,True,primary_geometry_candidate,,606,12,0.206896551724,,forward_ordered_phase,v4_phone_rear_26mm,True,407.17566,74.152786,0,135,0.24624634,47.539738,0.96418061,observed_content_signal
IMG20260912150213.jpg,342adf1258e58a77792df2448814f5fb44cfd3418a93dcd946659b9860b579bc,4238086,3072,4080,JPEG,1,OPPO,OPPO Reno12 F,,,,,,,,,,,2026:09:12 15:02:13,geo_g11,geometry,geo_g11,geo_g11,True,primary_geometry_candidate,,607,13,0.224137931034,,forward_ordered_phase,v4_phone_rear_26mm,True,409.85062,73.850266,0,135,0.24617004,47.397156,0.95757274,observed_content_signal
IMG20260912150215.jpg,74ccdffb14b3ccbbcf5677eb22a1566145d036607e13a9338347685510e044c4,4204092,3072,4080,JPEG,1,OPPO,OPPO Reno12 F,,,,,,,,,,,2026:09:12 15:02:15,geo_g11,geometry,geo_g11,geo_g11,True,primary_geometry_candidate,,608,14,0.241379310345,,forward_ordered_phase,v4_phone_rear_26mm,True,410.88284,73.896561,0,135,0.24617004,47.461826,0.96794135,observed_content_signal
IMG20260912150218.jpg,94516dd7b285fbae086c701b8d44641ce7e77e554b9368acd497996bab8bce23,4156503,3072,4080,JPEG,1,OPPO,OPPO Reno12 F,,,,,,,,,,,2026:09:12 15:02:18,geo_g11,geometry,geo_g11,geo_g11,True,primary_geometry_candidate,,609,15,0.258620689655,,forward_ordered_phase,v4_phone_rear_26mm,True,410.47705,73.589996,0,136,0.24617004,47.30975,0.9566665,observed_content_signal
IMG20260912150220.jpg,ebf31a779bc44c3241cd6c1edf460422d3e16d0f634204a547d3bc989be2f63d,4203841,3072,4080,JPEG,1,OPPO,OPPO Reno12 F,,,,,,,,,,,2026:09:12 15:02:20,geo_g11,geometry,geo_g11,geo_g11,True,primary_geometry_candidate,,610,16,0.275862068966,,forward_ordered_phase,v4_phone_rear_26mm,True,413.27722,73.383072,0,137,0.24612427,47.269444,0.94191256,observed_content_signal
IMG20260912150222.jpg,9dfb3b9949601c4eb219ae5228f4a688947cf809c29ed8d9d728e5613eaa8e54,4223657,3072,4080,JPEG,1,OPPO,OPPO Reno12 F,,,,,,,,,,,2026:09:12 15:02:22,geo_g11,geometry,geo_g11,geo_g11,True,primary_geometry_candidate,,611,17,0.293103448276,,forward_ordered_phase,v4_phone_rear_26mm,True,411.80362,73.274048,0,138,0.24610901,47.270493,0.94666763,observed_content_signal
IMG20260912150224.jpg,4014538060abeb1c98c5065da52c7e5cbc49d14870742fd60ac8127b3f94b5a9,4223052,3072,4080,JPEG,1,OPPO,OPPO Reno12 F,,,,,,,,,,,2026:09:12 15:02:24,geo_g11,geometry,geo_g11,geo_g11,True,primary_geometry_candidate,,612,18,0.310344827586,,forward_ordered_phase,v4_phone_rear_26mm,True,408.34088,72.880875,0,138,0.2461853,47.137741,0.94208809,observed_content_signal
IMG20260912150226.jpg,b828870158f9c11a2a97c3646a1ea9ec5e55f3ded9ecca9883fb6a11773df920,4218285,3072,4080,JPEG,1,OPPO,OPPO Reno12 F,,,,,,,,,,,2026:09:12 15:02:26,geo_g11,geometry,geo_g11,geo_g11,True,primary_geometry_candidate,,613,19,0.327586206897,,forward_ordered_phase,v4_phone_rear_26mm,True,409.21234,72.596039,0,139,0.2462616,47.080791,0.94166658,observed_content_signal
IMG20260912150229.jpg,9b9f2e0ee2d6621b9007459abe962ad6446852c8c1a506ddad70f3458f5c4b4b,4229630,3072,4080,JPEG,1,OPPO,OPPO Reno12 F,,,,,,,,,,,2026:09:12 15:02:29,geo_g11,geometry,geo_g11,geo_g11,True,primary_geometry_candidate,,614,20,0.344827586207,,forward_ordered_phase,v4_phone_rear_26mm,True,404.25845,72.188171,0,139,0.24617004,46.888931,0.94335697,observed_content_signal
IMG20260912150231.jpg,0f82e0a2d79e24e344210b0878ad70ce5c67bd5c31d8be4e35ca9e9d2813af3e,4223709,3072,4080,JPEG,1,OPPO,OPPO Reno12 F,,,,,,,,,,,2026:09:12 15:02:31,geo_g11,geometry,geo_g11,geo_g11,True,primary_geometry_candidate,,615,21,0.362068965517,,forward_ordered_phase,v4_phone_rear_26mm,True,399.39148,71.791656,0,138,0.24620056,46.632435,0.95176641,observed_content_signal
IMG20260912150233.jpg,749ce364ee78b2b3d0c6615c3e81eb655da1269404a76c721b250ef7dab697a0,4237471,3072,4080,JPEG,1,OPPO,OPPO Reno12 F,,,,,,,,,,,2026:09:12 15:02:33,geo_g11,geometry,geo_g11,geo_g11,True,primary_geometry_candidate,,616,22,0.379310344828,,forward_ordered_phase,v4_phone_rear_26mm,True,398.5188,71.350372,0,138,0.24620056,46.339752,0.95119542,observed_content_signal
IMG20260912150235.jpg,ca8c8a313e0edf621d53a800e19ce2c4b1962575f6702aba78042a4fd3488275,4236487,3072,4080,JPEG,1,OPPO,OPPO Reno12 F,,,,,,,,,,,2026:09:12 15:02:35,geo_g11,geometry,geo_g11,geo_g11,True,primary_geometry_candidate,,617,23,0.396551724138,,forward_ordered_phase,v4_phone_rear_26mm,True,395.95886,70.957596,0,136,0.2461853,46.016701,0.94742038,observed_content_signal
IMG20260912150238.jpg,279e5a077c009c53c88c735314d58f3f5ea3bbb6afec44577564f9719d54dfae,4234549,3072,4080,JPEG,1,OPPO,OPPO Reno12 F,,,,,,,,,,,2026:09:12 15:02:38,geo_g11,geometry,geo_g11,geo_g11,True,primary_geometry_candidate,,618,24,0.413793103448,,forward_ordered_phase,v4_phone_rear_26mm,True,405.44763,71.03334,0,135,0.24617004,46.042797,0.9244128,observed_content_signal
IMG20260912150241.jpg,d8f75c73c3a3eb199d99e5ac6ba30730709a473980a3d58ee08ca8735164ac33,4218866,3072,4080,JPEG,1,OPPO,OPPO Reno12 F,,,,,,,,,,,2026:09:12 15:02:41,geo_g11,geometry,geo_g11,geo_g11,True,primary_geometry_candidate,,619,25,0.431034482759,,forward_ordered_phase,v4_phone_rear_26mm,True,415.10489,71.27948,0,136,0.24612427,46.276859,0.93648431,observed_content_signal
IMG20260912150245.jpg,08f6333dc8fb6add2969bbabb21d97fcc0e5fb451fe9b56ab0430ac38982ac06,4198404,3072,4080,JPEG,1,OPPO,OPPO Reno12 F,,,,,,,,,,,2026:09:12 15:02:45,geo_g11,geometry,geo_g11,geo_g11,True,primary_geometry_candidate,,620,26,0.448275862069,,forward_ordered_phase,v4_phone_rear_26mm,True,410.64471,71.244675,0,136,0.24613953,46.292336,0.9509559,observed_content_signal
IMG20260912150246.jpg,21edb02d8a8f0121d9804b64c1aab338b30513d1274c35986d9639c52eda670c,4231202,3072,4080,JPEG,1,OPPO,OPPO Reno12 F,,,,,,,,,,,2026:09:12 15:02:46,geo_g11,geometry,geo_g11,geo_g11,True,primary_geometry_candidate,,621,27,0.465517241379,,forward_ordered_phase,v4_phone_rear_26mm,True,422.13623,72.095642,0,138,0.24617004,46.819969,0.93690864,observed_content_signal
IMG20260912150248.jpg,6a01e732b1e78df6394fb827ee7d63e313fcd04719164c7dddb5fdb63c764ef4,4227564,3072,4080,JPEG,1,OPPO,OPPO Reno12 F,,,,,,,,,,,2026:09:12 15:02:48,geo_g11,geometry,geo_g11,geo_g11,True,primary_geometry_candidate,,622,28,0.482758620690,,forward_ordered_phase,v4_phone_rear_26mm,True,429.38455,72.304855,0,138,0.24613953,46.8535,0.9285614,observed_content_signal
IMG20260912150250.jpg,8071cf63fc9808b85fd0fda0e8f41ba7b83d228f5bf73a42cbb112b2ef3234b7,4208778,3072,4080,JPEG,1,OPPO,OPPO Reno12 F,,,,,,,,,,,2026:09:12 15:02:50,geo_g11,geometry,geo_g11,geo_g11,True,primary_geometry_candidate,,623,29,0.500000000000,,forward_ordered_phase,v4_phone_rear_26mm,True,450.44492,72.764191,0,138,0.24612427,47.092628,0.91717961,observed_content_signal
IMG20260912150252.jpg,a0366d0b8c482811b554b4614240c5b5cf8d541ebdf72c9973a8549e5852148b,4202666,3072,4080,JPEG,1,OPPO,OPPO Reno12 F,,,,,,,,,,,2026:09:12 15:02:52,geo_g11,geometry,geo_g11,geo_g11,True,primary_geometry_candidate,,624,30,0.517241379310,,forward_ordered_phase,v4_phone_rear_26mm,True,439.71686,73.373871,0,136,0.24613953,47.265942,0.935449,observed_content_signal
IMG20260912150254.jpg,6fec0c7892f4d6097ace1ac6d65fe549109e25912f362bd0b1c0062ceff079ee,4202523,3072,4080,JPEG,1,OPPO,OPPO Reno12 F,,,,,,,,,,,2026:09:12 15:02:54,geo_g11,geometry,geo_g11,geo_g11,True,primary_geometry_candidate,,625,31,0.534482758621,,forward_ordered_phase,v4_phone_rear_26mm,True,431.73032,73.472061,0,133,0.24620056,47.17104,0.92728643,observed_content_signal
IMG20260912150256.jpg,00b5513c377f8c4b201e53dbe25af3d306698c7daa4477133079a1ecd16472e1,4200770,3072,4080,JPEG,1,OPPO,OPPO Reno12 F,,,,,,,,,,,2026:09:12 15:02:56,geo_g11,geometry,geo_g11,geo_g11,True,primary_geometry_candidate,,626,32,0.551724137931,,forward_ordered_phase,v4_phone_rear_26mm,True,436.47211,73.326523,0,136,0.2461853,46.908928,0.90614241,observed_content_signal
IMG20260912150257.jpg,a9efabb2824cf687bc3252c42b063eb68fec58461794156698af40bd8fe90e03,4197810,3072,4080,JPEG,1,OPPO,OPPO Reno12 F,,,,,,,,,,,2026:09:12 15:02:57,geo_g11,geometry,geo_g11,geo_g11,True,primary_geometry_candidate,,627,33,0.568965517241,,forward_ordered_phase,v4_phone_rear_26mm,True,439.24866,72.994766,0,137,0.24621582,46.661053,0.88864434,observed_content_signal
IMG20260912150259.jpg,a5d48e1d9f5de3150b88f3145ed65870b90c696a9766f463ae12f9559268fc0c,4200048,3072,4080,JPEG,1,OPPO,OPPO Reno12 F,,,,,,,,,,,2026:09:12 15:02:59,geo_g11,geometry,geo_g11,geo_g11,True,primary_geometry_candidate,,628,34,0.586206896552,,forward_ordered_phase,v4_phone_rear_26mm,True,426.34375,72.760193,0,137,0.24621582,46.508663,0.8883625,observed_content_signal
IMG20260912150301.jpg,4217daf36a8235ee07d352e8316ea843b431ae5bfc82ab9290029edbd7ec7bac,4197890,3072,4080,JPEG,1,OPPO,OPPO Reno12 F,,,,,,,,,,,2026:09:12 15:03:01,geo_g11,geometry,geo_g11,geo_g11,True,primary_geometry_candidate,,629,35,0.603448275862,,forward_ordered_phase,v4_phone_rear_26mm,True,405.27432,72.051208,0,135,0.24617004,45.866978,0.89117787,observed_content_signal
IMG20260912150303.jpg,3bf4bb6e72c6dbcf07240e8211cb0796b6cadc38b5bbd0d68d49122b030b664c,4193234,3072,4080,JPEG,1,OPPO,OPPO Reno12 F,,,,,,,,,,,2026:09:12 15:03:03,geo_g11,geometry,geo_g11,geo_g11,True,primary_geometry_candidate,,630,36,0.620689655172,,forward_ordered_phase,v4_phone_rear_26mm,True,402.45288,72.005432,0,134,0.24617004,45.763126,0.87731475,observed_content_signal
IMG20260912150305.jpg,070665417be251bc36f454c4fadf4374ba7c1ca43b97f9f9358633febe9ed83c,4221145,3072,4080,JPEG,1,OPPO,OPPO Reno12 F,,,,,,,,,,,2026:09:12 15:03:05,geo_g11,geometry,geo_g11,geo_g11,True,primary_geometry_candidate,,631,37,0.637931034483,,forward_ordered_phase,v4_phone_rear_26mm,True,406.27081,72.011414,0,133,0.2462616,45.782551,0.87245754,observed_content_signal
IMG20260912150307.jpg,cfa3a11a0d7bfe25b4b2a30b9093458fc7cbb236da9c38f2505ffc4b21e3faea,4228016,3072,4080,JPEG,1,OPPO,OPPO Reno12 F,,,,,,,,,,,2026:09:12 15:03:07,geo_g11,geometry,geo_g11,geo_g11,True,primary_geometry_candidate,,632,38,0.655172413793,,forward_ordered_phase,v4_phone_rear_26mm,True,405.90906,72.420624,0,135,0.24613953,46.102619,0.89221122,observed_content_signal
IMG20260912150309.jpg,45d15d4d94353f9935b069b8a96fd9858fe5f03b7cb2b1e7329eeb0044ed70c6,4236642,3072,4080,JPEG,1,OPPO,OPPO Reno12 F,,,,,,,,,,,2026:09:12 15:03:09,geo_g11,geometry,geo_g11,geo_g11,True,primary_geometry_candidate,,633,39,0.672413793103,,forward_ordered_phase,v4_phone_rear_26mm,True,406.79837,72.814789,0,137,0.2461853,46.409142,0.90292777,observed_content_signal
IMG20260912150311.jpg,091bc645c1ac1137dd24a0d1646d65fd5b9e9ceccff51cb8a2b8f2e698b0e732,4216405,3072,4080,JPEG,1,OPPO,OPPO Reno12 F,,,,,,,,,,,2026:09:12 15:03:11,geo_g11,geometry,geo_g11,geo_g11,True,primary_geometry_candidate,,634,40,0.689655172414,,forward_ordered_phase,v4_phone_rear_26mm,True,401.73621,73.220383,0,138,0.24620056,46.697609,0.91044618,observed_content_signal
IMG20260912150313.jpg,b12e41f055335cde0e32bb84fb24e31b196eaa9276d4a88cb8a8dd597d714205,4246526,3072,4080,JPEG,1,OPPO,OPPO Reno12 F,,,,,,,,,,,2026:09:12 15:03:13,geo_g11,geometry,geo_g11,geo_g11,True,primary_geometry_candidate,,635,41,0.706896551724,,forward_ordered_phase,v4_phone_rear_26mm,True,409.7569,73.505356,0,138,0.24621582,46.909912,0.91536043,observed_content_signal
IMG20260912150315.jpg,35610169846282f2950027197da4b4a14b85b11fe2b736ec8445beea81ad565a,4218362,3072,4080,JPEG,1,OPPO,OPPO Reno12 F,,,,,,,,,,,2026:09:12 15:03:15,geo_g11,geometry,geo_g11,geo_g11,True,primary_geometry_candidate,,636,42,0.724137931034,,forward_ordered_phase,v4_phone_rear_26mm,True,395.98572,73.691162,0,138,0.24623108,47.068047,0.93340633,observed_content_signal
IMG20260912150317.jpg,2a6831a62221f7de09e9bd450f1932b3cd874ab3321a498b8756e94f5ea20e0c,4225682,3072,4080,JPEG,1,OPPO,OPPO Reno12 F,,,,,,,,,,,2026:09:12 15:03:17,geo_g11,geometry,geo_g11,geo_g11,True,primary_geometry_candidate,,637,43,0.741379310345,,forward_ordered_phase,v4_phone_rear_26mm,True,391.12933,73.734695,0,136,0.24615479,47.124897,0.96438563,observed_content_signal
IMG20260912150317_01.jpg,07d0a333b221249ca35ed1b864f497b2acfb01958d52d57c4894e6c4ee69eb6c,4211269,3072,4080,JPEG,1,OPPO,OPPO Reno12 F,,,,,,,,,,,2026:09:12 15:03:17,geo_g11,geometry,geo_g11,geo_g11,True,primary_geometry_candidate,,638,44,0.758620689655,,forward_ordered_phase,v4_phone_rear_26mm,True,393.0618,73.982376,0,136,0.24613953,47.272121,0.9649701,observed_content_signal
IMG20260912150319.jpg,3dd08cfc10f10804f8dbe04c2d8d7be04135fa67042f5bbc8fbb6a4b540c16a3,4224151,3072,4080,JPEG,1,OPPO,OPPO Reno12 F,,,,,,,,,,,2026:09:12 15:03:19,geo_g11,geometry,geo_g11,geo_g11,True,primary_geometry_candidate,,639,45,0.775862068966,,forward_ordered_phase,v4_phone_rear_26mm,True,403.14172,73.972137,0,134,0.24620056,47.28249,0.95969591,observed_content_signal
IMG20260912150321.jpg,d47402b5649e41205c1546e8ab5bae90c42d6b40646ef34343102195e3592320,4222498,3072,4080,JPEG,1,OPPO,OPPO Reno12 F,,,,,,,,,,,2026:09:12 15:03:21,geo_g11,geometry,geo_g11,geo_g11,True,primary_geometry_candidate,,640,46,0.793103448276,,forward_ordered_phase,v4_phone_rear_26mm,True,409.90436,73.975876,0,133,0.24627686,47.35667,0.97327286,observed_content_signal
IMG20260912150323.jpg,6e164b75878327ccbf01a6cbdd8625de679bde70307344d425bafa497b9331ee,4193345,3072,4080,JPEG,1,OPPO,OPPO Reno12 F,,,,,,,,,,,2026:09:12 15:03:23,geo_g11,geometry,geo_g11,geo_g11,True,primary_geometry_candidate,,641,47,0.810344827586,,forward_ordered_phase,v4_phone_rear_26mm,True,410.59958,73.86322,0,135,0.24620056,47.335773,0.96954938,observed_content_signal
IMG20260912150326.jpg,7206f96a595916a120d35e21cc8fdc02d4249189b471733264497fdf5b2013b7,4209348,3072,4080,JPEG,1,OPPO,OPPO Reno12 F,,,,,,,,,,,2026:09:12 15:03:26,geo_g11,geometry,geo_g11,geo_g11,True,primary_geometry_candidate,,642,48,0.827586206897,,forward_ordered_phase,v4_phone_rear_26mm,True,405.39569,73.53125,0,137,0.24615479,47.212955,0.96243694,observed_content_signal
IMG20260912150329.jpg,f3f89f8da433c1ef8a0b621098c0e45b45ed8118bd9df40eb6a908514b6b2db9,4199939,3072,4080,JPEG,1,OPPO,OPPO Reno12 F,,,,,,,,,,,2026:09:12 15:03:29,geo_g11,geometry,geo_g11,geo_g11,True,primary_geometry_candidate,,643,49,0.844827586207,,forward_ordered_phase,v4_phone_rear_26mm,True,404.34216,73.042999,0,138,0.24615479,47.040379,0.95246773,observed_content_signal
IMG20260912150332.jpg,3d0de8455bcb217089a1aaf9ad9387200edd7875a75776ed9593686d4faebbb5,4219893,3072,4080,JPEG,1,OPPO,OPPO Reno12 F,,,,,,,,,,,2026:09:12 15:03:32,geo_g11,geometry,geo_g11,geo_g11,True,primary_geometry_candidate,,644,50,0.862068965517,,forward_ordered_phase,v4_phone_rear_26mm,True,405.55212,72.836914,0,138,0.24617004,47.0289,0.95255395,observed_content_signal
IMG20260912150334.jpg,cd29eebf907082fc472f8b394ad5a6f3772bdcae7bd008b47a3f1a1eecd5dd64,4207797,3072,4080,JPEG,1,OPPO,OPPO Reno12 F,,,,,,,,,,,2026:09:12 15:03:34,geo_g11,geometry,geo_g11,geo_g11,True,primary_geometry_candidate,,645,51,0.879310344828,,forward_ordered_phase,v4_phone_rear_26mm,True,401.95721,72.459381,0,138,0.24623108,46.89592,0.95695899,observed_content_signal
IMG20260912150336.jpg,0ab413404c87924d41cdf4ef03cdb1cc9ed4121b51448ec11fc63c1cb1a24d3d,4194516,3072,4080,JPEG,1,OPPO,OPPO Reno12 F,,,,,,,,,,,2026:09:12 15:03:36,geo_g11,geometry,geo_g11,geo_g11,True,primary_geometry_candidate,,646,52,0.896551724138,,forward_ordered_phase,v4_phone_rear_26mm,True,399.67163,71.63652,0,137,0.2461853,46.393078,0.95854471,observed_content_signal
IMG20260912150340.jpg,5626d742dd59c48b1a7b332d0aa6d934ae48dcd2f75b835ea6ade669ac4ff5c4,4141677,3072,4080,JPEG,1,OPPO,OPPO Reno12 F,,,,,,,,,,,2026:09:12 15:03:40,geo_g11,geometry,geo_g11,geo_g11,True,primary_geometry_candidate,,647,53,0.913793103448,,forward_ordered_phase,v4_phone_rear_26mm,True,397.38354,71.439941,0,135,0.24610901,46.12566,0.94456986,observed_content_signal
IMG20260912150343.jpg,c2ba3b7f9a87f85d86715cbffc8286279927c51b6a59a5dc362c2a00df3b4a52,4227150,3072,4080,JPEG,1,OPPO,OPPO Reno12 F,,,,,,,,,,,2026:09:12 15:03:43,geo_g11,geometry,geo_g11,geo_g11,True,primary_geometry_candidate,,648,54,0.931034482759,,forward_ordered_phase,v4_phone_rear_26mm,True,408.01959,71.351395,0,134,0.24612427,46.109833,0.9324434,observed_content_signal
IMG20260912150347.jpg,da607dbb168d05024c40ec178bd014b557ae94e7f4a8569261b9dda0178b8c00,4218733,3072,4080,JPEG,1,OPPO,OPPO Reno12 F,,,,,,,,,,,2026:09:12 15:03:47,geo_g11,geometry,geo_g11,geo_g11,True,primary_geometry_candidate,,649,55,0.948275862069,,forward_ordered_phase,v4_phone_rear_26mm,True,403.76019,70.976135,0,133,0.24610901,45.873543,0.93789514,observed_content_signal
IMG20260912150347_01.jpg,1e61c7bd1f563b91e787cd2930a1d6f76cd45ce5e4ec960d6a4affb0bc531d75,4201436,3072,4080,JPEG,1,OPPO,OPPO Reno12 F,,,,,,,,,,,2026:09:12 15:03:47,geo_g11,geometry,geo_g11,geo_g11,True,primary_geometry_candidate,,650,56,0.965517241379,,forward_ordered_phase,v4_phone_rear_26mm,True,401.85782,69.456635,0,134,0.24609375,45.445377,0.89875762,observed_content_signal
IMG20260912150348.jpg,5939b933af4568a3ed60886aff33eb55bdfcd769e462cc50c5d997f3aa68e851,4200460,3072,4080,JPEG,1,OPPO,OPPO Reno12 F,,,,,,,,,,,2026:09:12 15:03:48,geo_g11,geometry,geo_g11,geo_g11,True,primary_geometry_candidate,,651,57,0.982758620690,,forward_ordered_phase,v4_phone_rear_26mm,True,415.38336,71.757263,0,138,0.24613953,46.472084,0.95860879,observed_content_signal
IMG20260912150514.jpg,5bd703618ed919f50da4d42d6849ec3b18671bfb7cbd243c9657fe5c15ed6472,3982621,3072,4080,JPEG,1,OPPO,OPPO Reno12 F,,,,,,,,,,,2026:09:12 15:05:14,geo_g12,geometry,geo_g12,geo_g12,True,primary_geometry_candidate,,652,0,0.000000000000,,forward_ordered_phase,v4_phone_rear_26mm,True,426.45142,69.68576,0,132,0.24615479,44.831814,0.79226728,observed_content_signal
IMG20260912150514_01.jpg,21f7d05221faed4ab3f27df4d76d8e51eedd32627fbdfed1a7575b4fdaca358c,4149931,3072,4080,JPEG,1,OPPO,OPPO Reno12 F,,,,,,,,,,,2026:09:12 15:05:14,geo_g12,geometry,geo_g12,geo_g12,True,primary_geometry_candidate,,653,1,0.027027027027,,forward_ordered_phase,v4_phone_rear_26mm,True,437.89041,69.801865,0,132,0.24613953,44.859123,0.79216409,observed_content_signal
IMG20260912150518.jpg,6c4216550ed68f15823be5bfc6bfae13c5a94798cb1e09cc84a02a34d965c1ba,4140217,3072,4080,JPEG,1,OPPO,OPPO Reno12 F,,,,,,,,,,,2026:09:12 15:05:18,geo_g12,geometry,geo_g12,geo_g12,True,primary_geometry_candidate,,654,2,0.054054054054,,forward_ordered_phase,v4_phone_rear_26mm,True,409.63226,69.287369,0,129,0.24613953,44.686699,0.81721814,observed_content_signal
IMG20260912150520.jpg,83d57a42e7c51f8a6899c046579afabc26bbcac46f90ca6d0cbb464ae81fbb3f,4153786,3072,4080,JPEG,1,OPPO,OPPO Reno12 F,,,,,,,,,,,2026:09:12 15:05:20,geo_g12,geometry,geo_g12,geo_g12,True,primary_geometry_candidate,,655,3,0.081081081081,,forward_ordered_phase,v4_phone_rear_26mm,True,423.58197,70.950897,0,133,0.24623108,45.470329,0.85175996,observed_content_signal
IMG20260912150522.jpg,476fd5a5bee20fbbc699924e63556045c4120061ec532fb6bd383da5733e7ed5,4148715,3072,4080,JPEG,1,OPPO,OPPO Reno12 F,,,,,,,,,,,2026:09:12 15:05:22,geo_g12,geometry,geo_g12,geo_g12,True,primary_geometry_candidate,,656,4,0.108108108108,,forward_ordered_phase,v4_phone_rear_26mm,True,432.83234,71.803909,0,134,0.24617004,46.005398,0.87925179,observed_content_signal
IMG20260912150525.jpg,ca3d6ace086983d11f5f4cfe48fbab5b2e57b067ae619a2976237ab837544a14,4157605,3072,4080,JPEG,1,OPPO,OPPO Reno12 F,,,,,,,,,,,2026:09:12 15:05:25,geo_g12,geometry,geo_g12,geo_g12,True,primary_geometry_candidate,,657,5,0.135135135135,,forward_ordered_phase,v4_phone_rear_26mm,True,438.65771,72.377655,0,134,0.24620056,46.34589,0.90345932,observed_content_signal
IMG20260912150527.jpg,fd972a26503f71b50062fca2c96cd47bd2a6756d50b747132f3d459779e32117,4139070,3072,4080,JPEG,1,OPPO,OPPO Reno12 F,,,,,,,,,,,2026:09:12 15:05:27,geo_g12,geometry,geo_g12,geo_g12,True,primary_geometry_candidate,,658,6,0.162162162162,,forward_ordered_phase,v4_phone_rear_26mm,True,438.08899,72.950836,0,134,0.24610901,46.709389,0.91858731,observed_content_signal
IMG20260912150529.jpg,9755ca9f343817616a91fd5dd38911c455479bec14569e15c3d59dc87b211cf9,4141300,3072,4080,JPEG,1,OPPO,OPPO Reno12 F,,,,,,,,,,,2026:09:12 15:05:29,geo_g12,geometry,geo_g12,geo_g12,True,primary_geometry_candidate,,659,7,0.189189189189,,forward_ordered_phase,v4_phone_rear_26mm,True,433.35706,73.460938,0,133,0.24610901,46.944138,0.92373979,observed_content_signal
IMG20260912150531.jpg,fab7c9223732c567508acec46c416b5c8e4b68f1278273ef73036ca6139db806,4133720,3072,4080,JPEG,1,OPPO,OPPO Reno12 F,,,,,,,,,,,2026:09:12 15:05:31,geo_g12,geometry,geo_g12,geo_g12,True,primary_geometry_candidate,,660,8,0.216216216216,,forward_ordered_phase,v4_phone_rear_26mm,True,424.30981,73.850739,0,132,0.24613953,47.124619,0.92099833,observed_content_signal
IMG20260912150533.jpg,543025a616594aa8c05e14a7a8dd235c789502476ad4194c3b214e76bcede709,4121008,3072,4080,JPEG,1,OPPO,OPPO Reno12 F,,,,,,,,,,,2026:09:12 15:05:33,geo_g12,geometry,geo_g12,geo_g12,True,primary_geometry_candidate,,661,9,0.243243243243,,forward_ordered_phase,v4_phone_rear_26mm,True,425.71136,74.081512,0,133,0.24612427,47.157108,0.92673741,observed_content_signal
IMG20260912150535.jpg,7834aaa60d21dc5f6f8604ae98c3532b6e8fc25130a3d5c6fcb963b558c2727e,4101132,3072,4080,JPEG,1,OPPO,OPPO Reno12 F,,,,,,,,,,,2026:09:12 15:05:35,geo_g12,geometry,geo_g12,geo_g12,True,primary_geometry_candidate,,662,10,0.270270270270,,forward_ordered_phase,v4_phone_rear_26mm,True,421.02438,74.327271,0,132,0.24612427,47.19825,0.93004611,observed_content_signal
IMG20260912150537.jpg,2507bda2504fd04c4e3f88e39d9e656cb314c129a6556a319ff42a8a51e43bcd,4111397,3072,4080,JPEG,1,OPPO,OPPO Reno12 F,,,,,,,,,,,2026:09:12 15:05:37,geo_g12,geometry,geo_g12,geo_g12,True,primary_geometry_candidate,,663,11,0.297297297297,,forward_ordered_phase,v4_phone_rear_26mm,True,421.56732,74.355789,0,132,0.24612427,47.152798,0.93117284,observed_content_signal
IMG20260912150539.jpg,5a96ae8c924a17c3c4cc4c4f8768571d682ee42f54ea3faa5fd75d98c8588319,4104831,3072,4080,JPEG,1,OPPO,OPPO Reno12 F,,,,,,,,,,,2026:09:12 15:05:39,geo_g12,geometry,geo_g12,geo_g12,True,primary_geometry_candidate,,664,12,0.324324324324,,forward_ordered_phase,v4_phone_rear_26mm,True,428.32416,74.054459,0,132,0.24612427,46.971783,0.91777116,observed_content_signal
IMG20260912150541.jpg,54374f203f3852d7e72076c1490b096b6c12eb747e0f1959bda7065075b52619,4109544,3072,4080,JPEG,1,OPPO,OPPO Reno12 F,,,,,,,,,,,2026:09:12 15:05:41,geo_g12,geometry,geo_g12,geo_g12,True,primary_geometry_candidate,,665,13,0.351351351351,,forward_ordered_phase,v4_phone_rear_26mm,True,440.36749,73.549683,0,133,0.24615479,46.750839,0.89436249,observed_content_signal
IMG20260912150543.jpg,57821b4e48675127ff8e2bb64a55ff7413556fbaee65ffdd8c7c6f3d0d5061ab,4102781,3072,4080,JPEG,1,OPPO,OPPO Reno12 F,,,,,,,,,,,2026:09:12 15:05:43,geo_g12,geometry,geo_g12,geo_g12,True,primary_geometry_candidate,,666,14,0.378378378378,,forward_ordered_phase,v4_phone_rear_26mm,True,438.86945,72.975739,0,134,0.24610901,46.600452,0.86302965,observed_content_signal
IMG20260912150545.jpg,4c6a746e211859b3aab58714800004764fb9cd5af9da5fed27128799738a6ee4,4072658,3072,4080,JPEG,1,OPPO,OPPO Reno12 F,,,,,,,,,,,2026:09:12 15:05:45,geo_g12,geometry,geo_g12,geo_g12,True,primary_geometry_candidate,,667,15,0.405405405405,,forward_ordered_phase,v4_phone_rear_26mm,True,420.1524,72.576035,0,133,0.24613953,46.351395,0.824206,observed_content_signal
IMG20260912150548.jpg,033e8944bd9b8f6b07aaa8e2cebd465e6514dd617b6cf2aa69e0a02197808989,4081804,3072,4080,JPEG,1,OPPO,OPPO Reno12 F,,,,,,,,,,,2026:09:12 15:05:48,geo_g12,geometry,geo_g12,geo_g12,True,primary_geometry_candidate,,668,16,0.432432432432,,forward_ordered_phase,v4_phone_rear_26mm,True,411.83368,71.95726,0,133,0.24610901,45.926693,0.78273114,observed_content_signal
IMG20260912150551.jpg,3b3288ed08404bef3da26edd7fac76df3f4fcc00ff48d388c9bdcd07ade44f78,4077237,3072,4080,JPEG,1,OPPO,OPPO Reno12 F,,,,,,,,,,,2026:09:12 15:05:51,geo_g12,geometry,geo_g12,geo_g12,True,primary_geometry_candidate,,669,17,0.459459459459,,forward_ordered_phase,v4_phone_rear_26mm,True,391.45367,70.857086,0,133,0.24609375,45.183479,0.77096468,observed_content_signal
IMG20260912150553.jpg,1b12c87770bf76e48793ebe71dc25eee89f9a0980e29a892dfc702bb4afd856a,4079613,3072,4080,JPEG,1,OPPO,OPPO Reno12 F,,,,,,,,,,,2026:09:12 15:05:53,geo_g12,geometry,geo_g12,geo_g12,True,primary_geometry_candidate,,670,18,0.486486486486,,forward_ordered_phase,v4_phone_rear_26mm,True,387.11499,70.579086,0,132,0.24610901,44.905567,0.77970654,observed_content_signal
IMG20260912150557.jpg,29f17136fd2b72da96902de30b3c79374d336e9e66445ccf2f2d4e5b8b0a5ab7,4076010,3072,4080,JPEG,1,OPPO,OPPO Reno12 F,,,,,,,,,,,2026:09:12 15:05:57,geo_g12,geometry,geo_g12,geo_g12,True,primary_geometry_candidate,,671,19,0.513513513514,,forward_ordered_phase,v4_phone_rear_26mm,True,397.12149,70.230331,0,128,0.24610901,44.682877,0.77670378,observed_content_signal
IMG20260912150559.jpg,987f9bb3e724dc22f7f83c3c7845ee14bc4413c19844e9de2e2b631a36cb9ad2,4077206,3072,4080,JPEG,1,OPPO,OPPO Reno12 F,,,,,,,,,,,2026:09:12 15:05:59,geo_g12,geometry,geo_g12,geo_g12,True,primary_geometry_candidate,,672,20,0.540540540541,,forward_ordered_phase,v4_phone_rear_26mm,True,395.65656,71.396835,0,129,0.24613953,45.17662,0.81953921,observed_content_signal
IMG20260912150601.jpg,97ca0e4094e27d5f0ee96e881340657c6b80b0397189667f9a59dee66b82de55,4099468,3072,4080,JPEG,1,OPPO,OPPO Reno12 F,,,,,,,,,,,2026:09:12 15:06:01,geo_g12,geometry,geo_g12,geo_g12,True,primary_geometry_candidate,,673,21,0.567567567568,,forward_ordered_phase,v4_phone_rear_26mm,True,399.7027,72.268158,0,132,0.24613953,45.631168,0.85619568,observed_content_signal
IMG20260912150604.jpg,30c77a595adc8d716491522d9e67f886925717be5744e970637127a3363716ba,4096114,3072,4080,JPEG,1,OPPO,OPPO Reno12 F,,,,,,,,,,,2026:09:12 15:06:04,geo_g12,geometry,geo_g12,geo_g12,True,primary_geometry_candidate,,674,22,0.594594594595,,forward_ordered_phase,v4_phone_rear_26mm,True,398.27002,72.720001,0,131,0.24620056,45.842926,0.89925384,observed_content_signal
IMG20260912150605.jpg,53ae01fae3f027f55958068a7633c05aab4a482e1bb2618926c1c2ce8c0d84a3,4103018,3072,4080,JPEG,1,OPPO,OPPO Reno12 F,,,,,,,,,,,2026:09:12 15:06:05,geo_g12,geometry,geo_g12,geo_g12,True,primary_geometry_candidate,,675,23,0.621621621622,,forward_ordered_phase,v4_phone_rear_26mm,True,398.53189,73.448334,0,132,0.24620056,46.255737,0.96672348,observed_content_signal
IMG20260912150607.jpg,a1d979273aa7cb934972a823194543736ccf0f237dd6726e16a04bb010c2812c,4100202,3072,4080,JPEG,1,OPPO,OPPO Reno12 F,,,,,,,,,,,2026:09:12 15:06:07,geo_g12,geometry,geo_g12,geo_g12,True,primary_geometry_candidate,,676,24,0.648648648649,,forward_ordered_phase,v4_phone_rear_26mm,True,405.89185,74.14827,0,131,0.24623108,46.65963,1.0039449,observed_content_signal
IMG20260912150609.jpg,dab9bec60a56cc27b1dfd5fb78e8fb2bec61e157f1578aad46000887960a775a,4090548,3072,4080,JPEG,1,OPPO,OPPO Reno12 F,,,,,,,,,,,2026:09:12 15:06:09,geo_g12,geometry,geo_g12,geo_g12,True,primary_geometry_candidate,,677,25,0.675675675676,,forward_ordered_phase,v4_phone_rear_26mm,True,401.34888,74.668137,0,131,0.24620056,46.917393,1.0032524,observed_content_signal
IMG20260912150610.jpg,a91b625812449dc5ec444dce8aa74f5b513dad1a34423b779a3a6f7e26ab656c,4093095,3072,4080,JPEG,1,OPPO,OPPO Reno12 F,,,,,,,,,,,2026:09:12 15:06:10,geo_g12,geometry,geo_g12,geo_g12,True,primary_geometry_candidate,,678,26,0.702702702703,,forward_ordered_phase,v4_phone_rear_26mm,True,399.77002,75.20372,0,131,0.24621582,47.18605,0.98906749,observed_content_signal
IMG20260912150612.jpg,e4747bf92c7ff99535bf44d083a342c54e13dbd8b8e976d360d1ac7d440e8e99,4077842,3072,4080,JPEG,1,OPPO,OPPO Reno12 F,,,,,,,,,,,2026:09:12 15:06:12,geo_g12,geometry,geo_g12,geo_g12,True,primary_geometry_candidate,,679,27,0.729729729730,,forward_ordered_phase,v4_phone_rear_26mm,True,393.02603,75.219437,0,131,0.24617004,47.218117,1.0004614,observed_content_signal
IMG20260912150613.jpg,6d354c0a3a94b57c9531191dbd50b2fe1bec20ff622199a91f227af3bace119f,4080536,3072,4080,JPEG,1,OPPO,OPPO Reno12 F,,,,,,,,,,,2026:09:12 15:06:13,geo_g12,geometry,geo_g12,geo_g12,True,primary_geometry_candidate,,680,28,0.756756756757,,forward_ordered_phase,v4_phone_rear_26mm,True,390.91226,74.959244,0,132,0.24620056,47.094845,0.9964962,observed_content_signal
IMG20260912150615.jpg,7325c265019f36257fa6f2290020aba1dca72bb50e0613e5566c18ba18dc3532,4092914,3072,4080,JPEG,1,OPPO,OPPO Reno12 F,,,,,,,,,,,2026:09:12 15:06:15,geo_g12,geometry,geo_g12,geo_g12,True,primary_geometry_candidate,,681,29,0.783783783784,,forward_ordered_phase,v4_phone_rear_26mm,True,391.69055,74.737305,0,132,0.24613953,46.930382,0.99878002,observed_content_signal
IMG20260912150617.jpg,429fbec7bab79622417625e65b73e1072e1ec0b4e1af9b63708a8e60bb661c04,4084266,3072,4080,JPEG,1,OPPO,OPPO Reno12 F,,,,,,,,,,,2026:09:12 15:06:17,geo_g12,geometry,geo_g12,geo_g12,True,primary_geometry_candidate,,682,30,0.810810810811,,forward_ordered_phase,v4_phone_rear_26mm,True,400.43796,73.919678,0,132,0.24613953,46.525791,0.96363728,observed_content_signal
IMG20260912150619.jpg,a8d624d2257f8767c699ca81158466ab34ad52394c3d33213f14a4efc787de05,4087495,3072,4080,JPEG,1,OPPO,OPPO Reno12 F,,,,,,,,,,,2026:09:12 15:06:19,geo_g12,geometry,geo_g12,geo_g12,True,primary_geometry_candidate,,683,31,0.837837837838,,forward_ordered_phase,v4_phone_rear_26mm,True,398.46805,73.368729,0,133,0.24609375,46.341362,0.93975404,observed_content_signal
IMG20260912150620.jpg,9f175733c65c19135f58c636d3f6f9c075cecaf43dd3834ab2993c1395584e63,4077338,3072,4080,JPEG,1,OPPO,OPPO Reno12 F,,,,,,,,,,,2026:09:12 15:06:20,geo_g12,geometry,geo_g12,geo_g12,True,primary_geometry_candidate,,684,32,0.864864864865,,forward_ordered_phase,v4_phone_rear_26mm,True,400.56772,72.568161,0,133,0.24610901,46.036587,0.90454843,observed_content_signal
IMG20260912150622.jpg,075ae9cd452a3a364f8e52060a4fddc55db9489e31561e9d157bd7bc209fb400,4083768,3072,4080,JPEG,1,OPPO,OPPO Reno12 F,,,,,,,,,,,2026:09:12 15:06:22,geo_g12,geometry,geo_g12,geo_g12,True,primary_geometry_candidate,,685,33,0.891891891892,,forward_ordered_phase,v4_phone_rear_26mm,True,390.11954,71.671661,0,133,0.24610901,45.558186,0.86657291,observed_content_signal
IMG20260912150624.jpg,29025a97c31a9f482d760f44fdf51e73c3b11f1ecf77708d20e4b0ff5915f3c7,4072985,3072,4080,JPEG,1,OPPO,OPPO Reno12 F,,,,,,,,,,,2026:09:12 15:06:24,geo_g12,geometry,geo_g12,geo_g12,True,primary_geometry_candidate,,686,34,0.918918918919,,forward_ordered_phase,v4_phone_rear_26mm,True,390.81384,70.944778,0,133,0.24609375,45.050827,0.83108118,observed_content_signal
IMG20260912150627.jpg,5ff11fefc722c988369e894b99c59fd64ab33805745e4fa5642fc10bd0be5f6c,4067197,3072,4080,JPEG,1,OPPO,OPPO Reno12 F,,,,,,,,,,,2026:09:12 15:06:27,geo_g12,geometry,geo_g12,geo_g12,True,primary_geometry_candidate,,687,35,0.945945945946,,forward_ordered_phase,v4_phone_rear_26mm,True,379.68884,69.371841,0,129,0.24610901,44.415394,0.79306235,observed_content_signal
IMG20260912150627_01.jpg,f9c4d9d957b0e5b3ea9bcd4eb3f714d749d22ad7257b4129a6503f59f321c399,4085134,3072,4080,JPEG,1,OPPO,OPPO Reno12 F,,,,,,,,,,,2026:09:12 15:06:27,geo_g12,geometry,geo_g12,geo_g12,True,primary_geometry_candidate,,688,36,0.972972972973,,forward_ordered_phase,v4_phone_rear_26mm,True,398.26367,71.147034,0,131,0.24610901,45.119125,0.81960811,observed_content_signal
